time,temperature_2m_mean,relative_humidity_2m_mean,vapor_pressure_deficit_max,soil_temperature_0_to_7cm_mean,soil_moisture_0_to_7cm_mean,rain_sum
1970-01-01,5.7,77,0.62,5.5,0.28,0.0
1970-01-02,5.6,72,0.98,5.9,0.275,0.0
1970-01-03,5.8,72,0.77,5.8,0.27,0.0
1970-01-04,5.5,73,0.74,5.2,0.265,0.0
1970-01-05,4.7,72,0.76,5.0,0.261,0.0
1970-01-06,4.6,73,0.75,4.8,0.257,0.0
1970-01-07,7.7,67,1.22,7.7,0.253,0.0
1970-01-08,9.4,66,0.9,8.7,0.249,0.0
1970-01-09,11.0,77,0.52,9.7,0.324,7.7
1970-01-10,11.6,86,0.68,11.3,0.383,2.0
1970-01-11,10.1,90,0.32,10.2,0.368,12.6
1970-01-12,10.9,90,0.51,10.9,0.387,2.9
1970-01-13,10.2,90,0.53,10.5,0.361,4.4
1970-01-14,11.0,93,0.18,10.7,0.412,31.7
1970-01-15,9.3,92,0.34,9.7,0.4,0.0
1970-01-16,12.5,93,0.16,11.5,0.428,39.3
1970-01-17,11.4,89,0.48,11.8,0.421,9.8
1970-01-18,10.7,85,0.68,10.7,0.392,0.0
1970-01-19,10.7,87,0.57,10.4,0.378,0.2
1970-01-20,13.0,87,0.59,12.3,0.383,1.5
1970-01-21,13.7,88,0.42,12.7,0.371,0.5
1970-01-22,14.0,87,0.66,13.4,0.362,0.0
1970-01-23,14.2,85,0.89,13.7,0.355,1.9
1970-01-24,12.7,84,0.57,13.1,0.4,13.1
1970-01-25,9.2,80,0.72,10.4,0.374,0.0
1970-01-26,9.2,83,0.69,9.8,0.36,0.0
1970-01-27,10.5,83,0.62,10.7,0.38,9.0
1970-01-28,7.2,71,0.72,9.2,0.366,0.0
1970-01-29,7.7,72,0.9,8.3,0.351,0.0
1970-01-30,7.2,77,0.58,7.9,0.342,0.0
1970-01-31,7.0,77,0.63,7.7,0.335,0.0
1970-02-01,8.3,77,0.68,8.7,0.328,0.0
1970-02-02,8.0,79,0.69,8.6,0.322,0.0
1970-02-03,9.0,77,0.86,9.0,0.316,0.0
1970-02-04,10.0,81,0.75,9.7,0.311,0.0
1970-02-05,9.7,82,0.83,9.9,0.306,0.0
1970-02-06,10.3,84,0.74,10.9,0.301,0.0
1970-02-07,11.0,85,0.85,11.2,0.296,0.0
1970-02-08,11.7,78,1.02,11.8,0.291,0.0
1970-02-09,11.7,76,0.83,11.6,0.287,0.1
1970-02-10,12.6,88,0.56,12.4,0.352,5.2
1970-02-11,14.0,85,0.8,13.5,0.36,0.5
1970-02-12,13.0,85,0.8,13.1,0.346,1.5
1970-02-13,10.3,89,0.36,11.2,0.355,6.4
1970-02-14,10.0,81,0.76,10.9,0.355,1.9
1970-02-15,10.6,78,1.1,10.9,0.335,0.0
1970-02-16,12.1,69,1.58,11.9,0.321,1.4
1970-02-17,11.2,70,1.0,12.4,0.381,12.7
1970-02-18,8.2,76,0.65,10.5,0.352,0.0
1970-02-19,8.6,60,1.06,9.5,0.336,0.0
1970-02-20,8.7,59,1.15,9.1,0.324,0.0
1970-02-21,10.2,74,0.86,10.7,0.318,0.1
1970-02-22,10.6,68,1.15,10.7,0.311,0.0
1970-02-23,10.9,69,1.01,10.9,0.302,0.0
1970-02-24,12.4,73,1.44,11.9,0.295,0.0
1970-02-25,13.0,68,1.49,12.4,0.287,0.0
1970-02-26,12.8,75,1.21,12.6,0.28,0.0
1970-02-27,13.0,73,1.44,12.9,0.274,0.0
1970-02-28,11.2,85,0.37,11.6,0.326,11.6
1970-03-01,11.0,88,0.39,11.3,0.42,21.2
1970-03-02,9.3,73,0.9,10.9,0.396,0.4
1970-03-03,9.0,69,0.93,10.5,0.372,0.0
1970-03-04,7.7,83,0.42,8.5,0.386,19.4
1970-03-05,6.4,86,0.42,8.7,0.399,0.5
1970-03-06,9.3,78,0.99,9.9,0.38,0.0
1970-03-07,11.2,76,1.14,11.3,0.365,0.0
1970-03-08,11.6,80,0.77,11.7,0.355,0.1
1970-03-09,9.2,77,0.6,10.4,0.349,0.0
1970-03-10,9.3,71,0.91,10.5,0.369,3.2
1970-03-11,9.2,71,0.79,9.7,0.353,0.0
1970-03-12,11.9,71,0.95,11.5,0.341,0.0
1970-03-13,14.6,74,1.32,13.8,0.329,0.0
1970-03-14,14.8,76,1.14,14.5,0.317,0.0
1970-03-15,13.3,71,1.19,14.2,0.305,0.0
1970-03-16,13.9,69,1.15,14.1,0.295,0.0
1970-03-17,13.0,62,1.26,13.6,0.286,0.0
1970-03-18,11.2,52,1.17,12.7,0.275,0.0
1970-03-19,11.9,51,1.59,12.6,0.267,0.0
1970-03-20,11.7,58,1.39,12.6,0.257,0.0
1970-03-21,13.2,59,1.55,13.2,0.249,0.0
1970-03-22,14.2,68,1.44,14.3,0.24,0.0
1970-03-23,15.4,71,1.61,15.8,0.233,0.0
1970-03-24,16.8,68,1.8,16.7,0.224,0.0
1970-03-25,17.7,66,1.7,17.6,0.216,0.0
1970-03-26,16.9,52,2.06,17.1,0.207,0.0
1970-03-27,15.4,34,2.13,16.5,0.197,0.0
1970-03-28,15.6,48,2.09,16.2,0.19,0.0
1970-03-29,15.3,44,1.77,15.9,0.183,0.0
1970-03-30,13.1,41,1.52,14.3,0.177,0.0
1970-03-31,13.1,43,1.85,14.0,0.173,0.0
1970-04-01,12.9,38,1.83,14.2,0.168,0.0
1970-04-02,14.6,45,1.89,15.2,0.164,0.0
1970-04-03,16.3,49,2.14,16.8,0.16,0.0
1970-04-04,17.4,44,2.58,17.8,0.155,0.0
1970-04-05,17.7,49,2.68,18.5,0.151,0.0
1970-04-06,17.7,46,2.81,18.7,0.147,0.0
1970-04-07,15.1,47,1.74,18.1,0.144,0.0
1970-04-08,15.6,39,2.22,17.9,0.141,0.0
1970-04-09,16.6,46,2.27,18.6,0.139,0.0
1970-04-10,18.0,54,2.22,19.5,0.137,0.0
1970-04-11,16.2,42,2.27,18.9,0.136,0.0
1970-04-12,15.9,32,2.19,18.3,0.135,0.0
1970-04-13,11.2,50,1.18,15.9,0.143,6.3
1970-04-14,9.8,62,1.14,13.9,0.181,2.9
1970-04-15,11.5,54,1.45,14.7,0.178,0.0
1970-04-16,13.2,48,1.62,16.0,0.169,0.4
1970-04-17,13.9,49,1.69,16.3,0.163,0.2
1970-04-18,15.2,47,1.94,17.3,0.156,0.0
1970-04-19,14.2,48,1.68,16.7,0.151,0.0
1970-04-20,13.5,37,1.87,16.6,0.146,0.0
1970-04-21,11.4,53,1.2,15.7,0.147,1.8
1970-04-22,12.1,53,1.54,15.3,0.157,0.4
1970-04-23,13.9,48,2.02,16.7,0.151,0.0
1970-04-24,15.3,47,2.18,17.9,0.145,0.0
1970-04-25,16.6,46,2.29,19.1,0.14,0.0
1970-04-26,11.1,63,0.99,15.1,0.146,2.9
1970-04-27,9.8,55,1.25,13.9,0.18,1.4
1970-04-28,10.6,50,1.54,13.9,0.177,0.0
1970-04-29,12.9,40,1.87,15.0,0.168,0.0
1970-04-30,16.1,46,2.1,17.7,0.159,0.0
1970-05-01,19.0,49,2.93,20.4,0.151,0.0
1970-05-02,22.0,43,3.7,22.8,0.143,0.0
1970-05-03,23.6,39,4.03,24.4,0.137,0.0
1970-05-04,23.9,34,4.07,25.1,0.133,0.0
1970-05-05,21.2,41,2.96,24.6,0.131,0.0
1970-05-06,15.8,45,1.84,21.4,0.129,0.0
1970-05-07,15.4,53,1.88,20.1,0.129,0.0
1970-05-08,17.1,49,1.92,20.7,0.128,0.0
1970-05-09,18.3,53,2.34,21.7,0.128,0.0
1970-05-10,15.6,39,2.01,19.9,0.127,0.0
1970-05-11,15.8,31,2.37,20.0,0.127,0.0
1970-05-12,16.4,38,2.47,20.3,0.126,0.0
1970-05-13,19.5,37,2.42,22.2,0.126,0.0
1970-05-14,21.6,39,3.18,24.4,0.126,0.0
1970-05-15,25.4,38,4.76,27.1,0.125,0.0
1970-05-16,28.2,36,5.52,29.3,0.125,0.0
1970-05-17,27.9,28,5.33,29.6,0.124,0.0
1970-05-18,25.5,30,4.18,28.9,0.124,0.0
1970-05-19,21.8,34,3.24,26.9,0.124,0.0
1970-05-20,18.5,39,2.55,24.3,0.124,0.0
1970-05-21,21.5,41,3.3,25.5,0.124,0.0
1970-05-22,24.8,35,4.24,27.6,0.124,0.0
1970-05-23,25.7,34,4.44,28.4,0.124,0.0
1970-05-24,26.8,28,4.52,29.3,0.124,0.0
1970-05-25,25.9,33,4.28,29.3,0.124,0.0
1970-05-26,25.0,36,3.79,29.0,0.124,0.0
1970-05-27,22.8,35,3.47,27.5,0.124,0.0
1970-05-28,21.2,34,3.26,26.4,0.124,0.0
1970-05-29,23.2,38,3.78,27.1,0.124,0.0
1970-05-30,25.5,34,4.29,28.8,0.124,0.0
1970-05-31,29.1,29,5.84,31.1,0.124,0.0
1970-06-01,30.1,32,5.86,32.6,0.124,0.0
1970-06-02,30.2,31,5.9,33.3,0.124,0.0
1970-06-03,30.0,31,5.67,32.8,0.124,0.0
1970-06-04,29.6,29,5.82,33.1,0.124,0.0
1970-06-05,28.2,34,4.54,32.5,0.124,0.0
1970-06-06,26.9,36,4.21,31.5,0.124,0.0
1970-06-07,26.4,36,4.06,31.2,0.124,0.0
1970-06-08,21.3,36,2.16,26.4,0.124,0.0
1970-06-09,20.5,45,2.02,25.6,0.124,0.0
1970-06-10,19.6,48,2.39,24.8,0.124,0.0
1970-06-11,22.0,37,3.21,26.4,0.124,0.0
1970-06-12,21.5,35,2.91,26.0,0.124,0.0
1970-06-13,21.5,38,2.6,26.3,0.125,0.1
1970-06-14,21.2,41,2.48,26.2,0.126,0.0
1970-06-15,21.7,44,2.97,26.8,0.125,0.0
1970-06-16,23.0,40,3.33,28.0,0.124,0.0
1970-06-17,22.2,43,3.19,27.6,0.124,0.0
1970-06-18,24.8,40,3.91,29.1,0.124,0.0
1970-06-19,28.4,38,4.78,31.8,0.124,0.0
1970-06-20,30.6,33,5.62,33.5,0.124,0.0
1970-06-21,30.4,30,5.56,34.0,0.124,0.0
1970-06-22,31.5,32,6.01,34.9,0.124,0.0
1970-06-23,30.1,33,5.15,34.7,0.124,0.0
1970-06-24,28.9,37,5.04,33.7,0.124,0.0
1970-06-25,28.0,40,4.62,31.7,0.124,0.0
1970-06-26,27.8,39,4.05,32.2,0.124,0.0
1970-06-27,22.9,41,3.25,29.6,0.125,3.1
1970-06-28,21.8,44,2.61,27.7,0.124,0.0
1970-06-29,21.2,41,2.9,26.8,0.124,0.0
1970-06-30,24.4,31,4.11,28.5,0.124,0.0
1970-07-01,27.6,27,5.21,30.9,0.124,0.0
1970-07-02,30.3,29,6.19,33.4,0.124,0.0
1970-07-03,32.0,27,6.7,34.9,0.124,0.0
1970-07-04,33.3,25,6.89,36.4,0.124,0.0
1970-07-05,33.1,24,6.48,36.8,0.123,0.0
1970-07-06,30.6,28,5.57,35.3,0.123,0.0
1970-07-07,30.2,31,5.55,35.0,0.123,0.0
1970-07-08,30.2,32,5.23,34.9,0.123,0.0
1970-07-09,28.4,39,3.7,32.1,0.123,0.0
1970-07-10,30.1,37,4.81,34.4,0.124,0.0
1970-07-11,28.6,39,4.44,33.9,0.124,0.0
1970-07-12,29.1,35,4.98,34.0,0.124,0.0
1970-07-13,29.8,31,5.37,34.4,0.124,0.0
1970-07-14,30.7,30,5.44,35.2,0.124,0.0
1970-07-15,29.5,29,4.81,34.8,0.124,0.0
1970-07-16,26.2,33,4.19,32.1,0.124,0.0
1970-07-17,27.3,36,4.74,32.4,0.124,0.0
1970-07-18,30.6,31,5.89,34.6,0.124,0.0
1970-07-19,32.3,27,6.52,36.0,0.124,0.0
1970-07-20,33.2,25,6.91,37.0,0.123,0.0
1970-07-21,31.1,26,5.37,36.1,0.123,0.0
1970-07-22,28.8,31,4.61,34.6,0.123,0.0
1970-07-23,28.7,33,4.75,34.3,0.123,0.0
1970-07-24,29.2,35,4.89,34.6,0.123,0.0
1970-07-25,29.3,37,4.69,34.6,0.123,0.0
1970-07-26,29.6,36,4.66,34.9,0.123,0.0
1970-07-27,29.8,35,4.78,35.2,0.123,0.0
1970-07-28,29.1,33,4.83,34.7,0.123,0.0
1970-07-29,29.4,31,4.98,34.4,0.123,0.0
1970-07-30,27.2,28,4.4,32.9,0.123,0.0
1970-07-31,25.8,30,4.18,31.5,0.123,0.0
1970-08-01,25.8,33,4.36,31.1,0.123,0.0
1970-08-02,27.3,32,4.74,32.0,0.123,0.0
1970-08-03,29.5,30,5.22,33.6,0.123,0.0
1970-08-04,27.9,33,4.5,33.4,0.123,0.0
1970-08-05,26.4,35,4.27,31.9,0.123,0.0
1970-08-06,27.2,34,4.69,31.8,0.123,0.0
1970-08-07,28.2,33,4.98,32.4,0.123,0.0
1970-08-08,28.5,29,5.41,32.9,0.123,0.0
1970-08-09,29.9,29,6.08,33.9,0.123,0.0
1970-08-10,31.0,29,6.41,34.5,0.123,0.0
1970-08-11,31.6,29,6.33,35.4,0.123,0.0
1970-08-12,31.1,26,5.79,35.5,0.123,0.0
1970-08-13,30.2,27,5.52,35.0,0.123,0.0
1970-08-14,29.2,31,5.44,34.2,0.123,0.0
1970-08-15,29.2,34,5.2,34.2,0.123,0.0
1970-08-16,29.9,36,5.14,34.6,0.123,0.0
1970-08-17,30.6,33,4.98,35.2,0.123,0.0
1970-08-18,29.8,33,4.68,34.8,0.123,0.0
1970-08-19,29.2,32,4.72,34.3,0.123,0.0
1970-08-20,27.7,30,4.42,33.0,0.123,0.0
1970-08-21,26.9,34,4.34,32.3,0.123,0.0
1970-08-22,27.2,33,4.51,32.0,0.123,0.0
1970-08-23,26.6,35,4.3,31.6,0.123,0.0
1970-08-24,26.9,32,4.96,31.3,0.123,0.0
1970-08-25,26.9,30,4.59,31.4,0.123,0.0
1970-08-26,25.5,35,4.01,30.7,0.123,0.0
1970-08-27,26.6,37,4.04,31.5,0.123,0.0
1970-08-28,26.8,37,3.86,31.8,0.123,0.0
1970-08-29,26.9,38,3.77,32.0,0.123,0.0
1970-08-30,24.8,42,3.21,30.5,0.123,0.0
1970-08-31,25.2,41,3.59,30.2,0.123,0.0
1970-09-01,25.5,38,4.01,30.0,0.123,0.0
1970-09-02,24.9,31,4.02,29.7,0.123,0.0
1970-09-03,24.9,34,3.96,29.7,0.123,0.0
1970-09-04,22.0,41,2.88,27.3,0.123,0.0
1970-09-05,21.5,31,3.04,26.4,0.123,0.0
1970-09-06,22.8,33,3.56,27.4,0.123,0.0
1970-09-07,26.2,35,4.6,29.6,0.123,0.0
1970-09-08,27.9,36,4.71,31.3,0.123,0.0
1970-09-09,28.2,33,5.23,31.6,0.123,0.0
1970-09-10,28.4,31,5.53,31.7,0.123,0.0
1970-09-11,27.8,30,5.03,31.6,0.123,0.0
1970-09-12,26.8,32,4.36,30.8,0.123,0.0
1970-09-13,20.5,32,2.87,27.0,0.123,0.0
1970-09-14,20.0,33,2.99,25.5,0.123,0.0
1970-09-15,20.8,26,3.4,25.2,0.123,0.0
1970-09-16,22.9,32,4.05,26.3,0.124,0.0
1970-09-17,25.1,30,4.76,27.8,0.124,0.0
1970-09-18,25.7,31,4.54,28.5,0.124,0.0
1970-09-19,23.2,43,3.13,27.6,0.124,0.0
1970-09-20,20.6,37,2.92,25.4,0.124,0.0
1970-09-21,20.4,48,2.62,25.0,0.124,0.0
1970-09-22,22.1,39,3.46,25.8,0.124,0.0
1970-09-23,24.2,37,4.05,26.9,0.124,0.0
1970-09-24,22.7,37,3.56,26.4,0.124,0.0
1970-09-25,24.3,28,3.93,26.6,0.124,0.0
1970-09-26,24.0,35,4.07,26.7,0.124,0.0
1970-09-27,24.8,34,4.57,27.2,0.124,0.0
1970-09-28,25.5,34,5.05,27.8,0.124,0.0
1970-09-29,25.4,29,4.51,27.7,0.124,0.0
1970-09-30,24.4,34,3.91,27.2,0.124,0.0
1970-10-01,23.8,37,3.96,26.8,0.124,0.0
1970-10-02,24.6,36,4.34,27.1,0.124,0.0
1970-10-03,24.7,30,3.96,27.1,0.124,0.0
1970-10-04,24.2,39,3.13,26.8,0.124,0.0
1970-10-05,22.9,39,3.26,26.5,0.124,0.0
1970-10-06,20.0,40,2.79,24.5,0.124,0.0
1970-10-07,17.8,40,2.4,22.2,0.124,0.0
1970-10-08,18.5,36,2.85,22.0,0.124,0.0
1970-10-09,20.2,33,3.1,22.6,0.124,0.0
1970-10-10,20.5,37,2.9,23.2,0.124,0.0
1970-10-11,22.1,42,3.46,24.1,0.124,0.0
1970-10-12,21.3,46,2.64,24.3,0.124,0.0
1970-10-13,20.3,52,2.4,24.0,0.124,0.0
1970-10-14,19.8,51,2.36,23.3,0.124,0.0
1970-10-15,19.4,52,2.36,23.0,0.124,0.0
1970-10-16,19.4,52,2.56,22.8,0.124,0.0
1970-10-17,19.0,54,2.49,22.4,0.124,0.0
1970-10-18,17.5,56,1.93,20.6,0.124,0.0
1970-10-19,17.5,59,1.97,21.0,0.124,0.0
1970-10-20,17.0,54,1.51,19.9,0.124,0.0
1970-10-21,17.2,51,1.65,20.5,0.124,0.0
1970-10-22,16.7,55,1.54,19.7,0.131,1.5
1970-10-23,16.8,56,1.76,18.9,0.133,3.8
1970-10-24,14.3,61,1.64,17.8,0.149,0.0
1970-10-25,15.0,49,1.75,17.8,0.145,0.0
1970-10-26,13.2,60,1.33,16.4,0.141,0.0
1970-10-27,13.4,49,1.76,16.2,0.139,0.0
1970-10-28,14.6,48,2.17,16.4,0.136,0.0
1970-10-29,15.2,51,2.16,16.5,0.135,0.0
1970-10-30,16.0,40,2.44,16.8,0.133,0.0
1970-10-31,15.3,40,2.35,16.7,0.132,0.0
1970-11-01,16.3,49,2.23,17.3,0.131,0.0
1970-11-02,17.4,47,2.72,18.1,0.13,0.0
1970-11-03,17.9,42,2.75,18.4,0.129,0.0
1970-11-04,15.4,66,0.93,16.4,0.169,4.3
1970-11-05,16.4,76,0.8,16.6,0.219,10.0
1970-11-06,14.9,77,1.31,15.9,0.232,2.8
1970-11-07,12.9,77,1.16,15.2,0.266,4.1
1970-11-08,13.8,68,1.15,14.5,0.247,0.0
1970-11-09,14.5,76,1.08,15.3,0.237,4.0
1970-11-10,14.3,83,0.94,15.7,0.234,0.0
1970-11-11,15.3,74,1.31,16.0,0.223,0.0
1970-11-12,13.9,73,1.09,15.7,0.214,0.5
1970-11-13,11.6,67,1.04,13.3,0.205,0.0
1970-11-14,14.2,60,1.96,14.6,0.197,0.0
1970-11-15,14.2,56,2.29,14.7,0.189,0.0
1970-11-16,13.2,58,1.74,14.1,0.181,0.0
1970-11-17,12.7,70,1.45,14.0,0.175,0.0
1970-11-18,12.4,66,1.32,13.5,0.17,0.0
1970-11-19,12.0,64,1.36,13.2,0.166,0.0
1970-11-20,12.9,63,1.66,13.5,0.162,0.0
1970-11-21,12.4,61,1.64,13.6,0.159,0.0
1970-11-22,12.8,64,1.12,13.0,0.156,0.0
1970-11-23,12.5,74,1.23,13.7,0.153,0.0
1970-11-24,13.1,74,1.24,13.8,0.151,0.0
1970-11-25,13.8,78,0.59,13.6,0.16,14.8
1970-11-26,11.7,79,0.65,13.3,0.336,19.5
1970-11-27,9.4,63,0.92,11.1,0.299,0.0
1970-11-28,12.1,74,0.88,11.9,0.348,10.8
1970-11-29,11.0,86,0.35,11.8,0.394,23.6
1970-11-30,9.6,86,0.43,10.9,0.366,2.5
1970-12-01,11.3,84,0.54,11.8,0.371,6.3
1970-12-02,10.3,81,0.58,11.7,0.398,13.0
1970-12-03,7.4,70,0.83,9.0,0.368,0.0
1970-12-04,9.7,67,0.87,9.8,0.349,0.0
1970-12-05,10.8,82,0.64,10.4,0.338,0.0
1970-12-06,11.0,89,0.62,11.6,0.329,0.0
1970-12-07,12.0,84,0.8,12.0,0.323,0.5
1970-12-08,11.8,86,0.81,11.9,0.341,18.8
1970-12-09,10.7,82,0.71,12.0,0.382,5.3
1970-12-10,8.1,83,0.55,9.6,0.356,0.0
1970-12-11,8.0,82,0.61,8.9,0.343,0.0
1970-12-12,6.9,88,0.47,8.2,0.334,0.0
1970-12-13,6.5,87,0.51,7.8,0.328,0.7
1970-12-14,5.3,87,0.35,7.3,0.325,0.0
1970-12-15,6.3,80,0.62,7.3,0.319,0.0
1970-12-16,9.8,83,0.37,9.6,0.381,16.6
1970-12-17,6.3,86,0.33,8.4,0.39,8.2
1970-12-18,4.7,90,0.16,6.3,0.405,13.8
1970-12-19,6.9,83,0.57,7.7,0.406,2.6
1970-12-20,6.5,81,0.58,6.7,0.383,2.7
1970-12-21,7.4,87,0.33,8.2,0.417,15.1
1970-12-22,6.0,86,0.43,7.2,0.393,0.0
1970-12-23,6.3,81,0.58,6.9,0.376,0.0
1970-12-24,5.5,83,0.48,6.8,0.363,0.0
1970-12-25,5.4,84,0.56,6.2,0.354,0.0
1970-12-26,5.6,86,0.45,6.1,0.349,0.7
1970-12-27,7.2,89,0.33,7.3,0.383,3.7
1970-12-28,7.0,85,0.51,7.2,0.368,0.0
1970-12-29,7.0,82,0.59,7.1,0.354,0.1
1970-12-30,6.6,88,0.46,7.1,0.345,0.0
1970-12-31,7.0,89,0.42,7.2,0.337,0.0
1971-01-01,7.0,90,0.38,7.5,0.334,0.4
1971-01-02,6.1,69,0.68,7.5,0.385,4.7
1971-01-03,2.2,50,0.57,3.8,0.356,0.0
1971-01-04,1.9,63,0.51,2.6,0.344,0.0
1971-01-05,1.9,68,0.46,2.1,0.336,0.0
1971-01-06,2.3,71,0.58,2.2,0.33,0.0
1971-01-07,2.6,67,0.59,2.7,0.324,0.0
1971-01-08,3.3,69,0.54,3.2,0.319,0.0
1971-01-09,4.8,73,0.65,4.3,0.314,0.0
1971-01-10,6.0,77,0.65,5.6,0.309,0.0
1971-01-11,7.2,86,0.45,6.6,0.31,2.6
1971-01-12,6.9,89,0.34,7.8,0.388,11.6
1971-01-13,6.2,89,0.34,7.0,0.398,6.3
1971-01-14,7.1,82,0.78,7.6,0.379,0.4
1971-01-15,7.8,77,0.91,7.7,0.36,0.0
1971-01-16,9.3,77,0.57,8.2,0.351,0.0
1971-01-17,10.9,84,0.63,9.8,0.343,0.0
1971-01-18,12.5,94,0.42,11.8,0.338,0.0
1971-01-19,12.1,93,0.43,11.8,0.334,0.0
1971-01-20,12.1,89,0.61,12.2,0.329,0.0
1971-01-21,9.2,69,0.79,10.4,0.322,0.0
1971-01-22,6.8,70,0.68,8.2,0.314,0.0
1971-01-23,7.3,75,0.72,7.8,0.308,0.0
1971-01-24,8.5,78,0.77,8.1,0.303,0.0
1971-01-25,7.4,87,0.49,7.8,0.299,0.0
1971-01-26,7.8,86,0.76,8.2,0.295,0.0
1971-01-27,8.6,86,0.77,8.9,0.291,0.0
1971-01-28,8.8,85,0.86,9.2,0.286,0.0
1971-01-29,8.5,84,0.89,9.1,0.281,0.0
1971-01-30,8.6,82,0.98,9.3,0.277,0.0
1971-01-31,8.3,83,0.81,8.8,0.273,0.0
1971-02-01,8.6,85,0.64,9.2,0.27,0.0
1971-02-02,7.5,87,0.57,8.7,0.267,0.0
1971-02-03,6.8,79,0.68,8.4,0.263,0.0
1971-02-04,7.5,71,0.93,8.0,0.259,0.0
1971-02-05,8.5,70,0.8,8.3,0.254,0.0
1971-02-06,9.2,80,0.56,8.6,0.25,0.0
1971-02-07,9.3,83,0.71,9.5,0.248,0.0
1971-02-08,8.9,85,0.73,10.0,0.244,0.0
1971-02-09,9.4,84,0.82,10.3,0.24,0.0
1971-02-10,10.2,85,0.87,10.9,0.236,0.0
1971-02-11,11.9,82,0.92,11.8,0.232,0.0
1971-02-12,13.6,78,1.46,13.1,0.227,0.0
1971-02-13,13.2,79,1.19,13.2,0.222,0.0
1971-02-14,13.9,78,1.46,13.9,0.218,0.0
1971-02-15,13.2,76,0.79,13.8,0.218,1.3
1971-02-16,10.8,76,0.92,11.6,0.219,3.7
1971-02-17,10.4,76,0.86,11.3,0.225,2.1
1971-02-18,9.6,72,0.87,10.9,0.231,0.0
1971-02-19,8.8,64,0.93,10.0,0.245,3.9
1971-02-20,6.7,50,0.93,8.9,0.245,0.0
1971-02-21,8.4,62,1.13,9.4,0.235,0.0
1971-02-22,9.7,68,0.99,10.7,0.227,1.4
1971-02-23,9.4,71,0.94,10.7,0.23,0.6
1971-02-24,9.6,71,1.09,10.8,0.222,0.0
1971-02-25,8.4,54,1.02,10.0,0.214,0.0
1971-02-26,6.2,39,1.01,8.8,0.205,0.0
1971-02-27,5.5,58,0.75,7.6,0.202,1.4
1971-02-28,5.1,77,0.7,7.6,0.222,2.9
1971-03-01,6.0,57,0.97,7.5,0.233,0.1
1971-03-02,6.8,50,1.07,7.9,0.223,0.0
1971-03-03,9.3,57,1.22,9.4,0.213,0.0
1971-03-04,8.8,70,0.9,9.8,0.206,0.0
1971-03-05,8.0,55,1.12,9.8,0.199,0.0
1971-03-06,10.4,52,1.4,10.9,0.192,0.0
1971-03-07,11.7,59,1.71,12.2,0.185,0.0
1971-03-08,11.8,60,1.47,13.2,0.178,0.0
1971-03-09,11.8,64,1.47,13.2,0.172,0.0
1971-03-10,11.3,56,1.33,13.3,0.167,0.0
1971-03-11,13.5,62,1.42,14.5,0.163,0.0
1971-03-12,13.2,64,1.11,13.8,0.172,11.7
1971-03-13,10.6,68,1.06,12.6,0.318,4.4
1971-03-14,9.5,60,1.31,11.4,0.29,0.2
1971-03-15,12.0,63,1.31,12.8,0.265,0.0
1971-03-16,12.9,64,1.61,13.3,0.245,0.0
1971-03-17,12.6,61,1.36,13.9,0.228,0.0
1971-03-18,12.9,53,1.75,14.2,0.213,0.0
1971-03-19,14.8,61,1.99,15.1,0.2,0.0
1971-03-20,15.4,56,2.25,15.8,0.189,0.0
1971-03-21,15.8,50,2.38,16.2,0.178,0.0
1971-03-22,16.0,47,2.55,16.9,0.169,0.0
1971-03-23,13.6,68,1.71,14.8,0.167,0.9
1971-03-24,15.0,66,1.64,16.0,0.173,0.0
1971-03-25,15.1,65,1.42,15.8,0.17,0.1
1971-03-26,13.9,81,0.77,14.1,0.2,8.7
1971-03-27,13.1,61,1.36,14.6,0.231,0.0
1971-03-28,14.4,54,1.95,15.4,0.213,0.0
1971-03-29,17.6,53,2.46,17.3,0.197,0.0
1971-03-30,16.1,53,2.11,17.4,0.183,0.0
1971-03-31,12.9,41,1.76,15.8,0.171,0.0
1971-04-01,15.4,42,2.59,17.0,0.163,0.0
1971-04-02,16.4,50,2.54,17.7,0.155,0.0
1971-04-03,17.6,49,2.69,19.0,0.149,0.0
1971-04-04,19.7,46,3.32,20.5,0.143,0.0
1971-04-05,21.3,36,4.14,21.4,0.138,0.0
1971-04-06,17.6,47,2.29,19.2,0.135,0.2
1971-04-07,14.4,52,1.63,17.8,0.135,0.3
1971-04-08,13.5,46,1.86,17.4,0.133,0.0
1971-04-09,16.1,50,2.32,18.8,0.132,0.0
1971-04-10,16.4,46,1.89,19.2,0.131,0.0
1971-04-11,15.4,37,2.24,18.6,0.13,0.0
1971-04-12,17.3,38,2.65,19.9,0.129,0.0
1971-04-13,17.8,42,2.62,19.9,0.128,0.0
1971-04-14,16.4,53,1.74,18.8,0.135,0.1
1971-04-15,17.2,55,2.1,20.0,0.135,0.0
1971-04-16,16.6,51,2.46,20.2,0.132,0.0
1971-04-17,11.1,66,0.96,15.5,0.169,8.7
1971-04-18,12.4,50,1.61,15.3,0.194,0.0
1971-04-19,13.6,49,1.8,16.5,0.181,0.0
1971-04-20,12.3,53,1.43,15.5,0.17,0.0
1971-04-21,11.0,36,1.46,14.9,0.163,0.0
1971-04-22,12.8,42,1.82,15.9,0.155,0.0
1971-04-23,14.2,52,1.75,16.7,0.149,0.0
1971-04-24,12.1,40,1.76,15.9,0.144,0.0
1971-04-25,12.7,42,1.8,16.3,0.14,0.0
1971-04-26,15.2,40,2.05,18.2,0.137,0.0
1971-04-27,16.1,48,2.1,19.1,0.134,0.0
1971-04-28,17.2,48,2.29,20.6,0.132,0.0
1971-04-29,17.3,45,2.49,21.0,0.13,0.0
1971-04-30,19.5,41,3.07,22.5,0.129,0.0
1971-05-01,19.2,42,2.91,22.7,0.128,0.0
1971-05-02,16.8,47,1.85,20.9,0.13,1.0
1971-05-03,15.1,64,1.53,19.2,0.154,3.5
1971-05-04,15.1,57,1.53,18.2,0.157,1.2
1971-05-05,16.0,58,1.7,18.8,0.153,0.0
1971-05-06,14.2,67,0.87,16.6,0.172,4.8
1971-05-07,13.2,80,0.7,15.9,0.239,10.7
1971-05-08,14.3,69,1.29,16.2,0.28,0.5
1971-05-09,16.6,60,1.79,18.2,0.25,0.0
1971-05-10,19.5,58,2.3,20.8,0.219,0.0
1971-05-11,21.9,57,2.84,22.9,0.201,0.8
1971-05-12,21.3,51,2.74,23.1,0.198,0.0
1971-05-13,20.2,47,2.39,22.9,0.177,0.0
1971-05-14,21.1,47,2.88,23.8,0.163,0.0
1971-05-15,21.5,38,3.42,24.2,0.151,0.0
1971-05-16,18.1,31,2.55,21.9,0.143,0.0
1971-05-17,18.4,21,2.77,22.0,0.137,0.0
1971-05-18,20.1,25,3.13,23.2,0.134,0.0
1971-05-19,20.7,36,3.25,24.0,0.131,0.0
1971-05-20,20.3,41,3.06,24.5,0.129,0.0
1971-05-21,15.8,34,2.07,21.0,0.128,0.0
1971-05-22,18.2,38,2.51,22.5,0.128,0.0
1971-05-23,21.9,38,3.63,25.1,0.127,0.0
1971-05-24,24.7,34,4.2,27.4,0.126,0.0
1971-05-25,22.8,38,3.55,27.0,0.125,0.0
1971-05-26,16.7,49,1.74,21.6,0.128,0.7
1971-05-27,13.2,69,1.01,17.2,0.18,8.1
1971-05-28,16.3,55,1.95,19.1,0.195,0.0
1971-05-29,17.3,54,1.78,19.7,0.18,0.0
1971-05-30,17.7,51,2.34,21.3,0.167,0.3
1971-05-31,14.9,42,1.96,19.9,0.157,0.0
1971-06-01,15.7,47,2.06,20.5,0.148,0.0
1971-06-02,17.6,47,2.35,21.8,0.141,0.0
1971-06-03,19.2,44,2.56,23.4,0.136,0.0
1971-06-04,20.0,42,2.95,24.2,0.132,0.0
1971-06-05,22.6,41,3.42,26.1,0.13,0.0
1971-06-06,24.6,37,3.92,28.0,0.128,0.0
1971-06-07,24.1,34,3.9,28.2,0.127,0.0
1971-06-08,23.1,34,3.87,28.0,0.126,0.0
1971-06-09,18.7,43,2.0,24.0,0.125,0.0
1971-06-10,20.0,50,2.44,24.2,0.125,0.0
1971-06-11,23.1,43,3.5,27.1,0.125,0.0
1971-06-12,25.6,35,4.27,29.3,0.125,0.0
1971-06-13,24.4,30,3.92,28.5,0.124,0.0
1971-06-14,24.7,32,4.37,28.7,0.124,0.0
1971-06-15,28.1,28,5.56,30.7,0.124,0.0
1971-06-16,29.6,27,6.05,32.2,0.124,0.0
1971-06-17,29.2,26,5.85,32.3,0.124,0.0
1971-06-18,28.5,27,5.28,32.1,0.124,0.0
1971-06-19,27.1,35,4.65,31.7,0.124,0.0
1971-06-20,26.9,34,4.63,31.2,0.124,0.0
1971-06-21,28.6,30,5.41,32.4,0.124,0.0
1971-06-22,28.5,27,5.17,32.3,0.124,0.0
1971-06-23,26.5,34,4.43,31.1,0.124,0.0
1971-06-24,26.3,26,4.65,30.8,0.124,0.0
1971-06-25,26.1,31,4.41,30.6,0.124,0.0
1971-06-26,24.3,54,3.35,29.6,0.125,1.1
1971-06-27,23.7,45,3.48,28.9,0.13,0.0
1971-06-28,23.3,28,3.81,28.4,0.127,0.0
1971-06-29,24.2,32,3.99,29.0,0.125,0.0
1971-06-30,26.5,30,4.56,30.8,0.124,0.0
1971-07-01,27.4,29,4.89,31.7,0.124,0.0
1971-07-02,27.2,30,4.84,31.9,0.124,0.0
1971-07-03,26.4,33,4.55,31.6,0.124,0.0
1971-07-04,27.4,30,5.09,32.1,0.124,0.0
1971-07-05,27.9,30,5.2,32.4,0.124,0.0
1971-07-06,28.4,31,5.15,33.1,0.124,0.0
1971-07-07,27.9,31,4.82,33.0,0.124,0.0
1971-07-08,26.5,30,4.36,31.6,0.124,0.0
1971-07-09,26.1,39,4.23,31.0,0.124,0.0
1971-07-10,25.2,31,4.22,30.1,0.124,0.0
1971-07-11,25.3,27,4.44,30.1,0.124,0.0
1971-07-12,27.8,29,5.19,31.9,0.124,0.0
1971-07-13,30.2,27,6.22,33.6,0.124,0.0
1971-07-14,31.5,28,6.49,35.1,0.124,0.0
1971-07-15,31.2,28,5.95,35.4,0.123,0.0
1971-07-16,32.1,30,6.06,36.3,0.123,0.0
1971-07-17,31.5,30,5.25,36.1,0.123,0.0
1971-07-18,31.5,31,5.4,36.3,0.123,0.0
1971-07-19,31.9,29,5.99,36.3,0.123,0.0
1971-07-20,32.0,30,6.04,36.3,0.123,0.0
1971-07-21,31.5,32,5.78,36.0,0.123,0.0
1971-07-22,31.5,31,6.01,35.9,0.123,0.0
1971-07-23,30.8,24,6.05,35.2,0.123,0.0
1971-07-24,28.9,28,5.37,34.2,0.123,0.0
1971-07-25,28.9,30,5.14,34.0,0.123,0.0
1971-07-26,29.0,31,5.48,33.8,0.123,0.0
1971-07-27,29.1,30,5.48,34.0,0.123,0.0
1971-07-28,29.3,32,5.47,34.3,0.123,0.0
1971-07-29,29.3,35,5.35,34.0,0.123,0.0
1971-07-30,29.5,30,5.75,34.1,0.123,0.0
1971-07-31,30.4,26,6.04,34.6,0.123,0.0
1971-08-01,31.5,26,6.35,35.6,0.123,0.0
1971-08-02,33.1,27,6.89,36.8,0.123,0.0
1971-08-03,30.9,28,5.68,35.9,0.123,0.0
1971-08-04,30.5,31,5.39,35.5,0.123,0.0
1971-08-05,30.4,33,5.19,35.3,0.123,0.0
1971-08-06,30.6,33,5.53,35.3,0.123,0.0
1971-08-07,30.3,28,5.56,34.8,0.123,0.0
1971-08-08,30.0,27,5.88,34.3,0.123,0.0
1971-08-09,31.4,27,5.96,35.2,0.123,0.0
1971-08-10,32.7,33,6.34,36.5,0.123,0.0
1971-08-11,33.4,34,6.52,37.1,0.123,0.0
1971-08-12,32.4,34,5.53,36.9,0.123,0.0
1971-08-13,30.5,35,5.21,35.9,0.123,0.0
1971-08-14,29.2,31,5.38,34.5,0.123,0.0
1971-08-15,29.3,28,5.58,34.2,0.123,0.0
1971-08-16,29.2,26,5.7,33.7,0.123,0.0
1971-08-17,29.2,26,5.88,33.7,0.123,0.0
1971-08-18,28.7,29,5.29,33.6,0.123,0.0
1971-08-19,29.0,31,5.46,33.7,0.123,0.0
1971-08-20,26.8,35,4.39,32.3,0.123,0.0
1971-08-21,26.3,34,4.36,31.5,0.123,0.0
1971-08-22,25.8,45,3.96,30.7,0.123,0.0
1971-08-23,26.6,42,4.15,31.6,0.123,0.0
1971-08-24,28.7,39,4.3,32.3,0.123,0.0
1971-08-25,29.2,36,4.6,33.5,0.123,0.0
1971-08-26,29.2,34,4.66,33.8,0.123,0.0
1971-08-27,28.1,37,4.38,32.8,0.123,0.0
1971-08-28,26.1,38,4.07,31.1,0.123,0.0
1971-08-29,24.9,40,3.98,30.0,0.123,0.0
1971-08-30,23.5,43,3.17,28.8,0.123,0.0
1971-08-31,22.5,51,2.47,27.8,0.123,0.0
1971-09-01,22.7,42,3.31,27.7,0.123,0.0
1971-09-02,23.1,52,2.9,27.8,0.123,0.0
1971-09-03,23.4,38,3.64,28.1,0.123,0.0
1971-09-04,26.1,36,4.55,29.5,0.123,0.0
1971-09-05,26.8,38,4.67,30.7,0.123,0.0
1971-09-06,24.1,43,3.52,29.3,0.123,0.0
1971-09-07,23.5,41,3.61,28.4,0.123,0.0
1971-09-08,26.7,40,5.08,30.1,0.123,0.0
1971-09-09,28.2,36,4.88,31.7,0.123,0.0
1971-09-10,28.6,31,5.3,31.9,0.123,0.0
1971-09-11,27.6,31,4.76,31.3,0.123,0.0
1971-09-12,28.0,37,5.09,31.5,0.123,0.0
1971-09-13,30.3,33,5.74,32.6,0.123,0.0
1971-09-14,31.0,32,5.9,33.1,0.123,0.0
1971-09-15,30.3,35,5.76,33.1,0.123,0.0
1971-09-16,29.0,36,5.65,32.4,0.123,0.0
1971-09-17,26.1,37,4.22,30.7,0.123,0.0
1971-09-18,24.7,40,3.8,29.5,0.123,0.0
1971-09-19,25.3,36,4.16,29.1,0.123,0.0
1971-09-20,24.1,37,3.75,28.3,0.123,0.0
1971-09-21,22.7,41,3.09,27.4,0.123,0.0
1971-09-22,22.8,45,3.43,27.3,0.123,0.0
1971-09-23,23.3,45,3.68,27.5,0.123,0.0
1971-09-24,21.3,54,2.45,26.3,0.123,0.0
1971-09-25,17.5,49,1.93,23.4,0.123,0.0
1971-09-26,17.1,50,1.96,22.2,0.123,0.0
1971-09-27,16.9,42,2.25,21.5,0.124,0.0
1971-09-28,16.9,42,2.24,21.2,0.124,0.0
1971-09-29,17.1,49,1.99,21.5,0.124,0.0
1971-09-30,15.3,54,1.57,20.0,0.147,0.9
1971-10-01,14.9,42,1.92,19.1,0.149,0.0
1971-10-02,16.8,41,2.36,20.0,0.143,0.0
1971-10-03,18.9,47,2.75,21.4,0.139,0.0
1971-10-04,20.2,48,3.06,22.6,0.135,0.0
1971-10-05,21.9,49,3.46,24.1,0.132,0.0
1971-10-06,23.4,47,3.64,25.3,0.13,0.0
1971-10-07,23.8,47,3.72,26.1,0.129,0.0
1971-10-08,23.9,47,3.35,25.9,0.128,0.0
1971-10-09,24.1,47,3.62,26.4,0.127,0.0
1971-10-10,23.4,42,3.64,25.9,0.126,0.0
1971-10-11,22.7,42,3.37,25.5,0.126,0.0
1971-10-12,23.3,45,3.43,25.7,0.125,0.0
1971-10-13,24.4,46,3.74,26.2,0.125,0.0
1971-10-14,22.6,44,2.98,25.2,0.125,0.0
1971-10-15,15.3,48,1.51,20.6,0.125,0.4
1971-10-16,11.1,56,0.98,16.7,0.128,0.6
1971-10-17,12.5,44,1.36,16.4,0.129,0.0
1971-10-18,13.3,44,1.56,16.4,0.128,0.0
1971-10-19,14.2,44,2.12,17.1,0.127,0.0
1971-10-20,15.6,45,2.24,17.7,0.126,0.0
1971-10-21,15.7,55,2.02,18.7,0.126,0.0
1971-10-22,16.8,51,2.51,19.0,0.126,0.0
1971-10-23,13.9,55,1.16,16.9,0.125,0.0
1971-10-24,13.0,52,1.36,16.5,0.125,0.0
1971-10-25,12.3,56,1.49,15.8,0.125,0.0
1971-10-26,13.3,53,1.81,16.2,0.125,0.0
1971-10-27,13.7,58,1.48,16.3,0.125,0.0
1971-10-28,10.4,22,1.65,14.1,0.125,0.0
1971-10-29,8.2,24,1.28,12.5,0.125,0.0
1971-10-30,8.9,32,1.54,12.0,0.125,0.0
1971-10-31,11.2,45,1.33,13.2,0.125,0.0
1971-11-01,11.4,45,1.63,13.5,0.125,0.0
1971-11-02,12.8,43,1.77,14.3,0.124,0.0
1971-11-03,14.2,48,2.27,15.5,0.124,0.0
1971-11-04,16.0,43,2.49,17.1,0.124,0.0
1971-11-05,15.1,41,2.36,16.9,0.124,0.0
1971-11-06,14.9,44,2.17,16.5,0.124,0.0
1971-11-07,15.0,44,2.08,16.2,0.124,0.0
1971-11-08,13.9,50,1.91,16.2,0.125,0.0
1971-11-09,14.8,50,1.75,15.8,0.125,0.0
1971-11-10,16.1,43,2.3,16.8,0.125,0.0
1971-11-11,14.1,71,0.92,14.9,0.157,18.7
1971-11-12,12.2,84,0.65,14.4,0.308,5.6
1971-11-13,8.2,88,0.34,10.5,0.313,3.3
1971-11-14,7.4,70,0.82,9.9,0.3,0.0
1971-11-15,7.8,65,0.8,9.2,0.273,0.0
1971-11-16,8.0,59,0.98,9.0,0.255,0.0
1971-11-17,8.1,64,0.98,9.2,0.242,0.0
1971-11-18,8.4,67,0.98,9.5,0.231,0.0
1971-11-19,8.8,62,1.05,9.8,0.222,0.0
1971-11-20,9.2,62,1.32,10.0,0.214,0.0
1971-11-21,10.1,62,1.4,10.7,0.207,0.0
1971-11-22,9.9,61,1.12,10.4,0.2,0.0
1971-11-23,9.9,68,1.02,10.4,0.194,0.0
1971-11-24,10.5,73,1.14,11.1,0.189,0.0
1971-11-25,9.9,82,0.73,11.6,0.185,0.0
1971-11-26,9.7,73,0.96,10.7,0.181,0.0
1971-11-27,11.0,72,0.86,11.9,0.177,0.0
1971-11-28,10.7,79,0.38,11.3,0.187,0.5
1971-11-29,11.1,77,0.91,11.7,0.249,2.2
1971-11-30,9.2,76,0.79,10.4,0.244,0.0
1971-12-01,8.3,72,0.97,9.2,0.234,0.0
1971-12-02,8.9,73,0.63,9.6,0.278,10.5
1971-12-03,4.8,92,0.21,7.6,0.354,7.0
1971-12-04,5.5,80,0.51,8.0,0.342,0.1
1971-12-05,5.8,74,0.68,7.3,0.308,0.0
1971-12-06,7.9,77,0.43,8.5,0.292,0.3
1971-12-07,5.8,45,1.02,7.4,0.28,0.0
1971-12-08,3.6,46,0.73,4.9,0.268,0.0
1971-12-09,5.3,47,0.74,5.9,0.261,0.0
1971-12-10,5.5,82,0.47,7.2,0.261,2.3
1971-12-11,3.7,82,0.53,5.5,0.27,0.1
1971-12-12,4.5,81,0.35,4.7,0.282,6.4
1971-12-13,4.7,80,0.52,5.7,0.31,0.1
1971-12-14,3.9,71,0.47,4.6,0.295,1.3
1971-12-15,5.9,76,0.59,6.7,0.29,0.7
1971-12-16,4.6,77,0.6,5.5,0.28,0.0
1971-12-17,5.1,75,0.75,5.4,0.271,0.0
1971-12-18,6.0,77,0.8,5.9,0.264,0.0
1971-12-19,6.6,77,0.81,6.6,0.259,0.0
1971-12-20,6.0,76,0.79,6.1,0.253,0.0
1971-12-21,5.9,78,0.51,5.8,0.25,4.2
1971-12-22,12.5,79,0.88,10.2,0.327,17.1
1971-12-23,11.4,85,0.63,10.7,0.328,2.6
1971-12-24,12.1,85,0.43,11.1,0.367,13.0
1971-12-25,8.7,91,0.28,9.5,0.408,24.1
1971-12-26,6.8,78,0.63,7.9,0.401,5.3
1971-12-27,6.9,86,0.26,7.9,0.416,9.9
1971-12-28,5.6,82,0.53,7.2,0.389,0.0
1971-12-29,5.3,79,0.53,6.2,0.371,0.0
1971-12-30,4.6,83,0.45,5.4,0.359,0.0
1971-12-31,3.9,82,0.4,4.9,0.349,0.0
1972-01-01,4.1,84,0.53,5.0,0.341,0.0
1972-01-02,4.4,84,0.57,5.3,0.333,0.0
1972-01-03,3.4,87,0.35,5.1,0.327,0.0
1972-01-04,3.9,78,0.55,4.9,0.321,0.0
1972-01-05,3.3,83,0.46,4.1,0.315,0.0
1972-01-06,4.9,81,0.68,4.4,0.31,0.0
1972-01-07,5.8,83,0.66,5.4,0.306,0.0
1972-01-08,4.8,84,0.53,5.6,0.302,0.0
1972-01-09,4.8,85,0.49,5.2,0.297,0.0
1972-01-10,3.7,87,0.42,4.8,0.293,0.0
1972-01-11,4.7,86,0.41,4.4,0.289,0.0
1972-01-12,3.4,90,0.36,4.7,0.286,0.0
1972-01-13,4.2,93,0.21,5.3,0.284,0.1
1972-01-14,5.6,87,0.52,5.9,0.281,0.0
1972-01-15,6.7,84,0.83,7.0,0.277,0.0
1972-01-16,6.6,85,0.75,7.5,0.273,0.0
1972-01-17,6.7,86,0.7,7.7,0.268,0.0
1972-01-18,6.5,85,0.71,7.8,0.264,0.0
1972-01-19,6.5,90,0.38,7.0,0.261,0.0
1972-01-20,7.3,89,0.48,7.5,0.259,0.0
1972-01-21,7.3,92,0.33,7.5,0.257,0.0
1972-01-22,7.6,92,0.34,8.3,0.255,0.0
1972-01-23,7.9,81,0.67,8.3,0.256,1.1
1972-01-24,5.9,72,0.74,7.1,0.254,0.0
1972-01-25,5.5,79,0.68,6.2,0.251,0.9
1972-01-26,4.9,80,0.47,6.0,0.272,3.2
1972-01-27,5.5,85,0.34,5.9,0.318,11.8
1972-01-28,7.6,79,0.66,7.8,0.343,0.6
1972-01-29,5.4,69,0.68,7.0,0.316,0.0
1972-01-30,5.3,74,0.72,6.5,0.299,0.0
1972-01-31,5.9,77,0.8,6.4,0.288,0.0
1972-02-01,5.9,76,0.77,6.8,0.279,0.0
1972-02-02,5.2,76,0.75,6.7,0.271,0.0
1972-02-03,5.8,75,0.82,6.3,0.265,0.0
1972-02-04,7.0,76,0.98,6.8,0.263,1.9
1972-02-05,9.4,88,0.3,8.9,0.381,17.2
1972-02-06,8.9,88,0.47,8.9,0.371,0.4
1972-02-07,8.1,89,0.48,8.8,0.343,0.0
1972-02-08,9.9,86,0.65,9.5,0.329,0.0
1972-02-09,10.5,86,0.56,10.6,0.32,0.0
1972-02-10,10.1,83,0.91,10.5,0.311,0.0
1972-02-11,10.9,75,1.23,10.5,0.301,0.0
1972-02-12,10.5,79,0.9,10.7,0.292,0.0
1972-02-13,11.3,80,0.94,10.9,0.284,0.0
1972-02-14,10.6,75,0.99,11.0,0.277,0.0
1972-02-15,10.2,75,0.77,10.9,0.269,0.0
1972-02-16,10.6,80,0.82,11.3,0.263,0.0
1972-02-17,11.0,85,0.83,11.5,0.257,0.0
1972-02-18,13.6,79,1.27,12.6,0.252,0.0
1972-02-19,12.9,75,1.13,12.7,0.247,0.0
1972-02-20,12.6,79,1.05,13.1,0.24,0.0
1972-02-21,13.1,79,1.1,13.5,0.234,0.0
1972-02-22,13.6,73,1.09,14.3,0.246,3.7
1972-02-23,11.8,61,1.17,13.3,0.24,0.0
1972-02-24,11.9,65,1.26,12.9,0.23,0.0
1972-02-25,12.5,70,1.11,13.3,0.221,0.0
1972-02-26,13.3,73,1.23,14.2,0.214,0.0
1972-02-27,14.1,73,1.39,14.2,0.207,0.0
1972-02-28,15.0,72,1.43,15.0,0.201,0.0
1972-02-29,13.4,65,1.31,14.7,0.2,0.5
1972-03-01,11.1,58,1.28,13.3,0.194,0.0
1972-03-02,14.1,66,1.22,14.7,0.188,0.0
1972-03-03,14.4,75,1.25,15.5,0.182,0.0
1972-03-04,14.9,75,1.28,16.1,0.177,0.0
1972-03-05,17.9,69,1.8,17.5,0.173,0.0
1972-03-06,18.5,66,2.23,18.4,0.168,0.0
1972-03-07,17.8,64,2.08,18.3,0.163,0.0
1972-03-08,18.1,63,2.33,18.6,0.158,0.0
1972-03-09,17.8,59,2.16,18.5,0.154,0.0
1972-03-10,17.3,60,1.8,18.6,0.151,0.0
1972-03-11,17.0,62,1.76,18.9,0.148,0.0
1972-03-12,16.7,67,1.72,18.3,0.146,0.0
1972-03-13,17.4,66,1.91,18.8,0.143,0.0
1972-03-14,17.0,59,2.08,18.9,0.141,0.0
1972-03-15,18.7,53,2.48,19.5,0.138,0.0
1972-03-16,19.8,53,3.18,20.8,0.136,0.0
1972-03-17,21.2,48,3.2,21.5,0.134,0.0
1972-03-18,18.9,44,2.52,20.6,0.133,0.0
1972-03-19,17.7,41,2.56,20.0,0.132,0.0
1972-03-20,18.4,44,2.72,20.4,0.131,0.0
1972-03-21,18.1,53,2.41,20.1,0.13,0.0
1972-03-22,15.3,49,1.7,18.4,0.13,1.3
1972-03-23,13.4,50,1.73,17.0,0.131,0.0
1972-03-24,14.9,45,2.31,17.7,0.13,0.0
1972-03-25,15.8,50,1.89,18.6,0.129,0.0
1972-03-26,11.4,28,1.6,15.7,0.128,0.0
1972-03-27,11.0,31,1.69,14.9,0.128,0.0
1972-03-28,12.2,36,1.85,15.4,0.128,0.0
1972-03-29,12.6,45,1.81,16.1,0.127,0.0
1972-03-30,14.5,42,2.1,17.2,0.127,0.0
1972-03-31,16.6,44,2.32,18.3,0.127,0.0
1972-04-01,15.9,47,1.93,17.9,0.126,0.0
1972-04-02,17.4,55,2.23,19.8,0.126,0.0
1972-04-03,18.2,56,2.64,20.5,0.126,0.0
1972-04-04,20.4,45,2.78,21.4,0.126,0.0
1972-04-05,19.0,42,1.93,19.9,0.126,0.1
1972-04-06,17.0,56,1.98,19.7,0.134,0.6
1972-04-07,15.9,46,2.18,19.3,0.132,0.0
1972-04-08,14.9,44,2.05,18.2,0.131,0.0
1972-04-09,14.8,43,1.95,18.3,0.13,0.0
1972-04-10,15.5,41,1.9,19.3,0.129,0.0
1972-04-11,13.7,57,1.03,16.2,0.156,13.2
1972-04-12,12.8,66,1.4,15.6,0.207,0.1
1972-04-13,11.5,51,1.52,14.8,0.227,3.6
1972-04-14,13.0,37,1.89,15.5,0.207,0.0
1972-04-15,16.2,46,2.48,18.1,0.187,0.0
1972-04-16,17.7,48,2.4,19.4,0.171,0.0
1972-04-17,16.6,40,2.27,19.4,0.159,0.0
1972-04-18,13.7,34,1.81,17.7,0.152,0.2
1972-04-19,13.4,33,2.08,17.0,0.146,0.0
1972-04-20,15.5,33,2.31,18.5,0.141,0.0
1972-04-21,17.1,41,2.77,19.8,0.136,0.0
1972-04-22,18.6,41,2.96,21.6,0.133,0.0
1972-04-23,20.0,39,3.41,23.0,0.13,0.0
1972-04-24,15.1,46,1.36,19.6,0.129,0.0
1972-04-25,15.7,39,2.38,19.8,0.128,0.0
1972-04-26,19.4,34,3.14,22.2,0.128,0.0
1972-04-27,22.7,36,4.4,24.7,0.127,0.0
1972-04-28,20.1,34,2.9,23.8,0.126,0.0
1972-04-29,16.9,28,2.63,21.4,0.126,0.0
1972-04-30,17.8,24,2.8,22.2,0.125,0.0
1972-05-01,21.1,35,3.64,24.2,0.125,0.0
1972-05-02,23.3,35,4.24,26.3,0.125,0.0
1972-05-03,24.1,33,4.36,26.7,0.124,0.0
1972-05-04,22.4,32,3.41,26.7,0.124,0.0
1972-05-05,18.9,44,2.42,24.6,0.124,0.0
1972-05-06,17.2,49,2.19,23.0,0.124,0.0
1972-05-07,16.5,46,2.27,22.0,0.124,0.0
1972-05-08,16.5,44,2.15,21.6,0.124,0.0
1972-05-09,17.7,44,2.52,22.2,0.124,0.0
1972-05-10,19.7,42,3.01,24.0,0.124,0.0
1972-05-11,22.9,37,3.63,26.3,0.124,0.0
1972-05-12,25.2,34,4.54,28.4,0.124,0.0
1972-05-13,26.7,32,5.18,29.8,0.124,0.0
1972-05-14,28.1,27,5.48,30.8,0.124,0.0
1972-05-15,27.5,28,5.13,31.0,0.124,0.0
1972-05-16,24.2,32,3.73,29.3,0.124,0.0
1972-05-17,19.1,40,2.62,25.3,0.124,0.0
1972-05-18,18.5,43,2.5,24.8,0.124,0.0
1972-05-19,15.3,43,1.94,21.0,0.124,0.0
1972-05-20,15.2,46,1.71,20.2,0.13,0.9
1972-05-21,17.9,43,2.24,21.9,0.13,0.0
1972-05-22,20.1,44,2.75,24.3,0.128,0.0
1972-05-23,21.8,38,3.38,26.1,0.126,0.0
1972-05-24,20.6,37,3.03,25.8,0.126,0.0
1972-05-25,21.6,34,3.4,26.6,0.125,0.0
1972-05-26,23.4,37,3.72,27.9,0.125,0.0
1972-05-27,25.3,34,4.28,29.5,0.124,0.0
1972-05-28,26.8,34,4.62,30.8,0.124,0.0
1972-05-29,28.0,27,5.4,31.4,0.124,0.0
1972-05-30,28.4,26,5.36,32.4,0.124,0.0
1972-05-31,27.7,26,5.0,32.1,0.124,0.0
1972-06-01,27.6,27,4.97,32.2,0.124,0.0
1972-06-02,28.0,30,4.73,32.2,0.124,0.0
1972-06-03,26.3,29,4.1,30.9,0.124,0.0
1972-06-04,26.8,31,4.45,31.3,0.124,0.0
1972-06-05,29.1,34,5.24,33.0,0.124,0.0
1972-06-06,29.0,37,4.09,32.2,0.125,1.4
1972-06-07,26.6,45,3.82,31.3,0.136,1.1
1972-06-08,24.8,57,2.83,30.1,0.158,9.3
1972-06-09,20.6,55,2.21,25.9,0.185,2.9
1972-06-10,18.8,37,2.42,23.9,0.173,0.3
1972-06-11,20.0,33,3.11,24.6,0.158,0.0
1972-06-12,24.2,30,4.13,27.5,0.146,0.0
1972-06-13,26.9,33,4.86,30.4,0.136,0.0
1972-06-14,26.3,36,4.48,30.7,0.131,0.0
1972-06-15,26.0,33,4.42,30.8,0.128,0.0
1972-06-16,25.8,28,4.71,30.6,0.127,0.0
1972-06-17,25.6,32,4.39,30.8,0.126,0.0
1972-06-18,28.1,31,5.07,32.3,0.125,0.0
1972-06-19,28.1,29,4.85,33.1,0.125,0.0
1972-06-20,28.5,30,5.44,33.3,0.124,0.0
1972-06-21,28.3,30,5.0,33.5,0.124,0.0
1972-06-22,26.2,32,3.72,32.3,0.124,0.0
1972-06-23,21.7,43,2.6,29.1,0.124,0.0
1972-06-24,20.9,39,2.99,27.6,0.124,0.0
1972-06-25,23.9,35,3.8,29.1,0.124,0.0
1972-06-26,25.8,33,4.24,30.9,0.124,0.0
1972-06-27,27.7,31,4.78,32.3,0.124,0.0
1972-06-28,29.6,27,5.71,33.7,0.124,0.0
1972-06-29,30.6,28,6.14,34.7,0.124,0.0
1972-06-30,32.9,28,7.22,36.6,0.124,0.0
1972-07-01,33.3,24,7.29,37.2,0.123,0.0
1972-07-02,30.5,29,5.66,35.9,0.123,0.0
1972-07-03,29.4,34,5.11,35.0,0.123,0.0
1972-07-04,30.2,35,5.61,35.5,0.123,0.0
1972-07-05,30.5,33,6.03,35.7,0.123,0.0
1972-07-06,28.2,33,4.89,34.1,0.123,0.0
1972-07-07,27.7,31,5.05,33.2,0.123,0.0
1972-07-08,27.6,25,4.76,32.2,0.123,0.0
1972-07-09,28.0,30,5.06,32.6,0.123,0.0
1972-07-10,28.5,28,5.13,33.5,0.123,0.0
1972-07-11,29.3,30,5.29,34.3,0.123,0.0
1972-07-12,31.6,29,6.4,35.7,0.123,0.0
1972-07-13,33.0,28,6.58,37.1,0.123,0.0
1972-07-14,34.5,28,7.09,37.9,0.123,0.0
1972-07-15,34.3,28,7.89,38.1,0.123,0.0
1972-07-16,31.9,30,6.15,37.3,0.123,0.0
1972-07-17,29.5,34,5.04,35.5,0.123,0.0
1972-07-18,28.3,36,4.55,34.4,0.123,0.0
1972-07-19,26.3,39,3.88,32.9,0.123,0.0
1972-07-20,23.0,41,3.02,30.8,0.123,0.0
1972-07-21,23.6,46,3.26,30.1,0.123,0.0
1972-07-22,25.4,41,3.79,31.2,0.123,0.0
1972-07-23,27.0,38,4.31,32.3,0.123,0.0
1972-07-24,26.2,38,4.2,32.0,0.123,0.0
1972-07-25,27.2,36,4.44,32.7,0.123,0.0
1972-07-26,27.2,34,4.47,32.7,0.123,0.0
1972-07-27,28.2,31,5.32,33.2,0.123,0.0
1972-07-28,30.2,27,6.1,34.4,0.123,0.0
1972-07-29,30.8,27,5.59,35.0,0.123,0.3
1972-07-30,31.2,33,4.72,35.5,0.123,0.0
1972-07-31,29.7,30,5.53,34.5,0.123,0.0
1972-08-01,27.9,29,5.13,33.0,0.123,0.0
1972-08-02,26.4,34,4.3,32.2,0.123,0.0
1972-08-03,27.8,35,4.66,33.2,0.123,0.0
1972-08-04,28.3,35,5.08,33.5,0.123,0.0
1972-08-05,30.2,34,5.75,34.7,0.123,0.0
1972-08-06,31.6,29,5.96,35.8,0.123,0.0
1972-08-07,31.7,29,5.62,36.5,0.123,0.0
1972-08-08,31.0,33,5.58,36.1,0.123,0.0
1972-08-09,30.7,35,5.38,35.9,0.123,0.0
1972-08-10,30.9,34,5.63,35.7,0.122,0.0
1972-08-11,30.6,31,5.34,35.3,0.122,0.0
1972-08-12,28.6,26,5.08,33.8,0.122,0.0
1972-08-13,26.1,28,4.21,32.3,0.122,0.0
1972-08-14,22.2,36,3.11,29.0,0.122,0.0
1972-08-15,21.5,38,2.96,27.7,0.122,0.0
1972-08-16,22.2,37,3.4,27.6,0.123,0.0
1972-08-17,23.4,51,2.88,28.8,0.123,0.0
1972-08-18,24.8,44,3.12,30.0,0.123,0.0
1972-08-19,23.3,44,2.88,29.5,0.123,0.0
1972-08-20,24.7,47,3.39,29.8,0.123,0.0
1972-08-21,26.4,39,4.39,30.8,0.123,0.0
1972-08-22,27.3,31,5.03,31.2,0.123,0.0
1972-08-23,27.3,33,4.65,31.4,0.123,0.0
1972-08-24,25.8,38,3.87,30.8,0.123,0.0
1972-08-25,27.3,41,4.28,31.8,0.123,0.0
1972-08-26,28.3,41,4.46,32.5,0.123,0.0
1972-08-27,29.1,37,4.83,32.9,0.123,0.0
1972-08-28,29.2,35,4.52,33.2,0.123,0.0
1972-08-29,29.1,38,4.98,33.5,0.123,0.0
1972-08-30,28.9,39,4.49,32.9,0.123,0.0
1972-08-31,30.2,33,5.64,34.1,0.123,0.0
1972-09-01,29.4,31,5.04,34.0,0.122,0.0
1972-09-02,27.6,36,4.07,32.6,0.122,0.0
1972-09-03,26.8,45,3.59,32.1,0.122,0.1
1972-09-04,25.0,54,2.34,29.2,0.123,1.0
1972-09-05,23.3,63,1.82,26.1,0.141,4.1
1972-09-06,24.6,48,3.54,28.2,0.145,0.0
1972-09-07,26.0,41,3.87,29.5,0.138,0.0
1972-09-08,25.9,40,3.69,29.9,0.133,0.0
1972-09-09,25.7,37,3.63,30.1,0.129,0.0
1972-09-10,23.6,37,3.12,28.9,0.128,0.0
1972-09-11,21.0,40,2.62,27.0,0.127,0.0
1972-09-12,20.1,43,2.71,25.5,0.126,0.0
1972-09-13,21.6,38,3.27,26.2,0.126,0.0
1972-09-14,23.2,36,3.53,27.2,0.125,0.0
1972-09-15,24.1,39,3.61,28.4,0.125,0.0
1972-09-16,23.8,43,3.42,28.3,0.125,0.0
1972-09-17,23.2,47,3.18,28.1,0.124,0.0
1972-09-18,21.5,47,2.51,26.6,0.124,0.0
1972-09-19,21.1,44,2.31,25.9,0.124,0.0
1972-09-20,21.0,43,3.0,25.5,0.124,0.0
1972-09-21,23.8,37,3.85,26.6,0.124,0.0
1972-09-22,23.5,37,3.68,26.8,0.124,0.0
1972-09-23,22.5,35,3.7,26.2,0.124,0.0
1972-09-24,20.6,33,3.09,24.8,0.124,0.0
1972-09-25,19.5,33,2.89,23.6,0.124,0.0
1972-09-26,21.2,39,2.76,24.7,0.124,0.0
1972-09-27,21.7,53,2.49,25.4,0.124,0.0
1972-09-28,22.4,56,2.59,26.0,0.124,0.0
1972-09-29,23.2,48,3.23,26.6,0.124,0.0
1972-09-30,23.1,48,2.78,25.8,0.124,0.0
1972-10-01,20.8,53,1.99,24.7,0.126,0.7
1972-10-02,19.5,62,1.86,23.8,0.133,0.2
1972-10-03,20.7,64,2.28,24.3,0.133,0.1
1972-10-04,19.9,71,1.85,22.7,0.203,1.0
1972-10-05,20.3,64,2.26,22.6,0.209,0.0
1972-10-06,22.2,56,2.92,23.5,0.19,0.0
1972-10-07,22.7,51,3.13,23.9,0.176,0.0
1972-10-08,21.5,59,1.9,24.1,0.17,0.3
1972-10-09,19.8,54,1.85,22.5,0.167,0.0
1972-10-10,18.6,60,1.75,21.0,0.161,0.1
1972-10-11,18.8,60,1.85,21.4,0.156,0.0
1972-10-12,19.1,58,2.15,21.1,0.154,0.7
1972-10-13,19.0,57,2.29,21.4,0.152,0.0
1972-10-14,16.9,69,1.55,19.8,0.167,3.8
1972-10-15,17.6,63,1.9,19.7,0.221,0.3
1972-10-16,17.5,62,1.78,19.2,0.208,0.3
1972-10-17,17.3,64,1.41,18.9,0.2,0.0
1972-10-18,16.1,69,1.58,18.8,0.195,2.5
1972-10-19,16.0,68,1.34,18.5,0.195,0.7
1972-10-20,15.6,66,1.16,17.6,0.189,0.1
1972-10-21,15.6,69,1.46,18.0,0.182,0.0
1972-10-22,17.2,66,1.6,18.8,0.173,0.0
1972-10-23,17.4,69,1.96,19.4,0.166,0.0
1972-10-24,18.2,69,1.62,19.9,0.16,0.0
1972-10-25,17.7,54,2.11,19.9,0.155,0.0
1972-10-26,17.4,51,2.03,19.2,0.149,0.0
1972-10-27,16.3,57,1.58,18.5,0.145,0.0
1972-10-28,15.7,57,1.77,18.1,0.142,0.0
1972-10-29,12.7,40,1.74,16.1,0.139,0.0
1972-10-30,10.6,32,1.71,13.7,0.137,0.0
1972-10-31,10.4,39,1.53,13.2,0.135,0.0
1972-11-01,12.7,41,1.95,14.7,0.134,0.1
1972-11-02,13.6,54,1.56,15.8,0.133,0.0
1972-11-03,15.0,62,1.6,16.9,0.132,0.0
1972-11-04,13.2,80,0.56,15.0,0.197,7.5
1972-11-05,12.6,75,1.04,14.8,0.242,0.0
1972-11-06,13.0,71,1.35,14.1,0.227,0.0
1972-11-07,12.6,77,0.91,13.8,0.226,3.2
1972-11-08,11.1,76,0.98,13.3,0.231,0.0
1972-11-09,11.1,67,1.08,12.4,0.22,0.0
1972-11-10,11.0,75,0.7,12.2,0.223,5.7
1972-11-11,10.1,79,0.62,12.0,0.34,15.1
1972-11-12,9.7,73,0.79,11.0,0.315,0.0
1972-11-13,10.7,73,0.76,11.4,0.295,3.8
1972-11-14,11.2,88,0.33,12.1,0.403,39.4
1972-11-15,11.6,79,0.76,12.4,0.397,6.5
1972-11-16,11.3,84,0.7,12.8,0.414,17.0
1972-11-17,10.3,78,0.74,11.6,0.391,0.0
1972-11-18,10.2,80,0.7,11.1,0.371,0.0
1972-11-19,10.3,79,0.76,11.4,0.357,0.0
1972-11-20,8.6,84,0.57,10.2,0.346,0.0
1972-11-21,8.4,83,0.55,9.5,0.338,0.0
1972-11-22,9.2,86,0.52,10.6,0.339,0.1
1972-11-23,8.0,78,0.71,9.5,0.329,0.0
1972-11-24,7.6,78,0.73,8.7,0.32,0.0
1972-11-25,8.6,84,0.55,9.1,0.313,0.0
1972-11-26,8.3,90,0.47,9.3,0.307,0.0
1972-11-27,8.2,92,0.38,9.8,0.302,0.0
1972-11-28,9.0,86,0.68,9.6,0.298,0.0
1972-11-29,8.5,87,0.64,9.8,0.292,0.0
1972-11-30,7.7,88,0.64,9.3,0.287,0.0
1972-12-01,8.0,87,0.67,9.5,0.283,0.0
1972-12-02,7.6,86,0.61,9.0,0.278,0.0
1972-12-03,6.6,86,0.37,8.7,0.276,0.6
1972-12-04,7.1,86,0.38,8.7,0.35,14.5
1972-12-05,2.8,75,0.6,5.7,0.342,0.0
1972-12-06,3.4,78,0.37,4.4,0.36,13.1
1972-12-07,3.6,86,0.49,5.5,0.373,4.0
1972-12-08,2.5,73,0.51,4.8,0.366,1.4
1972-12-09,-1.2,63,0.42,2.1,0.346,0.0
1972-12-10,1.0,71,0.39,2.3,0.335,0.0
1972-12-11,0.3,75,0.41,2.4,0.327,0.0
1972-12-12,1.1,73,0.4,1.8,0.321,0.0
1972-12-13,0.5,84,0.32,2.2,0.316,0.0
1972-12-14,1.0,84,0.39,1.9,0.312,0.0
1972-12-15,2.7,79,0.5,2.4,0.308,0.0
1972-12-16,4.1,78,0.47,4.4,0.304,0.0
1972-12-17,6.5,82,0.41,6.2,0.301,3.9
1972-12-18,7.7,88,0.59,7.6,0.298,0.0
1972-12-19,11.2,85,0.7,9.9,0.293,1.2
1972-12-20,10.7,92,0.34,10.4,0.29,0.0
1972-12-21,10.8,89,0.62,10.9,0.287,0.0
1972-12-22,10.4,87,0.39,10.2,0.287,0.6
1972-12-23,9.1,85,0.57,9.8,0.286,0.0
1972-12-24,9.1,84,0.51,9.2,0.281,0.1
1972-12-25,7.6,85,0.49,7.9,0.277,0.0
1972-12-26,7.3,83,0.71,7.9,0.273,0.0
1972-12-27,7.9,86,0.68,8.3,0.269,0.0
1972-12-28,7.6,69,0.73,8.5,0.269,2.1
1972-12-29,4.6,65,0.6,6.0,0.264,0.0
1972-12-30,4.6,70,0.65,5.4,0.26,0.0
1972-12-31,4.8,77,0.43,4.5,0.257,0.0
1973-01-01,3.5,73,0.59,4.0,0.254,0.0
1973-01-02,4.2,68,0.74,4.0,0.251,0.0
1973-01-03,5.6,72,0.59,5.2,0.259,1.4
1973-01-04,3.8,69,0.59,3.6,0.258,0.0
1973-01-05,2.7,71,0.56,2.9,0.253,0.0
1973-01-06,2.0,76,0.5,2.3,0.25,0.0
1973-01-07,2.4,75,0.56,2.2,0.247,0.0
1973-01-08,3.3,80,0.32,2.5,0.265,15.0
1973-01-09,7.8,92,0.15,6.4,0.401,24.8
1973-01-10,7.8,87,0.41,7.3,0.373,0.1
1973-01-11,8.7,84,0.71,8.2,0.35,0.0
1973-01-12,10.2,87,0.65,9.3,0.338,0.0
1973-01-13,9.4,95,0.32,9.6,0.33,0.0
1973-01-14,10.1,90,0.63,10.4,0.324,0.0
1973-01-15,11.0,78,0.93,10.4,0.317,0.0
1973-01-16,10.5,91,0.17,10.1,0.402,37.3
1973-01-17,8.9,84,0.63,9.3,0.401,1.4
1973-01-18,9.1,87,0.25,9.1,0.416,25.4
1973-01-19,6.1,76,0.56,7.5,0.398,0.3
1973-01-20,4.4,68,0.57,5.8,0.38,0.0
1973-01-21,5.3,74,0.44,6.2,0.371,3.8
1973-01-22,5.2,86,0.42,6.3,0.362,0.0
1973-01-23,5.8,80,0.78,6.4,0.353,0.0
1973-01-24,6.2,78,0.71,6.4,0.345,0.0
1973-01-25,6.8,88,0.22,7.0,0.355,3.9
1973-01-26,5.0,87,0.34,6.3,0.361,0.0
1973-01-27,5.7,77,0.7,6.0,0.348,0.0
1973-01-28,8.2,70,1.2,7.9,0.337,0.0
1973-01-29,7.9,75,0.74,7.9,0.348,4.8
1973-01-30,8.8,84,0.6,9.0,0.38,2.4
1973-01-31,8.6,82,0.58,8.8,0.357,0.0
1973-02-01,8.1,83,0.66,8.6,0.345,0.0
1973-02-02,8.7,78,0.88,8.5,0.337,0.1
1973-02-03,8.9,79,0.84,8.5,0.337,1.4
1973-02-04,9.8,87,0.43,9.2,0.381,2.2
1973-02-05,9.8,82,0.81,9.4,0.368,0.6
1973-02-06,11.5,88,0.38,10.8,0.418,15.9
1973-02-07,11.6,85,0.55,11.3,0.414,9.2
1973-02-08,11.1,84,0.63,10.5,0.396,0.8
1973-02-09,10.3,83,0.85,10.3,0.383,3.1
1973-02-10,10.7,91,0.14,10.7,0.423,21.2
1973-02-11,9.2,92,0.15,9.8,0.422,26.2
1973-02-12,8.8,84,0.64,9.4,0.412,5.8
1973-02-13,10.2,80,0.72,10.8,0.412,4.0
1973-02-14,8.2,87,0.39,9.0,0.401,5.5
1973-02-15,7.7,85,0.53,8.7,0.401,0.2
1973-02-16,8.5,83,0.63,9.2,0.384,0.0
1973-02-17,9.1,84,0.73,9.7,0.373,0.0
1973-02-18,9.9,83,0.66,10.2,0.364,0.0
1973-02-19,10.8,81,1.01,10.8,0.357,0.0
1973-02-20,10.8,80,0.92,10.9,0.349,0.0
1973-02-21,10.3,80,0.68,10.9,0.343,0.0
1973-02-22,11.0,75,1.11,11.4,0.338,0.0
1973-02-23,11.2,73,0.95,11.2,0.332,0.4
1973-02-24,12.3,82,0.67,12.2,0.368,9.2
1973-02-25,12.2,77,0.96,12.5,0.361,0.0
1973-02-26,11.5,85,0.77,11.5,0.379,12.3
1973-02-27,11.7,92,0.27,11.5,0.423,23.0
1973-02-28,12.7,80,0.74,12.7,0.411,5.8
1973-03-01,12.2,77,0.71,12.1,0.391,0.0
1973-03-02,11.0,77,0.83,12.1,0.378,0.0
1973-03-03,10.6,80,1.01,11.5,0.379,5.2
1973-03-04,9.1,77,0.69,11.2,0.412,2.9
1973-03-05,8.6,74,0.83,10.2,0.388,0.0
1973-03-06,8.3,86,0.26,9.0,0.408,17.5
1973-03-07,8.5,82,0.59,9.7,0.405,0.0
1973-03-08,8.9,79,0.56,9.8,0.398,0.0
1973-03-09,10.4,75,0.84,10.5,0.385,0.0
1973-03-10,11.8,78,0.79,11.8,0.375,2.7
1973-03-11,10.1,72,0.76,12.0,0.413,9.5
1973-03-12,9.1,66,0.8,10.4,0.387,0.0
1973-03-13,8.8,68,0.81,9.6,0.38,1.3
1973-03-14,9.1,58,0.98,9.8,0.37,0.0
1973-03-15,9.8,68,1.05,10.4,0.358,0.0
1973-03-16,11.4,71,1.3,11.6,0.348,0.0
1973-03-17,9.9,73,0.68,10.9,0.341,0.0
1973-03-18,8.8,67,0.77,10.7,0.333,0.0
1973-03-19,10.3,67,1.11,10.9,0.326,1.2
1973-03-20,8.6,79,0.58,11.3,0.391,15.1
1973-03-21,6.2,89,0.36,8.2,0.402,11.2
1973-03-22,7.2,79,0.62,8.4,0.396,0.1
1973-03-23,9.3,76,0.84,10.4,0.379,0.0
1973-03-24,11.7,74,1.07,12.0,0.365,0.0
1973-03-25,12.6,78,0.93,13.2,0.368,6.4
1973-03-26,10.2,86,0.41,11.8,0.417,15.3
1973-03-27,11.6,79,0.68,12.5,0.394,0.6
1973-03-28,9.8,69,0.93,11.3,0.388,1.3
1973-03-29,9.9,60,1.01,10.5,0.373,0.0
1973-03-30,10.3,70,0.71,10.8,0.362,1.1
1973-03-31,11.7,70,0.99,12.0,0.357,1.0
1973-04-01,9.8,62,0.96,11.3,0.345,0.0
1973-04-02,10.5,55,1.16,11.6,0.332,0.0
1973-04-03,11.7,60,1.35,12.0,0.32,0.0
1973-04-04,13.1,60,1.47,13.2,0.309,0.0
1973-04-05,15.1,64,1.65,14.8,0.298,0.0
1973-04-06,16.1,70,1.4,15.9,0.288,0.0
1973-04-07,15.7,71,1.35,16.3,0.278,0.0
1973-04-08,16.2,66,1.74,16.5,0.268,0.0
1973-04-09,15.8,70,1.45,15.9,0.261,0.0
1973-04-10,16.1,70,1.49,16.0,0.256,0.0
1973-04-11,17.6,67,1.84,17.3,0.248,0.0
1973-04-12,16.7,64,1.61,17.6,0.238,0.0
1973-04-13,12.3,78,0.88,15.6,0.261,6.3
1973-04-14,11.6,73,0.91,13.6,0.299,0.5
1973-04-15,13.0,67,1.2,14.0,0.285,0.0
1973-04-16,13.7,69,1.2,15.3,0.271,0.0
1973-04-17,13.4,71,0.93,14.5,0.264,0.4
1973-04-18,12.4,48,1.42,14.2,0.251,0.0
1973-04-19,12.4,55,1.33,13.9,0.237,0.0
1973-04-20,13.1,44,1.67,14.4,0.225,0.0
1973-04-21,14.5,48,1.96,15.5,0.213,0.0
1973-04-22,16.7,54,2.12,17.4,0.203,0.0
1973-04-23,17.2,58,2.0,18.0,0.193,0.0
1973-04-24,19.3,54,2.26,19.5,0.184,0.0
1973-04-25,20.4,56,2.57,20.7,0.177,0.0
1973-04-26,22.1,55,3.07,22.1,0.17,0.0
1973-04-27,22.2,52,2.92,23.0,0.162,0.0
1973-04-28,19.6,48,2.33,22.2,0.156,0.0
1973-04-29,15.7,51,1.65,19.9,0.152,0.0
1973-04-30,16.9,50,2.15,19.4,0.149,0.0
1973-05-01,17.5,52,2.5,19.7,0.146,0.0
1973-05-02,19.3,48,2.75,21.1,0.143,0.0
1973-05-03,19.8,48,2.42,21.5,0.14,0.0
1973-05-04,16.0,50,1.77,20.0,0.139,0.8
1973-05-05,14.5,53,1.66,17.6,0.142,0.0
1973-05-06,17.1,52,2.04,19.5,0.142,0.0
1973-05-07,18.2,48,2.4,20.7,0.139,0.0
1973-05-08,18.8,47,2.58,21.3,0.136,0.0
1973-05-09,21.2,40,3.49,22.8,0.134,0.0
1973-05-10,23.1,37,3.85,24.2,0.132,0.0
1973-05-11,25.0,35,4.05,25.7,0.131,0.0
1973-05-12,25.0,36,4.07,26.5,0.129,0.0
1973-05-13,26.3,38,3.82,27.1,0.129,0.0
1973-05-14,26.1,42,3.48,27.2,0.128,0.0
1973-05-15,26.2,44,3.78,28.0,0.128,0.1
1973-05-16,26.9,41,3.96,29.0,0.128,0.0
1973-05-17,28.5,40,4.29,29.6,0.126,0.0
1973-05-18,28.5,39,4.3,29.9,0.129,0.9
1973-05-19,26.4,38,3.94,28.6,0.134,0.2
1973-05-20,20.9,37,2.79,25.5,0.131,0.0
1973-05-21,21.6,42,2.89,25.7,0.129,0.0
1973-05-22,23.1,39,3.32,26.6,0.128,0.0
1973-05-23,22.8,39,3.3,26.5,0.127,0.0
1973-05-24,21.4,46,2.4,25.4,0.126,0.0
1973-05-25,21.2,46,2.49,25.0,0.126,0.0
1973-05-26,19.3,30,2.87,23.5,0.126,0.0
1973-05-27,22.1,34,3.33,25.4,0.125,0.0
1973-05-28,27.8,31,5.3,28.8,0.125,0.0
1973-05-29,29.9,32,5.73,30.9,0.125,0.5
1973-05-30,29.3,33,4.74,31.4,0.125,0.9
1973-05-31,25.0,46,2.78,28.6,0.126,0.9
1973-06-01,22.8,47,2.47,27.3,0.126,0.0
1973-06-02,23.6,44,3.16,27.6,0.126,0.0
1973-06-03,24.8,39,3.71,28.4,0.125,0.0
1973-06-04,25.8,38,4.09,29.4,0.125,0.0
1973-06-05,28.0,36,5.03,30.8,0.124,0.0
1973-06-06,29.9,31,5.86,32.2,0.124,0.0
1973-06-07,30.6,27,6.25,32.9,0.124,0.0
1973-06-08,30.8,27,6.31,33.1,0.124,0.0
1973-06-09,31.5,28,6.17,33.9,0.124,0.0
1973-06-10,28.6,28,4.73,32.8,0.124,0.0
1973-06-11,25.4,33,3.64,30.8,0.124,0.0
1973-06-12,25.2,38,3.67,30.0,0.124,0.0
1973-06-13,23.0,44,3.0,28.3,0.124,0.0
1973-06-14,18.6,37,2.4,25.3,0.124,0.6
1973-06-15,19.9,43,2.76,25.4,0.124,0.0
1973-06-16,20.8,43,2.85,25.8,0.124,0.0
1973-06-17,20.2,41,3.05,25.0,0.124,0.0
1973-06-18,23.4,28,3.97,27.1,0.124,0.0
1973-06-19,27.4,27,4.99,29.7,0.124,0.0
1973-06-20,29.9,30,6.16,32.1,0.124,0.0
1973-06-21,31.8,26,7.22,33.5,0.124,0.0
1973-06-22,29.1,26,4.56,32.0,0.124,0.0
1973-06-23,25.9,36,4.11,30.5,0.124,0.0
1973-06-24,26.3,37,4.35,30.7,0.124,0.0
1973-06-25,28.0,36,4.49,31.9,0.124,0.0
1973-06-26,31.8,39,5.05,34.3,0.124,0.0
1973-06-27,32.8,40,6.01,35.6,0.124,0.0
1973-06-28,33.1,34,6.18,36.6,0.124,0.0
1973-06-29,30.2,27,5.57,34.8,0.124,0.0
1973-06-30,27.2,26,5.0,32.4,0.124,0.0
1973-07-01,26.4,29,4.53,31.6,0.124,0.0
1973-07-02,28.6,30,5.29,32.6,0.124,0.0
1973-07-03,29.5,27,5.74,33.3,0.124,0.0
1973-07-04,30.3,29,5.94,34.0,0.124,0.0
1973-07-05,31.2,28,5.91,34.7,0.124,0.0
1973-07-06,27.5,30,4.5,32.6,0.124,0.0
1973-07-07,26.1,33,4.4,31.7,0.124,0.0
1973-07-08,27.3,35,4.71,32.1,0.124,0.0
1973-07-09,30.6,34,5.79,34.4,0.124,0.0
1973-07-10,31.8,29,6.36,35.2,0.124,0.0
1973-07-11,30.6,26,5.89,35.0,0.124,0.0
1973-07-12,29.3,30,5.08,34.4,0.124,0.0
1973-07-13,29.3,31,5.08,34.0,0.124,0.0
1973-07-14,28.6,36,4.44,33.9,0.124,0.0
1973-07-15,27.7,38,4.03,33.3,0.124,0.0
1973-07-16,27.6,39,4.02,33.1,0.124,0.0
1973-07-17,27.4,40,3.88,32.9,0.124,0.0
1973-07-18,27.4,39,4.06,32.9,0.124,0.0
1973-07-19,26.3,41,3.78,32.2,0.124,0.0
1973-07-20,23.3,44,2.96,29.8,0.124,0.0
1973-07-21,23.2,45,3.24,29.1,0.124,0.0
1973-07-22,25.1,42,3.67,29.9,0.124,0.0
1973-07-23,24.8,35,3.98,29.9,0.124,0.0
1973-07-24,25.8,36,4.39,30.4,0.124,0.0
1973-07-25,29.5,35,5.47,32.7,0.124,0.0
1973-07-26,31.9,29,7.01,34.7,0.124,0.0
1973-07-27,30.3,32,5.57,34.5,0.124,0.0
1973-07-28,30.0,36,5.19,34.6,0.124,0.0
1973-07-29,30.2,33,5.5,34.8,0.124,0.0
1973-07-30,30.4,30,5.82,34.6,0.124,0.0
1973-07-31,30.7,28,6.18,34.7,0.124,0.0
1973-08-01,31.2,25,6.23,34.9,0.123,0.0
1973-08-02,30.0,27,5.51,34.5,0.124,0.0
1973-08-03,30.9,29,5.63,35.3,0.124,0.0
1973-08-04,30.6,32,5.39,35.2,0.123,0.0
1973-08-05,29.3,37,4.11,34.2,0.123,0.0
1973-08-06,28.5,40,4.12,33.8,0.124,0.0
1973-08-07,27.5,34,4.59,32.9,0.124,0.0
1973-08-08,26.7,39,4.04,32.2,0.124,0.0
1973-08-09,25.2,38,3.7,30.8,0.124,0.0
1973-08-10,25.1,39,3.99,30.5,0.124,0.0
1973-08-11,27.7,39,4.58,32.0,0.124,0.0
1973-08-12,27.7,41,4.52,32.4,0.124,0.0
1973-08-13,28.8,39,4.98,33.1,0.124,0.0
1973-08-14,30.4,36,5.59,34.3,0.124,0.0
1973-08-15,30.7,30,6.19,34.5,0.124,0.0
1973-08-16,30.3,25,6.12,34.1,0.124,0.0
1973-08-17,29.1,25,5.66,33.7,0.124,0.0
1973-08-18,28.0,30,4.98,33.0,0.123,0.0
1973-08-19,29.2,29,5.43,33.7,0.123,0.0
1973-08-20,28.4,29,5.02,33.1,0.123,0.0
1973-08-21,27.5,30,4.42,32.5,0.123,0.0
1973-08-22,24.0,31,3.63,29.8,0.123,0.0
1973-08-23,21.2,35,3.06,27.0,0.124,0.0
1973-08-24,21.5,44,3.1,27.0,0.124,0.0
1973-08-25,21.4,48,2.26,26.6,0.124,0.0
1973-08-26,21.6,49,2.4,27.2,0.124,0.0
1973-08-27,22.6,49,2.67,27.6,0.124,0.0
1973-08-28,24.4,46,3.35,28.9,0.124,0.0
1973-08-29,27.1,44,4.13,30.7,0.124,0.0
1973-08-30,27.5,40,4.37,31.7,0.124,0.0
1973-08-31,24.8,37,3.58,30.3,0.124,0.0
1973-09-01,22.8,44,3.02,28.7,0.124,0.0
1973-09-02,25.2,41,3.67,29.3,0.124,0.0
1973-09-03,25.7,41,3.88,29.9,0.124,0.0
1973-09-04,25.7,42,3.76,30.0,0.124,0.0
1973-09-05,23.1,44,2.92,28.6,0.124,0.2
1973-09-06,22.3,51,2.99,27.4,0.124,0.0
1973-09-07,23.5,49,3.38,27.6,0.124,0.0
1973-09-08,23.7,41,3.32,28.2,0.124,0.0
1973-09-09,25.7,40,4.24,29.2,0.124,0.0
1973-09-10,25.1,44,3.52,29.3,0.124,0.0
1973-09-11,23.6,49,3.11,28.5,0.124,0.0
1973-09-12,24.7,49,3.37,28.9,0.124,0.0
1973-09-13,24.8,50,3.3,29.1,0.124,0.0
1973-09-14,23.0,46,3.04,28.0,0.124,0.0
1973-09-15,22.4,50,2.78,27.4,0.124,0.0
1973-09-16,21.8,49,2.63,26.7,0.124,0.0
1973-09-17,21.4,49,2.7,26.2,0.124,0.0
1973-09-18,21.7,52,2.83,26.1,0.124,0.0
1973-09-19,21.8,57,2.59,25.9,0.124,0.0
1973-09-20,22.2,58,2.3,25.9,0.124,0.0
1973-09-21,20.7,47,2.78,25.1,0.124,0.0
1973-09-22,20.1,51,2.53,24.4,0.124,0.0
1973-09-23,19.6,59,2.1,23.8,0.124,0.0
1973-09-24,19.0,57,2.07,23.3,0.124,0.0
1973-09-25,19.5,54,2.3,23.9,0.124,0.0
1973-09-26,22.2,42,3.5,25.1,0.124,0.0
1973-09-27,23.5,42,3.86,26.1,0.124,0.0
1973-09-28,24.3,40,4.16,26.6,0.124,0.0
1973-09-29,24.4,39,4.24,26.8,0.124,0.0
1973-09-30,24.1,41,3.74,27.1,0.124,0.0
1973-10-01,22.0,42,2.88,26.2,0.124,0.0
1973-10-02,18.3,39,2.46,23.2,0.124,0.0
1973-10-03,18.5,45,2.44,22.6,0.124,0.0
1973-10-04,20.4,40,3.14,23.2,0.124,0.0
1973-10-05,21.4,39,3.52,23.8,0.124,0.0
1973-10-06,20.4,40,2.56,23.2,0.124,0.0
1973-10-07,15.3,75,1.01,18.8,0.173,8.8
1973-10-08,15.0,75,1.27,18.5,0.324,4.6
1973-10-09,14.4,72,1.21,17.4,0.302,0.1
1973-10-10,15.4,60,1.55,17.5,0.266,0.0
1973-10-11,16.3,56,1.91,17.8,0.241,0.0
1973-10-12,17.4,56,1.95,18.7,0.221,0.0
1973-10-13,19.3,60,2.53,20.1,0.204,0.0
1973-10-14,20.7,62,2.83,21.3,0.19,0.0
1973-10-15,20.5,62,2.64,21.8,0.179,0.0
1973-10-16,20.2,61,2.48,21.9,0.17,0.0
1973-10-17,21.5,57,3.07,22.3,0.162,0.0
1973-10-18,21.6,52,2.94,22.3,0.155,0.0
1973-10-19,21.0,50,3.33,22.3,0.149,0.0
1973-10-20,20.0,48,2.12,21.7,0.145,0.0
1973-10-21,18.9,65,1.99,21.1,0.141,0.0
1973-10-22,18.3,66,2.25,20.4,0.149,2.5
1973-10-23,15.4,61,1.45,18.3,0.242,9.0
1973-10-24,13.4,62,1.45,16.4,0.233,0.0
1973-10-25,14.4,67,1.37,16.5,0.217,0.0
1973-10-26,14.6,65,1.6,16.7,0.204,0.0
1973-10-27,16.5,63,2.05,17.3,0.193,0.0
1973-10-28,17.5,62,2.48,17.9,0.183,0.0
1973-10-29,14.8,54,1.7,17.3,0.174,0.0
1973-10-30,16.5,52,2.07,17.4,0.167,0.0
1973-10-31,17.1,57,2.42,18.0,0.161,0.0
1973-11-01,16.4,59,1.75,17.6,0.156,0.0
1973-11-02,14.3,57,1.6,17.1,0.152,0.0
1973-11-03,11.2,49,1.43,14.5,0.148,0.0
1973-11-04,10.0,45,1.51,13.0,0.145,0.0
1973-11-05,12.7,34,2.05,13.9,0.142,0.0
1973-11-06,15.2,54,1.13,15.7,0.142,0.0
1973-11-07,17.7,65,1.66,17.7,0.141,0.0
1973-11-08,15.8,77,1.35,17.5,0.139,0.0
1973-11-09,17.1,64,2.21,18.0,0.138,0.6
1973-11-10,19.2,61,2.18,19.2,0.157,1.5
1973-11-11,19.6,48,1.64,18.6,0.156,0.9
1973-11-12,15.5,64,1.22,17.0,0.305,22.9
1973-11-13,12.6,64,1.16,14.6,0.307,0.1
1973-11-14,12.6,70,1.09,14.6,0.287,0.5
1973-11-15,12.4,64,1.13,14.1,0.267,0.0
1973-11-16,11.4,83,0.4,12.5,0.285,11.4
1973-11-17,13.3,86,0.66,13.5,0.323,9.6
1973-11-18,10.1,77,0.79,12.2,0.373,10.4
1973-11-19,7.7,68,0.77,10.3,0.33,0.0
1973-11-20,7.3,65,0.77,9.2,0.308,1.3
1973-11-21,8.2,73,0.74,10.1,0.3,0.0
1973-11-22,7.7,78,0.49,9.0,0.297,2.3
1973-11-23,7.5,79,0.67,9.3,0.304,0.0
1973-11-24,7.9,70,0.55,9.0,0.293,0.5
1973-11-25,7.5,63,0.79,8.4,0.285,0.8
1973-11-26,8.5,70,0.74,9.6,0.281,0.2
1973-11-27,8.0,69,0.89,8.8,0.273,0.0
1973-11-28,9.2,70,1.16,9.3,0.265,0.0
1973-11-29,9.9,75,0.88,9.8,0.258,0.0
1973-11-30,12.8,62,1.44,12.1,0.254,1.1
1973-12-01,10.4,83,0.69,11.8,0.383,27.3
1973-12-02,6.5,79,0.59,8.7,0.358,0.0
1973-12-03,7.1,79,0.64,8.1,0.336,0.0
1973-12-04,6.7,82,0.43,7.3,0.324,0.0
1973-12-05,7.3,83,0.66,8.2,0.316,0.0
1973-12-06,8.6,80,0.83,8.7,0.309,0.0
1973-12-07,10.2,78,0.83,10.0,0.302,0.0
1973-12-08,8.8,91,0.42,9.8,0.296,0.0
1973-12-09,8.2,88,0.57,9.7,0.292,0.0
1973-12-10,8.0,85,0.76,9.0,0.287,0.0
1973-12-11,9.8,72,0.91,9.6,0.287,0.1
1973-12-12,8.3,78,0.71,8.9,0.287,0.0
1973-12-13,9.8,86,0.31,9.7,0.344,11.6
1973-12-14,9.1,85,0.59,9.9,0.358,0.0
1973-12-15,8.5,85,0.6,8.9,0.336,0.0
1973-12-16,9.7,83,0.72,9.2,0.324,0.0
1973-12-17,9.4,86,0.62,9.2,0.316,0.0
1973-12-18,7.6,87,0.47,9.0,0.31,0.0
1973-12-19,8.1,83,0.74,8.3,0.304,0.0
1973-12-20,8.9,76,1.04,8.7,0.298,0.0
1973-12-21,9.3,75,0.66,9.1,0.318,6.7
1973-12-22,8.7,87,0.57,9.3,0.374,3.8
1973-12-23,7.8,86,0.52,8.7,0.343,0.0
1973-12-24,6.4,90,0.32,7.8,0.329,0.0
1973-12-25,7.2,89,0.36,8.0,0.321,0.0
1973-12-26,8.9,90,0.42,9.7,0.325,3.0
1973-12-27,10.3,92,0.23,10.1,0.369,7.8
1973-12-28,12.9,89,0.65,12.0,0.355,0.2
1973-12-29,13.4,89,0.56,12.9,0.338,0.0
1973-12-30,9.0,75,0.63,10.9,0.326,0.0
1973-12-31,7.4,76,0.45,8.4,0.319,2.4
1974-01-01,6.1,81,0.4,7.8,0.357,6.0
1974-01-02,3.8,67,0.66,5.4,0.341,0.0
1974-01-03,4.0,58,0.73,4.4,0.328,0.6
1974-01-04,4.4,83,0.32,5.6,0.374,7.6
1974-01-05,5.0,88,0.34,5.9,0.387,4.5
1974-01-06,6.2,90,0.11,6.5,0.414,22.8
1974-01-07,8.4,93,0.1,8.0,0.432,34.3
1974-01-08,6.9,85,0.42,8.1,0.409,2.1
1974-01-09,7.3,84,0.52,7.7,0.386,0.0
1974-01-10,5.4,83,0.52,6.9,0.373,0.0
1974-01-11,5.1,81,0.38,5.5,0.382,6.5
1974-01-12,9.5,92,0.38,8.9,0.416,9.7
1974-01-13,9.6,89,0.62,9.5,0.388,0.0
1974-01-14,10.6,80,0.96,9.7,0.373,0.0
1974-01-15,13.4,71,1.33,11.1,0.361,0.0
1974-01-16,11.7,79,0.93,10.6,0.362,1.2
1974-01-17,13.0,91,0.36,12.2,0.414,9.2
1974-01-18,13.9,90,0.57,12.8,0.398,5.9
1974-01-19,13.4,90,0.49,13.1,0.394,1.7
1974-01-20,11.1,87,0.42,11.8,0.385,2.2
1974-01-21,7.7,76,0.62,9.6,0.374,0.0
1974-01-22,6.6,69,0.59,7.8,0.362,0.0
1974-01-23,6.2,80,0.56,7.4,0.353,0.0
1974-01-24,7.6,81,0.77,8.1,0.346,0.0
1974-01-25,9.1,80,0.85,8.8,0.34,0.0
1974-01-26,7.1,82,0.54,8.1,0.334,0.0
1974-01-27,6.4,71,0.68,7.1,0.329,0.0
1974-01-28,6.9,72,0.63,7.0,0.324,0.0
1974-01-29,6.8,87,0.52,7.5,0.32,0.0
1974-01-30,7.3,88,0.56,8.3,0.316,0.0
1974-01-31,8.2,83,0.57,8.5,0.313,0.0
1974-02-01,9.8,79,0.66,9.8,0.31,0.2
1974-02-02,8.0,80,0.64,9.0,0.306,0.0
1974-02-03,9.3,77,0.88,9.0,0.301,0.0
1974-02-04,8.9,80,0.83,9.2,0.296,0.0
1974-02-05,7.0,73,0.7,8.5,0.291,0.0
1974-02-06,6.6,60,0.95,7.3,0.285,0.1
1974-02-07,6.3,70,0.8,7.3,0.28,0.0
1974-02-08,8.7,71,1.2,8.5,0.276,0.0
1974-02-09,9.5,76,0.95,9.2,0.271,0.0
1974-02-10,10.4,77,1.11,10.1,0.267,0.0
1974-02-11,10.3,76,1.14,10.4,0.263,0.0
1974-02-12,9.3,76,1.09,10.3,0.258,0.2
1974-02-13,7.4,71,0.76,9.5,0.254,0.0
1974-02-14,7.9,76,0.76,8.7,0.25,0.0
1974-02-15,9.0,80,0.79,9.5,0.247,0.0
1974-02-16,10.0,75,0.76,10.0,0.251,1.5
1974-02-17,7.7,70,0.87,9.3,0.25,0.0
1974-02-18,8.5,70,0.8,9.3,0.245,0.0
1974-02-19,9.2,71,0.77,9.5,0.27,4.2
1974-02-20,8.4,66,0.92,9.4,0.28,0.0
1974-02-21,10.7,62,1.57,10.5,0.267,0.0
1974-02-22,10.0,67,0.9,11.0,0.256,0.0
1974-02-23,8.2,67,1.0,9.9,0.246,0.0
1974-02-24,10.6,70,1.39,10.8,0.238,0.0
1974-02-25,12.7,67,1.69,12.1,0.23,0.0
1974-02-26,12.2,67,1.3,12.1,0.223,0.0
1974-02-27,13.0,73,1.1,13.6,0.217,0.0
1974-02-28,12.8,63,1.49,12.3,0.216,3.8
1974-03-01,13.2,80,0.73,12.3,0.345,28.0
1974-03-02,9.6,82,0.5,11.7,0.402,19.2
1974-03-03,8.0,76,0.73,9.9,0.406,9.5
1974-03-04,7.7,59,0.86,9.2,0.376,0.0
1974-03-05,9.4,68,0.96,10.0,0.358,0.0
1974-03-06,11.5,71,1.19,11.8,0.344,0.0
1974-03-07,10.5,81,0.66,11.7,0.387,10.6
1974-03-08,7.2,81,0.59,9.8,0.408,4.8
1974-03-09,8.6,77,0.84,10.5,0.377,0.0
1974-03-10,10.7,71,0.99,11.1,0.361,0.0
1974-03-11,11.7,73,1.16,12.1,0.349,0.5
1974-03-12,12.8,78,0.81,13.1,0.348,0.6
1974-03-13,12.6,75,1.04,13.5,0.338,0.0
1974-03-14,13.7,72,1.2,13.9,0.325,0.0
1974-03-15,16.0,75,1.19,15.1,0.313,0.0
1974-03-16,17.6,71,2.06,16.6,0.304,0.0
1974-03-17,16.6,77,1.32,16.8,0.295,0.0
1974-03-18,17.0,72,1.39,17.5,0.289,1.2
1974-03-19,16.2,68,1.51,16.5,0.285,0.0
1974-03-20,16.1,65,1.69,16.2,0.273,0.0
1974-03-21,14.9,68,1.31,15.7,0.262,0.0
1974-03-22,12.8,68,1.28,15.0,0.252,0.0
1974-03-23,12.3,69,1.22,14.4,0.243,0.0
1974-03-24,13.5,70,1.32,15.0,0.234,0.0
1974-03-25,13.6,67,1.31,14.1,0.23,3.3
1974-03-26,14.9,64,1.35,15.1,0.239,3.9
1974-03-27,14.6,72,1.4,15.4,0.306,13.3
1974-03-28,14.3,79,0.72,14.8,0.368,17.3
1974-03-29,16.5,73,1.51,16.5,0.337,0.0
1974-03-30,14.2,73,1.05,15.4,0.373,14.4
1974-03-31,12.2,64,1.22,14.4,0.344,0.0
1974-04-01,11.9,81,0.56,12.9,0.368,18.3
1974-04-02,11.7,68,1.08,13.4,0.381,0.7
1974-04-03,11.3,63,1.07,13.2,0.345,0.0
1974-04-04,13.4,63,1.38,14.2,0.325,0.0
1974-04-05,16.2,61,2.37,15.8,0.308,0.0
1974-04-06,14.1,65,1.41,15.8,0.292,0.0
1974-04-07,14.2,65,1.56,15.7,0.278,0.0
1974-04-08,16.9,55,2.52,16.2,0.266,0.0
1974-04-09,10.6,75,0.74,14.3,0.304,6.7
1974-04-10,11.0,68,1.19,13.1,0.328,0.0
1974-04-11,13.3,68,1.35,14.6,0.302,0.0
1974-04-12,15.7,64,1.55,16.3,0.281,0.0
1974-04-13,16.3,51,2.06,17.0,0.261,0.0
1974-04-14,17.8,58,2.64,18.0,0.245,0.0
1974-04-15,17.9,53,2.06,18.2,0.229,0.0
1974-04-16,17.8,57,2.28,18.9,0.214,0.0
1974-04-17,19.5,54,2.66,19.7,0.203,0.0
1974-04-18,12.3,59,1.27,16.5,0.199,3.1
1974-04-19,12.0,64,1.22,14.3,0.212,0.0
1974-04-20,15.2,58,1.73,16.1,0.203,0.0
1974-04-21,17.1,56,2.24,18.1,0.192,0.0
1974-04-22,19.5,50,3.0,19.6,0.181,0.0
1974-04-23,14.4,57,1.56,17.5,0.175,1.4
1974-04-24,12.6,61,1.28,15.5,0.226,2.3
1974-04-25,12.8,44,1.61,15.5,0.219,0.0
1974-04-26,13.7,49,1.65,16.0,0.202,0.1
1974-04-27,15.2,51,1.95,17.0,0.188,0.0
1974-04-28,17.7,47,2.27,18.7,0.176,0.0
1974-04-29,20.1,46,2.95,20.8,0.166,0.0
1974-04-30,21.7,46,3.4,22.4,0.157,0.0
1974-05-01,21.0,47,2.95,22.9,0.149,0.0
1974-05-02,18.7,39,2.7,21.9,0.143,0.0
1974-05-03,19.1,44,2.63,22.0,0.139,0.0
1974-05-04,19.9,49,2.33,22.4,0.136,0.0
1974-05-05,21.1,49,2.71,23.1,0.134,0.0
1974-05-06,22.1,49,3.31,24.3,0.132,0.0
1974-05-07,24.7,48,4.03,26.2,0.131,0.0
1974-05-08,25.8,44,4.62,27.4,0.129,0.0
1974-05-09,23.7,34,3.89,26.5,0.128,0.0
1974-05-10,20.8,37,3.17,24.6,0.127,0.0
1974-05-11,23.4,39,3.84,26.0,0.127,0.0
1974-05-12,22.2,34,3.43,25.4,0.126,0.0
1974-05-13,19.5,35,2.98,23.7,0.126,0.0
1974-05-14,20.5,35,3.15,24.2,0.126,0.0
1974-05-15,18.5,38,2.73,23.1,0.125,0.0
1974-05-16,15.9,37,2.35,21.1,0.125,0.0
1974-05-17,14.2,37,2.04,19.9,0.125,0.0
1974-05-18,13.3,41,1.66,18.3,0.126,0.0
1974-05-19,14.6,43,1.93,18.8,0.128,0.2
1974-05-20,16.8,42,2.43,20.7,0.128,0.0
1974-05-21,20.1,36,3.14,23.2,0.127,0.0
1974-05-22,22.6,30,3.47,25.4,0.126,0.0
1974-05-23,23.0,34,3.72,25.9,0.125,0.0
1974-05-24,24.4,36,4.21,27.3,0.125,0.0
1974-05-25,26.6,35,5.01,28.7,0.125,0.0
1974-05-26,29.3,34,5.82,30.9,0.124,0.0
1974-05-27,30.3,31,5.84,32.0,0.124,0.0
1974-05-28,25.6,31,4.25,30.5,0.124,0.0
1974-05-29,21.1,35,3.33,26.9,0.124,0.0
1974-05-30,22.7,35,3.64,27.1,0.124,0.0
1974-05-31,24.4,33,4.1,28.5,0.124,0.0
1974-06-01,24.1,36,3.76,28.5,0.124,0.0
1974-06-02,26.0,34,4.13,29.8,0.124,0.0
1974-06-03,26.3,36,4.47,30.1,0.124,0.0
1974-06-04,26.3,37,4.28,29.9,0.124,0.0
1974-06-05,27.7,34,3.97,30.6,0.124,0.0
1974-06-06,27.5,34,4.28,30.8,0.124,0.0
1974-06-07,26.5,27,4.4,30.0,0.124,0.0
1974-06-08,26.8,18,4.88,30.3,0.124,0.0
1974-06-09,27.9,29,5.4,31.4,0.124,0.0
1974-06-10,29.1,30,5.69,32.5,0.124,0.0
1974-06-11,29.6,30,5.49,33.1,0.124,0.0
1974-06-12,28.2,27,5.28,32.4,0.124,0.0
1974-06-13,27.7,31,4.83,32.1,0.124,0.0
1974-06-14,26.9,35,4.68,31.7,0.124,0.0
1974-06-15,25.4,40,3.97,30.7,0.124,0.0
1974-06-16,22.6,40,3.51,29.3,0.124,0.0
1974-06-17,22.1,39,3.32,28.4,0.124,0.0
1974-06-18,22.5,41,3.1,28.1,0.124,0.0
1974-06-19,21.9,44,2.93,27.9,0.124,0.0
1974-06-20,23.5,42,3.54,28.2,0.124,0.0
1974-06-21,27.7,37,4.68,31.3,0.124,0.0
1974-06-22,28.3,35,4.94,32.3,0.124,0.0
1974-06-23,26.8,30,4.89,31.5,0.124,0.0
1974-06-24,27.4,28,5.24,31.7,0.124,0.0
1974-06-25,25.0,27,4.28,29.9,0.124,0.0
1974-06-26,25.4,26,4.66,29.8,0.124,0.0
1974-06-27,26.4,25,5.16,30.4,0.124,0.0
1974-06-28,28.7,31,5.69,32.3,0.124,0.0
1974-06-29,31.8,29,6.57,34.7,0.124,0.0
1974-06-30,31.1,26,5.83,35.4,0.124,0.0
1974-07-01,27.8,37,4.74,33.4,0.124,0.0
1974-07-02,28.8,31,5.18,33.8,0.124,0.0
1974-07-03,29.3,31,5.14,33.9,0.124,0.0
1974-07-04,30.4,30,5.81,34.7,0.124,0.0
1974-07-05,30.5,27,5.91,34.9,0.124,0.0
1974-07-06,26.7,32,4.44,32.6,0.124,0.0
1974-07-07,24.5,31,4.09,30.8,0.124,0.0
1974-07-08,24.6,38,3.89,30.2,0.124,0.1
1974-07-09,23.5,62,2.57,28.4,0.139,2.9
1974-07-10,21.8,52,2.59,27.2,0.144,0.2
1974-07-11,21.4,43,3.13,26.7,0.138,0.0
1974-07-12,23.9,41,3.64,28.5,0.133,0.0
1974-07-13,26.8,41,4.59,30.8,0.129,0.0
1974-07-14,28.8,37,5.21,32.5,0.127,0.0
1974-07-15,28.8,32,4.96,33.0,0.126,0.0
1974-07-16,27.0,32,4.59,32.0,0.125,0.0
1974-07-17,27.0,36,4.64,31.9,0.125,0.0
1974-07-18,28.5,40,5.19,32.9,0.124,0.0
1974-07-19,30.5,37,5.92,34.4,0.124,0.0
1974-07-20,31.1,33,5.63,35.2,0.124,0.0
1974-07-21,30.7,28,5.81,34.9,0.124,0.0
1974-07-22,30.6,28,5.88,34.8,0.124,0.0
1974-07-23,32.1,33,6.15,36.2,0.124,0.0
1974-07-24,32.7,36,5.47,36.2,0.124,0.1
1974-07-25,33.6,34,6.46,37.2,0.124,0.0
1974-07-26,33.5,33,5.9,37.7,0.124,0.0
1974-07-27,31.3,35,5.26,36.3,0.124,0.0
1974-07-28,30.2,37,5.33,35.2,0.124,0.0
1974-07-29,29.6,36,5.23,33.9,0.124,0.0
1974-07-30,29.8,38,5.13,34.6,0.124,0.0
1974-07-31,30.6,38,5.18,35.4,0.124,0.0
1974-08-01,30.9,40,5.41,35.7,0.124,0.0
1974-08-02,32.2,38,5.89,36.7,0.123,0.0
1974-08-03,32.3,33,5.9,36.7,0.123,0.0
1974-08-04,31.2,35,4.8,35.8,0.123,0.0
1974-08-05,31.0,38,4.94,35.8,0.124,0.0
1974-08-06,30.8,40,4.92,35.6,0.124,0.0
1974-08-07,30.6,33,5.27,35.2,0.124,0.0
1974-08-08,27.9,33,4.73,33.5,0.124,0.0
1974-08-09,29.0,36,4.72,33.8,0.124,0.0
1974-08-10,28.5,40,4.41,33.7,0.124,0.0
1974-08-11,28.8,40,4.5,34.0,0.124,0.0
1974-08-12,28.3,36,4.63,33.5,0.124,0.0
1974-08-13,27.0,34,4.53,32.6,0.124,0.0
1974-08-14,25.7,31,4.26,31.3,0.124,0.0
1974-08-15,26.3,34,4.36,31.5,0.124,0.0
1974-08-16,26.0,36,4.09,31.2,0.124,0.0
1974-08-17,25.5,37,4.32,30.6,0.124,0.0
1974-08-18,26.1,34,4.7,30.7,0.124,0.0
1974-08-19,24.2,32,3.84,29.3,0.124,0.0
1974-08-20,24.6,34,3.87,29.6,0.124,0.0
1974-08-21,26.6,35,4.68,30.8,0.124,0.0
1974-08-22,28.3,35,5.38,32.2,0.124,0.0
1974-08-23,29.0,32,5.47,33.0,0.124,0.0
1974-08-24,29.5,32,5.53,33.4,0.124,0.0
1974-08-25,29.2,30,5.42,33.2,0.124,0.0
1974-08-26,28.0,36,5.04,32.5,0.123,0.0
1974-08-27,27.5,35,4.57,32.2,0.123,0.0
1974-08-28,26.2,38,4.15,31.1,0.123,0.0
1974-08-29,25.5,41,4.02,30.6,0.124,0.0
1974-08-30,25.2,43,3.61,29.9,0.124,0.0
1974-08-31,25.7,44,3.96,30.4,0.124,0.0
1974-09-01,26.6,43,4.08,31.1,0.124,0.0
1974-09-02,27.6,41,4.42,31.8,0.124,0.0
1974-09-03,27.0,39,4.18,31.3,0.124,0.0
1974-09-04,26.8,38,4.49,31.1,0.124,0.0
1974-09-05,28.4,34,5.48,32.1,0.124,0.0
1974-09-06,29.2,34,5.57,32.8,0.124,0.0
1974-09-07,29.2,36,5.41,32.9,0.124,0.0
1974-09-08,28.7,29,4.92,32.5,0.123,0.0
1974-09-09,26.9,33,4.58,31.3,0.124,0.0
1974-09-10,26.9,38,4.52,31.1,0.124,0.0
1974-09-11,27.5,39,4.51,31.2,0.124,0.0
1974-09-12,27.4,32,4.3,30.9,0.124,0.0
1974-09-13,25.1,39,3.56,29.9,0.124,0.0
1974-09-14,24.7,44,3.41,29.5,0.124,0.0
1974-09-15,25.0,45,3.56,29.3,0.124,0.0
1974-09-16,25.4,44,3.86,29.4,0.124,0.0
1974-09-17,25.9,44,4.02,29.6,0.124,0.0
1974-09-18,26.5,43,4.13,30.1,0.124,0.0
1974-09-19,25.9,45,3.74,29.9,0.124,0.0
1974-09-20,25.5,49,3.61,29.6,0.124,0.0
1974-09-21,26.0,46,4.19,29.8,0.124,0.0
1974-09-22,26.3,44,4.18,30.1,0.124,0.0
1974-09-23,26.5,42,4.48,30.1,0.124,0.0
1974-09-24,26.0,41,4.18,29.8,0.124,0.0
1974-09-25,25.8,40,3.82,29.3,0.124,0.0
1974-09-26,23.8,46,3.18,28.2,0.124,0.0
1974-09-27,23.0,49,3.02,27.5,0.124,0.0
1974-09-28,23.7,48,3.59,27.6,0.124,0.0
1974-09-29,23.5,45,3.71,27.1,0.124,0.0
1974-09-30,23.3,38,3.82,26.8,0.124,0.0
1974-10-01,24.7,35,4.29,27.5,0.124,0.0
1974-10-02,22.0,63,2.12,25.2,0.174,3.5
1974-10-03,22.2,61,2.24,25.3,0.183,0.0
1974-10-04,20.3,55,1.99,23.6,0.17,0.0
1974-10-05,20.8,58,2.1,23.8,0.164,0.5
1974-10-06,21.5,47,3.03,24.1,0.158,0.0
1974-10-07,20.6,51,2.49,23.1,0.153,0.9
1974-10-08,19.7,66,1.78,22.2,0.161,0.1
1974-10-09,19.6,57,1.96,22.4,0.156,0.0
1974-10-10,19.6,54,2.03,22.6,0.15,0.0
1974-10-11,20.2,54,2.38,22.6,0.144,0.0
1974-10-12,21.1,46,3.21,23.2,0.14,0.0
1974-10-13,21.7,44,3.34,23.5,0.136,0.0
1974-10-14,21.8,45,3.39,24.0,0.133,0.0
1974-10-15,22.7,46,3.9,24.6,0.131,0.0
1974-10-16,22.9,42,3.87,24.8,0.13,0.0
1974-10-17,23.1,40,3.56,24.6,0.129,0.0
1974-10-18,23.3,41,3.66,24.9,0.128,0.0
1974-10-19,23.3,42,3.1,24.8,0.127,0.0
1974-10-20,22.1,46,3.04,24.1,0.127,0.0
1974-10-21,19.6,51,2.4,22.9,0.126,0.0
1974-10-22,19.3,42,2.63,22.0,0.126,0.0
1974-10-23,17.6,50,2.15,20.9,0.126,0.0
1974-10-24,17.5,57,1.76,20.5,0.125,0.0
1974-10-25,18.3,56,1.91,20.9,0.125,0.0
1974-10-26,17.3,60,1.45,20.2,0.125,0.0
1974-10-27,17.5,57,1.7,20.7,0.127,0.8
1974-10-28,13.7,78,0.88,17.5,0.335,29.7
1974-10-29,12.0,79,0.69,15.1,0.343,2.2
1974-10-30,13.1,68,1.11,15.4,0.302,0.0
1974-10-31,13.4,74,0.65,14.7,0.282,1.5
1974-11-01,12.5,80,0.58,14.8,0.282,0.5
1974-11-02,12.1,65,1.03,14.0,0.28,0.0
1974-11-03,12.2,65,1.11,13.7,0.263,0.0
1974-11-04,13.2,66,1.3,14.1,0.249,0.0
1974-11-05,12.4,68,1.28,13.9,0.237,0.0
1974-11-06,13.4,64,1.45,14.3,0.226,0.0
1974-11-07,13.4,68,2.08,14.6,0.22,3.4
1974-11-08,11.2,79,0.73,13.5,0.228,0.0
1974-11-09,11.3,65,1.13,12.8,0.221,0.0
1974-11-10,11.7,70,1.04,12.9,0.213,0.0
1974-11-11,13.3,74,1.4,14.0,0.206,0.0
1974-11-12,15.0,71,1.74,15.3,0.199,0.0
1974-11-13,16.0,67,1.76,16.0,0.193,0.0
1974-11-14,16.3,65,1.73,16.4,0.188,0.0
1974-11-15,13.6,71,1.3,15.3,0.182,0.0
1974-11-16,12.0,79,0.88,13.9,0.178,0.0
1974-11-17,11.8,79,0.86,14.0,0.176,0.0
1974-11-18,11.0,80,0.78,12.7,0.173,0.0
1974-11-19,11.1,75,0.97,12.9,0.171,0.0
1974-11-20,13.6,66,1.7,13.9,0.168,0.0
1974-11-21,12.8,86,0.62,13.5,0.233,12.9
1974-11-22,9.7,75,0.82,12.0,0.31,0.0
1974-11-23,9.3,71,0.81,10.4,0.284,0.0
1974-11-24,11.0,71,1.45,11.1,0.266,0.0
1974-11-25,10.8,73,1.0,11.2,0.253,0.0
1974-11-26,10.2,81,0.86,11.3,0.243,0.0
1974-11-27,9.8,75,1.01,10.9,0.235,0.0
1974-11-28,9.3,78,0.87,10.7,0.227,0.0
1974-11-29,9.7,75,1.2,10.7,0.22,0.0
1974-11-30,10.2,74,1.12,10.9,0.215,0.0
1974-12-01,9.7,70,1.27,10.5,0.209,0.0
1974-12-02,9.9,70,0.96,10.2,0.207,0.5
1974-12-03,11.4,87,0.37,11.1,0.313,29.2
1974-12-04,11.7,83,0.64,12.1,0.376,19.8
1974-12-05,9.3,80,0.73,10.2,0.341,0.0
1974-12-06,8.8,80,0.77,9.5,0.323,0.0
1974-12-07,7.9,88,0.34,8.8,0.313,0.0
1974-12-08,7.6,84,0.68,8.9,0.305,0.0
1974-12-09,7.7,83,0.69,8.6,0.297,0.0
1974-12-10,6.4,89,0.42,8.2,0.292,0.0
1974-12-11,7.0,89,0.45,8.5,0.287,0.0
1974-12-12,9.5,87,0.41,10.3,0.283,0.0
1974-12-13,9.5,80,0.74,10.2,0.279,0.0
1974-12-14,7.7,79,0.59,8.7,0.273,0.0
1974-12-15,8.2,86,0.36,9.5,0.27,0.0
1974-12-16,8.4,88,0.6,9.2,0.266,0.0
1974-12-17,7.4,88,0.38,8.5,0.263,0.0
1974-12-18,7.3,82,0.64,8.1,0.26,0.0
1974-12-19,6.1,83,0.57,7.3,0.256,0.0
1974-12-20,6.8,84,0.51,7.3,0.253,0.0
1974-12-21,6.8,88,0.5,7.9,0.25,0.0
1974-12-22,7.3,62,0.83,8.3,0.246,0.0
1974-12-23,4.5,51,0.73,5.9,0.24,0.0
1974-12-24,3.4,61,0.64,4.2,0.237,0.0
1974-12-25,4.0,65,0.66,4.0,0.234,0.0
1974-12-26,4.7,70,0.83,4.6,0.231,0.0
1974-12-27,8.4,64,1.05,7.2,0.24,10.1
1974-12-28,8.7,75,0.56,8.6,0.335,4.1
1974-12-29,4.8,65,0.66,6.7,0.313,0.0
1974-12-30,4.2,76,0.52,4.8,0.299,0.1
1974-12-31,3.5,72,0.58,4.1,0.295,0.0
1975-01-01,2.6,69,0.63,3.0,0.285,0.0
1975-01-02,2.3,74,0.58,2.9,0.277,0.0
1975-01-03,4.1,70,0.73,3.3,0.27,0.0
1975-01-04,4.7,77,0.59,3.6,0.265,0.0
1975-01-05,5.4,88,0.49,5.5,0.261,0.0
1975-01-06,6.7,86,0.31,6.3,0.269,2.2
1975-01-07,9.8,89,0.35,9.0,0.292,0.2
1975-01-08,8.7,89,0.4,8.9,0.331,12.0
1975-01-09,5.8,69,0.72,6.9,0.351,0.7
1975-01-10,5.6,68,0.4,6.4,0.322,0.0
1975-01-11,5.2,89,0.34,6.2,0.31,0.0
1975-01-12,6.6,82,0.76,6.7,0.3,0.0
1975-01-13,6.6,87,0.62,7.2,0.291,0.0
1975-01-14,7.5,85,0.84,8.1,0.284,0.0
1975-01-15,9.0,80,0.99,8.6,0.277,0.0
1975-01-16,9.9,78,0.99,9.7,0.27,0.0
1975-01-17,8.7,80,0.84,9.0,0.265,0.0
1975-01-18,8.5,82,0.94,9.0,0.259,0.0
1975-01-19,9.7,75,0.99,9.3,0.254,0.0
1975-01-20,8.7,81,0.82,8.9,0.249,0.0
1975-01-21,7.4,88,0.58,8.7,0.245,0.0
1975-01-22,9.1,79,1.17,9.6,0.241,0.0
1975-01-23,8.6,83,0.89,9.7,0.236,0.0
1975-01-24,8.6,90,0.52,9.7,0.232,0.0
1975-01-25,10.2,85,0.95,10.7,0.229,0.0
1975-01-26,9.4,79,0.69,10.4,0.225,0.3
1975-01-27,6.1,51,0.78,8.3,0.22,0.0
1975-01-28,4.3,50,0.91,5.8,0.216,0.0
1975-01-29,4.6,65,0.69,5.5,0.214,0.4
1975-01-30,4.8,70,0.75,6.4,0.214,0.7
1975-01-31,6.0,65,0.9,6.4,0.214,1.8
1975-02-01,8.9,80,0.52,8.3,0.297,12.7
1975-02-02,9.1,85,0.31,8.6,0.394,24.4
1975-02-03,8.4,89,0.4,9.0,0.412,8.2
1975-02-04,8.3,90,0.23,8.9,0.417,12.0
1975-02-05,9.3,83,0.63,9.9,0.392,0.3
1975-02-06,10.5,77,0.95,10.2,0.371,0.4
1975-02-07,10.7,84,0.57,10.4,0.373,0.0
1975-02-08,11.8,82,0.93,10.9,0.376,2.7
1975-02-09,12.7,81,0.7,12.1,0.418,15.6
1975-02-10,10.6,81,0.72,11.6,0.415,9.4
1975-02-11,9.7,75,0.84,10.3,0.384,0.0
1975-02-12,10.0,77,0.73,9.7,0.369,0.0
1975-02-13,10.8,91,0.22,10.6,0.413,17.0
1975-02-14,9.3,72,0.72,10.2,0.398,0.0
1975-02-15,6.5,56,0.75,8.6,0.375,0.0
1975-02-16,6.3,63,0.66,6.9,0.361,0.5
1975-02-17,5.4,58,0.73,7.1,0.349,0.0
1975-02-18,6.4,71,0.71,7.3,0.339,0.0
1975-02-19,7.8,81,0.63,7.9,0.34,7.0
1975-02-20,9.3,77,0.65,10.0,0.368,1.1
1975-02-21,6.2,56,0.8,8.1,0.344,0.0
1975-02-22,6.9,64,0.84,7.7,0.33,0.0
1975-02-23,8.8,72,1.12,9.1,0.319,0.0
1975-02-24,10.3,78,0.93,10.3,0.309,0.0
1975-02-25,12.0,79,1.02,11.8,0.301,0.0
1975-02-26,11.5,80,1.02,12.2,0.293,0.0
1975-02-27,12.7,79,1.02,13.0,0.284,0.0
1975-02-28,13.8,79,1.31,13.6,0.277,0.0
1975-03-01,14.2,66,1.81,13.8,0.269,0.0
1975-03-02,13.1,74,1.04,13.7,0.26,0.0
1975-03-03,12.4,76,1.15,13.5,0.252,0.0
1975-03-04,14.6,74,1.34,14.3,0.246,0.6
1975-03-05,12.2,86,0.49,13.1,0.298,21.5
1975-03-06,12.3,82,0.69,12.9,0.397,15.4
1975-03-07,13.6,78,0.93,12.8,0.412,18.3
1975-03-08,12.7,83,0.74,13.5,0.421,6.1
1975-03-09,10.6,71,0.76,12.2,0.389,0.0
1975-03-10,9.0,78,0.41,10.8,0.392,5.9
1975-03-11,9.9,76,0.7,10.8,0.385,2.0
1975-03-12,10.7,73,1.03,11.7,0.368,0.1
1975-03-13,8.7,82,0.61,10.6,0.38,10.9
1975-03-14,6.1,82,0.48,9.1,0.389,0.3
1975-03-15,8.5,70,0.99,9.9,0.369,0.0
1975-03-16,8.8,67,0.84,10.6,0.395,9.7
1975-03-17,8.6,67,0.9,10.3,0.374,0.0
1975-03-18,12.0,66,1.09,12.0,0.355,0.0
1975-03-19,12.7,76,1.06,13.2,0.34,0.3
1975-03-20,10.0,65,0.83,11.8,0.33,0.4
1975-03-21,9.2,70,0.85,10.8,0.33,11.0
1975-03-22,9.6,73,0.83,11.4,0.402,12.0
1975-03-23,9.7,72,0.87,11.4,0.369,0.0
1975-03-24,13.7,73,0.95,14.1,0.35,0.0
1975-03-25,11.9,74,0.79,12.9,0.393,14.8
1975-03-26,9.1,36,1.04,10.8,0.368,0.0
1975-03-27,8.9,51,1.09,9.9,0.345,0.0
1975-03-28,8.6,51,0.97,10.4,0.331,0.0
1975-03-29,9.0,60,1.08,10.9,0.318,0.0
1975-03-30,11.6,64,1.4,12.5,0.307,0.0
1975-03-31,11.7,65,1.23,12.3,0.301,1.2
1975-04-01,10.1,51,1.23,11.7,0.295,0.0
1975-04-02,11.7,53,1.49,12.5,0.282,0.0
1975-04-03,11.3,64,1.09,12.9,0.271,0.0
1975-04-04,10.9,60,1.15,13.0,0.265,1.5
1975-04-05,9.6,73,0.63,11.7,0.351,12.2
1975-04-06,7.5,75,0.53,10.6,0.369,3.6
1975-04-07,8.3,73,0.74,10.7,0.35,2.1
1975-04-08,9.4,73,1.06,11.9,0.353,0.5
1975-04-09,10.9,65,1.31,12.4,0.33,0.0
1975-04-10,12.2,66,1.15,13.2,0.318,1.5
1975-04-11,12.0,67,1.05,13.4,0.321,0.0
1975-04-12,13.7,67,1.37,14.3,0.303,0.0
1975-04-13,15.2,62,1.66,15.5,0.285,0.0
1975-04-14,11.9,68,0.81,14.3,0.288,5.2
1975-04-15,9.8,73,0.85,13.2,0.353,0.6
1975-04-16,9.0,69,0.85,12.0,0.337,1.5
1975-04-17,10.6,60,1.32,12.3,0.324,0.0
1975-04-18,11.3,63,1.23,13.2,0.299,0.0
1975-04-19,12.7,63,1.37,14.0,0.28,0.0
1975-04-20,15.3,63,1.68,15.8,0.263,0.0
1975-04-21,16.9,55,1.99,17.1,0.248,0.0
1975-04-22,14.3,49,1.65,16.4,0.233,0.0
1975-04-23,13.3,56,1.49,15.8,0.22,0.0
1975-04-24,15.8,59,1.85,16.4,0.212,3.2
1975-04-25,11.2,65,1.21,14.7,0.244,3.9
1975-04-26,11.6,54,1.6,14.2,0.238,0.0
1975-04-27,14.0,53,1.58,15.4,0.221,0.0
1975-04-28,15.3,53,1.95,16.6,0.207,0.0
1975-04-29,17.2,43,2.25,17.8,0.193,0.0
1975-04-30,17.2,50,2.2,18.4,0.183,0.0
1975-05-01,17.8,52,2.44,19.3,0.176,0.0
1975-05-02,18.2,52,2.38,19.9,0.167,0.0
1975-05-03,16.2,58,2.19,19.2,0.161,0.8
1975-05-04,11.8,44,1.58,16.1,0.172,0.2
1975-05-05,13.2,47,1.82,16.3,0.165,0.0
1975-05-06,15.3,46,2.02,17.6,0.158,0.0
1975-05-07,16.9,51,2.29,19.1,0.152,0.0
1975-05-08,19.1,48,2.73,21.1,0.146,0.0
1975-05-09,20.2,50,2.89,22.3,0.141,0.0
1975-05-10,21.4,47,3.16,23.4,0.137,0.0
1975-05-11,20.7,48,2.81,23.2,0.134,0.0
1975-05-12,23.0,38,3.73,24.7,0.132,0.0
1975-05-13,26.5,39,4.9,26.7,0.13,0.0
1975-05-14,23.3,45,3.07,26.4,0.129,0.0
1975-05-15,18.8,44,2.34,23.3,0.128,0.0
1975-05-16,19.3,49,2.56,23.1,0.128,0.0
1975-05-17,23.4,45,3.44,25.6,0.127,0.0
1975-05-18,26.0,40,4.17,27.2,0.127,0.0
1975-05-19,22.8,36,3.33,26.7,0.126,0.0
1975-05-20,16.2,29,2.23,21.2,0.126,0.0
1975-05-21,17.6,30,2.38,21.7,0.126,0.0
1975-05-22,20.4,34,3.12,23.5,0.126,0.0
1975-05-23,22.6,37,3.31,25.4,0.125,0.0
1975-05-24,24.8,37,4.12,26.7,0.125,0.0
1975-05-25,25.4,29,4.56,27.3,0.125,0.0
1975-05-26,25.9,24,4.89,28.1,0.124,0.0
1975-05-27,25.5,30,4.09,28.4,0.124,0.0
1975-05-28,27.0,25,4.71,29.1,0.124,0.0
1975-05-29,27.3,25,5.11,29.5,0.124,0.0
1975-05-30,28.0,30,5.17,30.3,0.124,0.0
1975-05-31,28.1,33,5.17,30.9,0.124,0.0
1975-06-01,26.8,32,4.29,30.6,0.124,0.0
1975-06-02,25.0,35,3.71,29.4,0.124,0.0
1975-06-03,23.9,39,3.68,28.4,0.124,0.0
1975-06-04,27.4,36,4.65,30.4,0.124,0.0
1975-06-05,28.1,37,5.1,31.5,0.124,0.0
1975-06-06,28.2,36,4.75,31.9,0.124,0.0
1975-06-07,26.8,33,4.55,31.3,0.124,0.0
1975-06-08,26.8,37,4.32,30.9,0.124,0.0
1975-06-09,28.7,26,5.22,31.8,0.124,0.0
1975-06-10,29.5,29,5.7,32.7,0.124,0.0
1975-06-11,29.0,32,5.05,33.0,0.124,0.0
1975-06-12,28.3,35,4.6,32.3,0.124,0.0
1975-06-13,30.3,33,5.39,33.8,0.124,0.0
1975-06-14,30.1,34,5.26,34.0,0.124,0.0
1975-06-15,28.9,32,5.32,33.2,0.124,0.0
1975-06-16,26.4,33,4.38,31.7,0.124,0.0
1975-06-17,21.3,37,2.8,27.8,0.124,0.0
1975-06-18,20.4,39,2.99,26.7,0.124,0.0
1975-06-19,19.2,44,2.29,25.3,0.127,0.8
1975-06-20,20.6,48,2.65,26.1,0.13,0.0
1975-06-21,24.6,42,3.64,28.8,0.127,0.0
1975-06-22,26.1,33,4.47,30.3,0.126,0.0
1975-06-23,24.1,33,3.79,29.5,0.125,0.0
1975-06-24,18.5,41,2.17,25.0,0.125,0.0
1975-06-25,20.3,32,3.23,25.4,0.125,0.0
1975-06-26,23.5,32,3.94,27.6,0.124,0.0
1975-06-27,25.2,31,4.41,28.9,0.124,0.0
1975-06-28,25.7,30,4.39,29.6,0.124,0.0
1975-06-29,26.7,30,4.69,30.8,0.124,0.0
1975-06-30,24.9,30,3.98,30.0,0.124,0.0
1975-07-01,22.4,32,3.54,28.1,0.124,0.0
1975-07-02,22.7,35,3.59,28.1,0.124,0.0
1975-07-03,22.5,36,3.42,27.9,0.124,0.0
1975-07-04,23.3,40,3.83,28.6,0.124,0.0
1975-07-05,25.1,38,4.16,29.7,0.124,0.0
1975-07-06,27.5,34,4.63,31.4,0.124,0.0
1975-07-07,27.9,36,4.7,31.9,0.124,0.0
1975-07-08,27.9,34,5.04,32.0,0.124,0.0
1975-07-09,28.9,31,5.1,32.7,0.124,0.0
1975-07-10,29.4,29,5.36,33.3,0.124,0.0
1975-07-11,29.2,30,5.44,33.5,0.124,0.0
1975-07-12,27.6,36,4.93,32.6,0.124,0.0
1975-07-13,27.3,38,4.67,32.6,0.124,0.0
1975-07-14,28.3,35,4.73,33.1,0.124,0.0
1975-07-15,24.0,47,2.87,29.4,0.124,0.1
1975-07-16,24.9,50,3.18,30.2,0.125,0.0
1975-07-17,27.3,45,3.84,32.1,0.124,0.0
1975-07-18,25.7,42,3.35,31.5,0.124,0.0
1975-07-19,26.2,41,3.85,31.5,0.124,0.0
1975-07-20,27.3,39,4.14,32.0,0.124,0.0
1975-07-21,27.6,38,4.43,32.3,0.124,0.0
1975-07-22,29.4,34,5.62,33.5,0.124,0.0
1975-07-23,30.6,29,6.24,34.3,0.124,0.0
1975-07-24,31.0,28,6.16,34.9,0.124,0.0
1975-07-25,32.8,28,6.92,36.1,0.124,0.0
1975-07-26,33.9,27,6.99,37.1,0.123,0.0
1975-07-27,33.5,26,6.9,37.2,0.123,0.0
1975-07-28,30.7,30,5.51,35.9,0.123,0.0
1975-07-29,27.1,38,4.08,33.6,0.123,0.0
1975-07-30,24.9,29,4.15,31.5,0.123,0.0
1975-07-31,26.0,29,4.58,31.2,0.123,0.0
1975-08-01,28.1,27,5.48,32.4,0.123,0.0
1975-08-02,29.7,27,6.22,33.6,0.123,0.0
1975-08-03,30.6,28,6.39,34.6,0.123,0.0
1975-08-04,31.2,29,6.36,35.3,0.123,0.0
1975-08-05,31.1,32,5.89,35.8,0.123,0.0
1975-08-06,28.7,29,5.03,33.8,0.123,0.0
1975-08-07,26.3,27,4.55,31.6,0.123,0.0
1975-08-08,29.4,26,5.61,33.4,0.123,0.0
1975-08-09,30.6,30,5.99,34.4,0.123,0.0
1975-08-10,30.4,30,5.03,35.1,0.123,0.0
1975-08-11,29.8,34,5.25,34.7,0.123,0.0
1975-08-12,28.6,37,4.43,33.9,0.123,0.0
1975-08-13,27.5,38,4.09,33.1,0.123,0.0
1975-08-14,27.4,36,4.2,33.0,0.123,0.0
1975-08-15,27.6,38,4.39,32.9,0.123,0.0
1975-08-16,27.0,38,4.1,32.5,0.123,0.0
1975-08-17,25.8,39,3.93,31.3,0.123,0.0
1975-08-18,22.2,59,2.22,28.1,0.129,1.4
1975-08-19,21.0,69,1.92,25.8,0.189,3.1
1975-08-20,23.5,53,2.79,27.3,0.18,0.1
1975-08-21,25.4,48,3.47,28.3,0.171,0.0
1975-08-22,25.8,42,4.08,29.2,0.155,0.0
1975-08-23,27.2,38,4.75,30.6,0.143,0.0
1975-08-24,27.9,36,4.76,31.4,0.135,0.0
1975-08-25,28.1,39,4.79,32.0,0.131,0.0
1975-08-26,26.8,39,4.01,31.7,0.129,0.0
1975-08-27,23.3,46,3.05,29.3,0.127,0.0
1975-08-28,22.5,49,2.85,28.0,0.127,0.0
1975-08-29,23.8,38,3.69,28.1,0.126,0.0
1975-08-30,24.0,35,3.98,28.4,0.126,0.0
1975-08-31,24.6,37,3.98,28.9,0.125,0.0
1975-09-01,23.9,34,3.67,28.5,0.125,0.0
1975-09-02,24.7,35,4.06,29.1,0.124,0.0
1975-09-03,26.6,35,4.8,30.2,0.124,0.0
1975-09-04,28.2,34,5.41,31.5,0.124,0.0
1975-09-05,29.0,35,5.51,32.1,0.124,0.0
1975-09-06,28.9,34,4.96,32.3,0.124,0.0
1975-09-07,28.2,36,4.82,32.1,0.124,0.0
1975-09-08,27.3,36,4.05,31.3,0.124,0.0
1975-09-09,27.3,37,3.76,31.2,0.125,0.0
1975-09-10,26.0,42,3.24,30.4,0.124,0.0
1975-09-11,25.4,42,3.52,29.9,0.125,0.0
1975-09-12,25.9,44,3.56,30.1,0.124,0.0
1975-09-13,26.0,42,3.97,30.1,0.124,0.0
1975-09-14,25.2,43,3.6,29.6,0.124,0.0
1975-09-15,25.8,44,3.74,29.9,0.124,0.0
1975-09-16,26.1,46,3.69,30.1,0.125,0.0
1975-09-17,28.2,43,4.06,31.5,0.126,0.0
1975-09-18,27.4,34,4.06,31.1,0.125,0.0
1975-09-19,25.8,33,3.92,30.0,0.125,0.0
1975-09-20,25.1,38,3.69,29.3,0.124,0.0
1975-09-21,26.1,43,4.06,29.7,0.124,0.0
1975-09-22,26.9,43,4.27,30.4,0.124,0.0
1975-09-23,26.7,42,4.44,30.4,0.124,0.0
1975-09-24,28.1,37,5.08,30.8,0.124,0.0
1975-09-25,28.7,30,5.56,31.1,0.124,0.0
1975-09-26,28.2,30,5.04,30.8,0.124,0.0
1975-09-27,26.0,30,4.44,29.6,0.124,0.0
1975-09-28,23.9,35,3.66,28.2,0.124,0.0
1975-09-29,23.7,37,3.68,27.5,0.124,0.0
1975-09-30,24.0,39,3.7,27.5,0.124,0.0
1975-10-01,24.6,42,3.72,28.2,0.124,0.0
1975-10-02,24.9,45,3.61,28.5,0.124,0.0
1975-10-03,25.7,42,3.85,29.2,0.124,0.0
1975-10-04,25.7,38,4.25,29.0,0.124,0.0
1975-10-05,26.1,38,4.4,28.8,0.124,0.0
1975-10-06,23.5,46,3.67,27.6,0.124,0.4
1975-10-07,16.8,46,1.81,22.6,0.126,3.6
1975-10-08,17.2,44,2.25,21.8,0.126,0.0
1975-10-09,18.0,41,2.46,21.2,0.125,0.0
1975-10-10,16.5,59,1.12,18.7,0.161,5.3
1975-10-11,16.3,71,1.31,19.3,0.233,6.4
1975-10-12,14.9,68,1.22,18.3,0.229,1.4
1975-10-13,14.8,66,1.44,17.6,0.221,0.0
1975-10-14,16.3,63,1.53,18.5,0.205,0.0
1975-10-15,17.9,60,2.04,19.3,0.191,0.0
1975-10-16,18.5,63,2.24,20.3,0.179,0.0
1975-10-17,19.8,59,2.78,21.2,0.17,0.0
1975-10-18,19.0,62,1.75,21.6,0.161,0.0
1975-10-19,18.8,62,2.03,21.2,0.155,0.0
1975-10-20,20.0,59,2.64,21.5,0.15,0.0
1975-10-21,20.0,57,2.53,21.8,0.144,0.0
1975-10-22,16.0,52,1.86,19.4,0.141,0.0
1975-10-23,13.1,33,1.71,17.1,0.138,0.0
1975-10-24,13.0,38,1.77,16.1,0.136,0.0
1975-10-25,14.6,40,2.1,16.9,0.134,0.0
1975-10-26,15.1,51,1.76,16.1,0.138,2.7
1975-10-27,14.0,57,1.52,16.6,0.159,1.8
1975-10-28,12.8,57,1.63,16.0,0.154,0.0
1975-10-29,15.6,51,2.67,16.9,0.15,0.0
1975-10-30,11.9,75,0.79,13.7,0.278,22.9
1975-10-31,12.4,75,0.95,14.7,0.317,0.0
1975-11-01,13.6,70,1.2,14.5,0.283,0.0
1975-11-02,14.4,76,1.37,15.4,0.262,0.0
1975-11-03,15.1,78,1.39,16.2,0.246,0.0
1975-11-04,16.3,78,1.64,17.0,0.233,0.0
1975-11-05,16.3,72,1.36,17.0,0.222,0.0
1975-11-06,14.0,74,1.06,16.2,0.212,0.0
1975-11-07,13.6,71,1.16,15.5,0.204,0.0
1975-11-08,14.0,74,1.07,15.8,0.198,0.0
1975-11-09,11.3,59,1.27,14.0,0.191,0.0
1975-11-10,12.0,53,1.11,13.7,0.195,1.1
1975-11-11,9.7,61,1.13,12.3,0.193,0.0
1975-11-12,11.1,63,1.38,12.3,0.187,0.0
1975-11-13,12.9,71,1.74,13.6,0.181,0.0
1975-11-14,14.1,68,1.75,14.6,0.176,0.0
1975-11-15,14.3,63,1.89,14.9,0.172,0.0
1975-11-16,13.0,66,0.91,14.2,0.171,0.6
1975-11-17,9.9,50,1.01,12.4,0.169,0.0
1975-11-18,7.6,39,1.06,9.7,0.166,0.0
1975-11-19,7.4,51,1.18,8.7,0.164,0.0
1975-11-20,9.2,53,1.13,9.3,0.162,0.0
1975-11-21,8.1,76,0.88,10.3,0.16,0.0
1975-11-22,9.7,69,1.26,10.5,0.158,0.0
1975-11-23,9.6,69,1.11,10.9,0.156,0.0
1975-11-24,10.7,69,1.25,11.3,0.154,0.0
1975-11-25,10.6,68,1.14,11.4,0.152,0.0
1975-11-26,11.7,62,1.47,12.1,0.15,0.0
1975-11-27,9.9,76,0.77,11.6,0.156,3.9
1975-11-28,6.7,77,0.53,9.4,0.246,7.5
1975-11-29,5.7,59,0.89,7.1,0.263,0.0
1975-11-30,5.7,61,0.78,6.9,0.249,0.0
1975-12-01,7.3,77,0.66,8.1,0.238,0.0
1975-12-02,10.0,80,0.94,9.7,0.229,0.0
1975-12-03,10.8,80,1.08,10.9,0.222,0.0
1975-12-04,11.0,76,1.21,11.4,0.215,0.0
1975-12-05,11.3,73,1.08,11.2,0.208,0.0
1975-12-06,10.9,74,1.17,11.0,0.202,0.0
1975-12-07,10.0,77,1.16,10.7,0.197,0.0
1975-12-08,9.7,78,1.19,10.4,0.192,0.0
1975-12-09,11.3,71,1.4,11.0,0.188,0.0
1975-12-10,10.9,70,1.0,11.3,0.185,0.0
1975-12-11,8.6,77,0.91,10.3,0.183,0.0
1975-12-12,7.9,80,0.53,8.9,0.205,4.8
1975-12-13,6.3,81,0.43,7.6,0.216,0.5
1975-12-14,5.3,69,0.72,6.8,0.216,0.0
1975-12-15,5.0,68,0.83,6.3,0.21,0.0
1975-12-16,5.2,75,0.85,6.4,0.205,0.0
1975-12-17,6.2,74,0.99,7.2,0.2,0.0
1975-12-18,6.4,75,1.06,7.7,0.195,0.0
1975-12-19,6.7,75,1.09,8.0,0.191,0.0
1975-12-20,7.5,71,1.16,8.4,0.187,0.0
1975-12-21,8.6,72,1.14,8.8,0.183,0.0
1975-12-22,9.5,78,0.87,9.9,0.195,1.5
1975-12-23,7.3,84,0.57,9.4,0.196,0.0
1975-12-24,7.3,79,0.81,8.6,0.192,0.0
1975-12-25,7.0,85,0.54,8.0,0.189,0.0
1975-12-26,7.9,81,0.88,8.8,0.186,0.0
1975-12-27,8.5,83,0.63,8.7,0.182,0.0
1975-12-28,8.3,86,0.7,9.3,0.18,0.0
1975-12-29,10.2,78,1.26,10.1,0.177,0.0
1975-12-30,8.4,73,0.73,9.1,0.174,0.0
1975-12-31,5.8,50,0.83,7.7,0.171,0.0
1976-01-01,4.5,59,0.96,5.9,0.168,0.1
1976-01-02,3.9,52,0.91,4.4,0.165,0.0
1976-01-03,5.0,50,0.96,5.4,0.163,0.0
1976-01-04,4.3,62,0.79,4.9,0.161,0.0
1976-01-05,6.9,59,0.99,6.2,0.16,0.0
1976-01-06,6.5,77,0.81,7.2,0.159,0.0
1976-01-07,6.6,77,0.87,7.4,0.157,0.0
1976-01-08,7.0,72,0.96,7.8,0.155,0.0
1976-01-09,7.9,76,0.92,8.8,0.154,0.6
1976-01-10,5.9,85,0.53,7.8,0.153,0.0
1976-01-11,6.1,77,0.84,7.4,0.152,0.0
1976-01-12,6.3,78,0.72,7.4,0.151,0.0
1976-01-13,5.9,78,0.75,7.5,0.149,0.0
1976-01-14,8.2,71,1.1,8.4,0.148,0.0
1976-01-15,8.4,75,1.12,9.2,0.147,0.0
1976-01-16,10.4,69,1.48,10.2,0.145,0.0
1976-01-17,11.3,70,1.51,11.2,0.144,0.0
1976-01-18,10.6,72,1.25,11.2,0.143,0.0
1976-01-19,10.6,64,1.54,11.3,0.141,0.0
1976-01-20,9.9,62,1.63,11.1,0.14,0.0
1976-01-21,10.0,68,1.43,11.1,0.139,0.0
1976-01-22,10.1,70,1.48,11.3,0.138,0.0
1976-01-23,10.9,65,1.43,11.7,0.137,0.0
1976-01-24,10.3,70,1.09,11.8,0.136,0.1
1976-01-25,9.3,67,1.28,10.8,0.135,0.0
1976-01-26,9.4,67,1.34,10.6,0.135,0.0
1976-01-27,10.1,66,1.49,11.2,0.134,0.0
1976-01-28,11.3,69,1.61,12.2,0.133,0.0
1976-01-29,13.0,68,1.8,13.1,0.133,0.0
1976-01-30,12.7,67,1.55,13.4,0.132,0.0
1976-01-31,13.0,64,1.92,14.0,0.132,0.0
1976-02-01,13.5,64,1.91,14.3,0.131,0.0
1976-02-02,13.0,68,1.83,14.3,0.13,0.0
1976-02-03,13.0,67,1.82,14.4,0.13,0.0
1976-02-04,8.4,79,0.57,10.2,0.16,8.3
1976-02-05,6.4,80,0.4,8.6,0.231,12.6
1976-02-06,5.8,80,0.68,8.0,0.348,12.6
1976-02-07,6.9,84,0.48,8.0,0.342,6.0
1976-02-08,8.5,88,0.51,9.5,0.337,3.1
1976-02-09,9.6,95,0.15,10.1,0.38,23.4
1976-02-10,10.0,84,0.76,11.0,0.36,1.4
1976-02-11,11.3,77,1.04,11.6,0.325,0.0
1976-02-12,10.6,74,1.1,11.3,0.306,0.0
1976-02-13,11.0,73,1.09,11.4,0.292,0.0
1976-02-14,12.4,78,0.9,12.8,0.329,4.7
1976-02-15,10.1,71,0.8,11.6,0.316,0.0
1976-02-16,8.7,76,0.67,10.0,0.301,0.0
1976-02-17,11.2,78,0.7,11.7,0.292,0.0
1976-02-18,10.5,77,0.89,11.1,0.281,0.0
1976-02-19,9.1,76,0.59,10.4,0.303,5.6
1976-02-20,8.0,68,0.99,9.3,0.314,0.0
1976-02-21,9.8,65,1.43,10.0,0.294,0.0
1976-02-22,11.7,59,1.75,11.4,0.277,0.0
1976-02-23,12.6,58,1.76,12.4,0.265,0.0
1976-02-24,10.8,69,1.24,12.2,0.257,0.0
1976-02-25,11.8,65,1.33,12.7,0.246,0.0
1976-02-26,12.8,64,1.37,12.5,0.235,0.0
1976-02-27,13.3,73,1.29,13.7,0.226,0.0
1976-02-28,14.6,73,1.37,15.1,0.217,0.0
1976-02-29,12.5,85,0.78,13.1,0.24,14.0
1976-03-01,8.4,78,0.57,11.1,0.362,14.3
1976-03-02,4.4,85,0.37,6.5,0.371,15.4
1976-03-03,4.0,80,0.55,6.4,0.366,1.2
1976-03-04,5.5,68,0.83,7.3,0.338,0.0
1976-03-05,7.6,64,1.08,8.7,0.317,0.0
1976-03-06,8.8,63,1.14,9.8,0.3,0.0
1976-03-07,9.6,63,1.21,10.5,0.285,0.0
1976-03-08,10.3,68,0.98,10.9,0.274,0.0
1976-03-09,12.1,70,1.19,12.8,0.264,0.0
1976-03-10,11.6,74,1.14,12.7,0.254,0.0
1976-03-11,12.0,66,1.3,12.4,0.245,0.0
1976-03-12,11.8,61,1.42,12.7,0.235,0.0
1976-03-13,12.9,61,1.84,13.5,0.225,0.0
1976-03-14,13.4,57,1.96,14.3,0.214,0.0
1976-03-15,14.2,65,1.61,15.0,0.203,0.0
1976-03-16,16.3,65,1.84,16.0,0.197,0.0
1976-03-17,18.8,59,2.51,18.6,0.19,0.0
1976-03-18,14.6,55,1.47,16.5,0.181,0.0
1976-03-19,11.2,49,1.26,14.3,0.175,0.0
1976-03-20,11.7,40,1.62,13.7,0.17,0.0
1976-03-21,15.0,51,2.1,15.6,0.165,0.0
1976-03-22,16.8,54,2.43,17.3,0.16,0.0
1976-03-23,14.6,56,1.76,17.0,0.155,0.0
1976-03-24,14.2,53,1.92,16.5,0.15,0.0
1976-03-25,12.1,42,1.6,15.3,0.147,0.0
1976-03-26,13.5,38,1.92,15.5,0.144,0.0
1976-03-27,12.1,40,1.62,15.2,0.141,0.0
1976-03-28,11.7,51,1.52,14.4,0.14,0.0
1976-03-29,13.3,58,1.72,16.1,0.138,0.0
1976-03-30,16.4,53,2.68,18.1,0.136,0.0
1976-03-31,14.4,46,1.86,18.0,0.134,0.0
1976-04-01,11.0,43,1.46,15.7,0.133,0.0
1976-04-02,13.7,43,2.09,17.0,0.132,0.0
1976-04-03,11.9,60,1.33,15.9,0.132,1.7
1976-04-04,9.8,78,0.63,13.6,0.239,14.0
1976-04-05,11.0,66,1.04,13.2,0.257,0.0
1976-04-06,13.8,57,1.69,15.6,0.235,0.0
1976-04-07,15.5,58,2.05,17.0,0.212,0.0
1976-04-08,12.4,69,0.79,14.9,0.25,7.3
1976-04-09,12.8,61,1.59,15.5,0.258,0.0
1976-04-10,12.6,64,1.66,14.9,0.243,4.0
1976-04-11,11.6,72,0.84,14.4,0.35,7.6
1976-04-12,11.1,72,0.97,14.1,0.319,7.0
1976-04-13,9.8,84,0.47,12.5,0.382,11.2
1976-04-14,11.6,73,1.02,13.5,0.339,0.2
1976-04-15,10.9,64,0.97,12.6,0.315,1.6
1976-04-16,10.7,37,1.39,12.4,0.297,0.0
1976-04-17,11.7,50,1.4,13.4,0.27,0.0
1976-04-18,13.7,64,1.37,14.9,0.249,0.0
1976-04-19,16.1,62,1.73,17.1,0.232,0.0
1976-04-20,18.5,56,2.28,18.7,0.214,0.0
1976-04-21,18.8,53,2.56,19.8,0.198,0.0
1976-04-22,16.8,51,1.82,19.3,0.184,0.0
1976-04-23,17.0,55,2.26,19.7,0.174,0.0
1976-04-24,19.4,53,2.57,20.9,0.165,0.0
1976-04-25,15.9,33,2.23,19.2,0.157,0.0
1976-04-26,14.6,29,1.96,18.2,0.151,0.0
1976-04-27,16.1,35,2.36,18.9,0.146,0.0
1976-04-28,16.1,44,2.05,19.4,0.142,0.0
1976-04-29,17.6,46,2.47,20.8,0.139,0.0
1976-04-30,19.8,46,2.9,22.5,0.136,0.0
1976-05-01,21.2,45,3.14,23.6,0.133,0.0
1976-05-02,20.0,48,2.69,23.7,0.132,0.0
1976-05-03,20.5,42,2.77,24.2,0.131,0.0
1976-05-04,19.6,45,2.81,24.3,0.13,0.0
1976-05-05,18.0,47,2.08,22.9,0.129,0.0
1976-05-06,17.7,57,1.76,22.4,0.137,3.5
1976-05-07,19.3,59,2.45,23.0,0.154,0.0
1976-05-08,21.7,55,2.8,24.8,0.146,0.0
1976-05-09,22.3,50,3.03,25.8,0.139,0.0
1976-05-10,23.2,46,3.48,26.5,0.134,0.0
1976-05-11,23.3,37,3.68,26.6,0.131,0.0
1976-05-12,26.3,38,4.76,29.0,0.129,0.0
1976-05-13,29.2,37,6.0,31.3,0.127,0.0
1976-05-14,27.3,29,4.55,30.9,0.126,0.0
1976-05-15,25.9,28,4.53,30.2,0.125,0.0
1976-05-16,25.5,31,4.39,29.9,0.125,0.0
1976-05-17,22.5,32,3.62,28.1,0.125,0.0
1976-05-18,21.0,32,3.25,26.6,0.124,0.0
1976-05-19,19.7,38,2.97,25.5,0.124,0.0
1976-05-20,21.2,37,3.17,26.2,0.124,0.0
1976-05-21,22.5,32,3.29,27.3,0.124,0.0
1976-05-22,22.0,35,3.33,27.2,0.124,0.0
1976-05-23,21.0,32,3.24,26.4,0.124,0.0
1976-05-24,19.4,43,2.71,25.2,0.124,0.0
1976-05-25,20.6,46,2.8,25.8,0.124,0.0
1976-05-26,25.0,41,3.96,29.1,0.124,0.0
1976-05-27,25.6,37,4.23,29.6,0.124,0.0
1976-05-28,20.1,34,3.0,26.1,0.124,0.0
1976-05-29,19.9,35,3.09,25.4,0.124,0.0
1976-05-30,19.3,51,2.39,24.8,0.124,0.0
1976-05-31,20.9,45,2.94,25.3,0.124,0.0
1976-06-01,22.2,30,3.71,26.2,0.124,0.0
1976-06-02,22.2,27,3.48,26.6,0.124,0.0
1976-06-03,20.5,27,3.24,25.8,0.124,0.0
1976-06-04,21.1,29,3.56,26.5,0.124,0.0
1976-06-05,20.9,33,3.34,26.3,0.124,0.0
1976-06-06,19.6,35,3.04,25.5,0.124,0.0
1976-06-07,19.3,38,2.63,25.2,0.124,0.0
1976-06-08,20.0,37,2.87,25.8,0.124,0.0
1976-06-09,20.2,38,2.51,26.2,0.124,0.0
1976-06-10,17.7,51,1.85,22.7,0.132,3.4
1976-06-11,18.9,47,2.39,24.0,0.134,0.0
1976-06-12,20.9,48,3.06,25.7,0.131,0.0
1976-06-13,23.5,42,3.54,27.4,0.129,0.0
1976-06-14,26.7,27,4.7,30.0,0.128,0.0
1976-06-15,29.3,31,5.84,32.5,0.126,0.0
1976-06-16,29.6,25,5.55,33.4,0.125,0.0
1976-06-17,29.1,31,5.26,33.5,0.125,0.0
1976-06-18,28.6,33,4.9,33.2,0.124,0.0
1976-06-19,28.3,33,4.62,33.3,0.124,0.0
1976-06-20,26.9,31,4.09,32.5,0.124,0.0
1976-06-21,23.2,37,3.44,29.4,0.124,0.0
1976-06-22,23.5,36,3.95,28.9,0.124,0.0
1976-06-23,27.6,31,5.0,31.3,0.124,0.0
1976-06-24,29.4,24,5.75,32.7,0.124,0.0
1976-06-25,30.2,24,6.21,33.3,0.124,0.0
1976-06-26,29.4,24,6.07,33.5,0.124,0.0
1976-06-27,30.7,24,6.77,34.6,0.124,0.0
1976-06-28,32.7,22,7.42,35.7,0.123,0.0
1976-06-29,29.1,22,5.27,34.1,0.123,0.0
1976-06-30,23.8,29,3.82,30.2,0.123,0.0
1976-07-01,22.4,34,3.62,28.7,0.123,0.0
1976-07-02,23.6,32,3.84,29.1,0.124,0.0
1976-07-03,24.7,42,3.77,30.1,0.124,0.0
1976-07-04,25.9,38,4.26,30.8,0.124,0.0
1976-07-05,27.3,37,4.71,31.8,0.124,0.0
1976-07-06,28.2,35,5.25,32.7,0.124,0.0
1976-07-07,27.8,36,4.89,32.5,0.124,0.0
1976-07-08,27.8,39,4.81,32.6,0.124,0.0
1976-07-09,28.7,40,4.73,33.4,0.124,0.0
1976-07-10,29.3,31,5.22,34.2,0.124,0.0
1976-07-11,27.6,35,4.18,32.9,0.123,0.0
1976-07-12,25.9,42,4.13,31.8,0.124,0.0
1976-07-13,27.9,36,4.72,33.2,0.124,0.0
1976-07-14,28.5,35,4.73,33.7,0.123,0.0
1976-07-15,28.7,35,4.64,34.0,0.123,0.0
1976-07-16,28.4,35,4.25,34.2,0.123,0.1
1976-07-17,27.4,40,3.87,33.4,0.123,0.0
1976-07-18,27.0,39,4.27,32.8,0.123,0.0
1976-07-19,26.3,40,4.16,32.2,0.123,0.0
1976-07-20,26.2,38,4.32,31.7,0.123,0.0
1976-07-21,26.2,37,4.42,31.6,0.123,0.0
1976-07-22,27.5,34,4.98,32.6,0.123,0.0
1976-07-23,30.1,35,4.67,35.0,0.124,0.0
1976-07-24,29.4,33,5.19,34.5,0.124,0.0
1976-07-25,31.2,31,5.65,35.7,0.124,0.0
1976-07-26,31.9,28,5.84,36.5,0.124,0.0
1976-07-27,31.8,28,5.48,35.8,0.123,0.0
1976-07-28,31.2,28,5.79,35.8,0.123,0.0
1976-07-29,30.0,30,5.3,35.2,0.123,0.0
1976-07-30,28.6,35,4.32,34.6,0.123,0.0
1976-07-31,26.6,42,3.23,32.6,0.123,0.0
1976-08-01,25.3,47,2.97,32.0,0.123,0.0
1976-08-02,24.6,47,2.94,31.1,0.123,0.0
1976-08-03,22.4,46,2.65,28.9,0.123,0.0
1976-08-04,22.9,45,3.21,28.4,0.123,0.0
1976-08-05,22.9,45,3.18,28.6,0.123,0.0
1976-08-06,21.8,44,2.92,27.6,0.123,0.0
1976-08-07,22.1,45,3.17,27.6,0.124,0.0
1976-08-08,23.8,43,3.51,28.9,0.124,0.0
1976-08-09,25.6,40,4.04,30.4,0.124,0.0
1976-08-10,27.0,35,4.42,31.5,0.124,0.0
1976-08-11,27.4,33,4.55,32.1,0.124,0.0
1976-08-12,26.7,37,4.3,31.7,0.123,0.0
1976-08-13,24.5,41,3.5,30.2,0.124,0.0
1976-08-14,20.1,54,1.83,25.9,0.128,4.5
1976-08-15,18.6,72,0.9,22.2,0.161,5.7
1976-08-16,20.1,53,2.13,24.1,0.167,0.0
1976-08-17,21.0,51,2.52,25.2,0.155,0.0
1976-08-18,21.0,56,2.35,24.7,0.148,1.0
1976-08-19,21.1,66,1.75,24.5,0.165,7.4
1976-08-20,23.8,58,2.8,27.1,0.165,0.0
1976-08-21,24.9,60,2.74,28.9,0.153,0.0
1976-08-22,23.5,54,2.46,28.1,0.146,0.3
1976-08-23,23.9,52,3.25,28.1,0.141,0.0
1976-08-24,25.3,44,4.01,29.1,0.135,0.0
1976-08-25,25.5,42,3.95,29.1,0.131,0.0
1976-08-26,25.2,39,4.29,29.0,0.129,0.0
1976-08-27,25.9,37,4.32,29.8,0.128,0.0
1976-08-28,27.8,37,5.09,31.3,0.127,0.0
1976-08-29,28.9,37,5.53,32.5,0.126,0.0
1976-08-30,29.7,36,5.85,33.0,0.125,0.0
1976-08-31,29.4,36,5.6,33.0,0.125,0.0
1976-09-01,28.5,37,4.98,32.5,0.124,0.0
1976-09-02,28.7,40,5.1,32.7,0.124,0.0
1976-09-03,28.4,44,4.14,32.5,0.124,0.0
1976-09-04,28.3,44,4.22,32.3,0.124,0.0
1976-09-05,28.1,45,4.13,32.1,0.128,0.4
1976-09-06,26.4,47,3.59,31.1,0.136,0.0
1976-09-07,26.5,44,3.9,30.8,0.131,0.0
1976-09-08,27.7,37,4.79,31.3,0.129,0.0
1976-09-09,28.1,37,4.92,31.7,0.127,0.0
1976-09-10,24.1,64,2.43,27.6,0.147,7.3
1976-09-11,19.4,86,0.61,23.0,0.355,31.5
1976-09-12,20.0,74,1.51,22.8,0.317,0.0
1976-09-13,20.3,69,1.75,22.9,0.286,0.0
1976-09-14,21.7,62,2.19,23.5,0.261,0.0
1976-09-15,19.3,62,1.75,22.5,0.241,0.4
1976-09-16,19.0,61,1.69,21.8,0.226,0.0
1976-09-17,19.5,60,2.02,22.1,0.211,0.0
1976-09-18,20.7,60,2.19,22.9,0.197,0.0
1976-09-19,22.3,59,2.23,23.5,0.187,0.0
1976-09-20,22.1,56,2.37,24.4,0.177,0.0
1976-09-21,22.4,52,2.58,24.7,0.168,0.0
1976-09-22,22.1,47,2.98,24.6,0.16,0.0
1976-09-23,22.5,44,3.34,24.4,0.153,0.0
1976-09-24,22.6,42,3.09,24.3,0.147,0.0
1976-09-25,21.4,46,2.76,24.1,0.143,0.0
1976-09-26,20.9,56,2.14,24.4,0.14,0.0
1976-09-27,21.5,57,2.32,24.7,0.137,0.0
1976-09-28,20.9,60,2.08,23.7,0.137,0.0
1976-09-29,20.1,75,1.7,23.2,0.153,7.0
1976-09-30,19.8,74,1.45,22.5,0.25,0.6
1976-10-01,17.8,86,0.63,20.4,0.338,19.1
1976-10-02,17.5,79,1.19,20.1,0.362,4.8
1976-10-03,17.7,72,1.32,19.7,0.314,0.0
1976-10-04,18.7,68,1.66,20.0,0.288,0.0
1976-10-05,20.5,65,1.98,20.8,0.266,0.0
1976-10-06,21.8,66,2.3,21.7,0.248,0.0
1976-10-07,22.5,69,2.58,22.5,0.233,0.0
1976-10-08,22.1,67,2.47,22.8,0.219,0.0
1976-10-09,22.8,63,2.65,23.0,0.207,0.0
1976-10-10,22.5,64,2.53,23.0,0.197,0.0
1976-10-11,21.1,58,2.4,22.7,0.187,0.0
1976-10-12,21.2,56,2.46,22.0,0.179,0.0
1976-10-13,20.7,61,2.65,21.9,0.172,0.0
1976-10-14,21.4,52,2.71,21.4,0.167,0.0
1976-10-15,20.3,49,2.44,20.7,0.162,0.0
1976-10-16,19.7,52,2.2,20.5,0.157,0.0
1976-10-17,19.6,54,2.24,20.4,0.154,0.0
1976-10-18,19.1,54,2.52,20.4,0.15,0.0
1976-10-19,18.4,52,2.27,20.5,0.147,0.0
1976-10-20,19.4,53,2.41,21.3,0.144,0.0
1976-10-21,19.6,63,2.24,21.3,0.142,0.0
1976-10-22,18.5,65,1.71,20.6,0.148,1.5
1976-10-23,17.6,64,1.72,19.9,0.156,0.0
1976-10-24,17.2,60,1.73,19.1,0.152,0.0
1976-10-25,15.8,62,1.6,18.5,0.149,0.0
1976-10-26,15.6,53,1.58,17.6,0.146,0.0
1976-10-27,15.0,54,1.93,17.1,0.143,0.0
1976-10-28,15.0,58,2.02,17.2,0.141,0.0
1976-10-29,15.6,52,1.92,16.9,0.139,0.0
1976-10-30,14.8,58,1.73,16.9,0.137,0.0
1976-10-31,15.4,60,1.88,16.9,0.136,0.0
1976-11-01,15.7,60,2.1,17.3,0.135,0.0
1976-11-02,16.7,60,2.27,17.9,0.134,0.0
1976-11-03,17.9,57,2.44,18.8,0.133,0.0
1976-11-04,18.0,60,2.51,19.1,0.132,0.0
1976-11-05,18.4,60,2.64,19.3,0.132,0.0
1976-11-06,18.1,60,2.72,19.2,0.131,0.0
1976-11-07,18.1,56,2.41,19.3,0.13,0.0
1976-11-08,17.3,58,2.29,18.7,0.13,0.0
1976-11-09,17.4,54,2.36,18.9,0.13,0.0
1976-11-10,16.1,52,2.08,17.8,0.129,0.0
1976-11-11,14.7,72,1.16,16.9,0.134,1.6
1976-11-12,13.3,81,0.8,15.6,0.254,1.1
1976-11-13,13.1,77,1.0,14.8,0.254,0.0
1976-11-14,12.8,87,0.45,14.3,0.319,9.3
1976-11-15,12.8,84,0.76,13.9,0.308,0.0
1976-11-16,13.5,82,0.97,14.3,0.28,0.0
1976-11-17,14.7,80,1.2,15.1,0.262,0.0
1976-11-18,13.3,88,0.69,14.7,0.249,0.0
1976-11-19,13.5,86,0.96,15.1,0.239,0.0
1976-11-20,13.7,83,1.04,14.9,0.23,0.0
1976-11-21,11.9,88,0.67,13.7,0.222,0.0
1976-11-22,11.4,87,0.78,13.4,0.217,0.0
1976-11-23,11.9,83,1.0,13.3,0.211,0.0
1976-11-24,11.7,80,1.05,13.1,0.205,0.0
1976-11-25,10.3,87,0.62,11.9,0.2,0.0
1976-11-26,8.5,87,0.53,11.0,0.197,0.0
1976-11-27,8.3,66,0.9,10.3,0.193,0.0
1976-11-28,7.6,64,1.04,9.0,0.188,0.0
1976-11-29,8.3,63,0.98,8.9,0.185,0.0
1976-11-30,8.1,69,1.08,9.1,0.181,0.0
1976-12-01,9.0,74,1.07,9.8,0.178,0.0
1976-12-02,9.4,75,1.14,10.4,0.175,0.0
1976-12-03,9.7,75,1.07,10.4,0.173,0.0
1976-12-04,10.0,73,1.15,10.5,0.17,0.0
1976-12-05,9.2,72,0.94,10.1,0.167,0.0
1976-12-06,8.9,76,1.07,10.0,0.165,0.0
1976-12-07,9.2,75,1.21,10.1,0.163,0.0
1976-12-08,10.2,69,1.26,10.3,0.162,0.0
1976-12-09,8.7,80,0.65,9.9,0.16,0.0
1976-12-10,8.3,78,0.84,9.4,0.159,0.0
1976-12-11,8.5,75,1.1,9.6,0.157,0.0
1976-12-12,8.9,74,1.19,10.0,0.156,0.0
1976-12-13,9.7,75,1.13,10.1,0.154,0.0
1976-12-14,8.7,74,1.04,10.1,0.153,0.0
1976-12-15,8.8,72,1.02,9.3,0.152,0.0
1976-12-16,9.3,73,1.31,9.7,0.151,0.0
1976-12-17,9.4,73,1.33,10.0,0.149,0.0
1976-12-18,9.5,65,1.23,9.8,0.148,0.0
1976-12-19,8.8,67,1.18,9.5,0.147,0.0
1976-12-20,8.4,68,1.07,9.2,0.146,0.0
1976-12-21,8.1,69,1.04,8.8,0.145,0.0
1976-12-22,6.9,73,0.89,8.1,0.144,0.0
1976-12-23,7.4,72,0.82,8.5,0.144,0.0
1976-12-24,6.9,71,0.83,7.8,0.143,0.0
1976-12-25,7.2,71,1.09,7.8,0.142,0.0
1976-12-26,7.4,69,1.11,8.1,0.142,0.0
1976-12-27,7.4,70,1.03,8.6,0.141,0.0
1976-12-28,8.0,69,1.17,8.6,0.14,0.0
1976-12-29,8.4,66,1.17,9.3,0.14,0.0
1976-12-30,9.3,83,0.55,9.8,0.264,14.8
1976-12-31,9.2,84,0.52,10.0,0.343,8.1
1977-01-01,8.3,81,0.56,9.0,0.305,0.0
1977-01-02,9.8,90,0.19,9.7,0.368,30.5
1977-01-03,6.9,86,0.34,8.3,0.381,6.8
1977-01-04,5.9,85,0.44,7.2,0.355,0.0
1977-01-05,4.6,88,0.33,5.9,0.346,3.4
1977-01-06,5.0,81,0.44,6.3,0.365,3.3
1977-01-07,5.5,82,0.49,6.1,0.351,0.2
1977-01-08,5.1,80,0.44,5.3,0.337,0.0
1977-01-09,4.3,80,0.56,5.5,0.326,0.0
1977-01-10,4.8,80,0.45,5.1,0.318,0.0
1977-01-11,4.4,86,0.52,5.4,0.312,0.0
1977-01-12,5.7,86,0.56,6.6,0.306,0.0
1977-01-13,5.7,91,0.32,7.0,0.3,0.0
1977-01-14,6.4,86,0.5,7.2,0.296,0.0
1977-01-15,5.5,85,0.59,6.4,0.291,0.0
1977-01-16,5.3,86,0.57,6.5,0.286,0.0
1977-01-17,5.9,83,0.71,6.7,0.281,0.0
1977-01-18,6.5,81,0.71,7.1,0.275,0.0
1977-01-19,8.7,80,0.9,8.2,0.271,0.0
1977-01-20,10.8,79,1.02,10.0,0.266,0.0
1977-01-21,11.2,81,0.76,11.0,0.263,0.1
1977-01-22,10.4,83,0.79,11.0,0.266,0.0
1977-01-23,10.0,84,0.72,10.6,0.262,0.0
1977-01-24,9.6,82,0.75,10.2,0.256,0.0
1977-01-25,9.3,84,0.67,9.7,0.252,0.1
1977-01-26,9.9,80,0.94,10.3,0.248,0.0
1977-01-27,8.8,81,0.75,9.7,0.243,0.0
1977-01-28,8.9,82,0.78,10.0,0.238,0.0
1977-01-29,7.4,85,0.64,9.1,0.233,0.0
1977-01-30,7.9,82,0.74,8.9,0.229,0.0
1977-01-31,8.1,79,0.78,9.0,0.225,0.0
1977-02-01,7.7,85,0.51,8.7,0.221,0.0
1977-02-02,7.8,80,0.79,8.8,0.218,0.0
1977-02-03,8.8,76,1.05,9.6,0.213,0.0
1977-02-04,8.7,76,0.97,9.9,0.209,0.0
1977-02-05,9.5,75,0.99,10.2,0.205,0.0
1977-02-06,9.9,80,0.73,10.3,0.201,0.0
1977-02-07,11.6,73,1.41,11.5,0.197,0.0
1977-02-08,11.7,73,1.03,12.5,0.198,1.0
1977-02-09,10.3,80,0.76,11.6,0.209,0.0
1977-02-10,10.6,79,0.9,11.5,0.204,0.0
1977-02-11,11.2,80,1.02,12.2,0.199,0.0
1977-02-12,13.2,79,1.21,13.1,0.193,0.0
1977-02-13,12.6,82,1.11,13.7,0.188,0.0
1977-02-14,13.9,80,1.24,14.4,0.183,0.0
1977-02-15,14.4,78,1.58,15.1,0.179,0.0
1977-02-16,14.8,73,1.7,15.5,0.174,0.0
1977-02-17,15.0,74,1.54,15.6,0.17,0.0
1977-02-18,15.0,73,1.74,15.8,0.166,0.0
1977-02-19,15.2,72,1.68,15.8,0.162,0.0
1977-02-20,14.7,67,1.4,15.4,0.159,0.0
1977-02-21,12.2,84,0.42,13.2,0.195,7.0
1977-02-22,10.8,67,1.09,12.6,0.243,0.0
1977-02-23,10.6,67,0.66,11.9,0.24,1.3
1977-02-24,9.8,56,1.09,11.5,0.233,0.0
1977-02-25,8.8,58,1.17,10.8,0.22,0.0
1977-02-26,10.5,54,1.12,11.0,0.209,0.0
1977-02-27,10.2,69,1.14,12.0,0.199,0.0
1977-02-28,11.0,65,1.29,12.3,0.191,0.0
1977-03-01,8.8,50,1.11,11.2,0.182,0.0
1977-03-02,8.7,46,1.29,10.3,0.176,0.0
1977-03-03,9.8,58,0.83,10.2,0.172,0.6
1977-03-04,8.9,56,1.37,10.8,0.17,0.0
1977-03-05,10.5,56,1.65,12.2,0.164,0.0
1977-03-06,12.7,58,2.18,14.1,0.159,0.0
1977-03-07,13.5,53,1.88,14.5,0.154,0.0
1977-03-08,13.5,59,1.69,15.3,0.15,0.0
1977-03-09,12.4,65,0.98,14.3,0.151,1.3
1977-03-10,10.3,39,1.49,13.0,0.154,0.0
1977-03-11,10.4,47,1.49,12.9,0.149,0.0
1977-03-12,10.8,57,1.37,13.1,0.146,0.2
1977-03-13,8.4,50,1.12,12.2,0.146,0.4
1977-03-14,8.5,51,1.25,12.1,0.146,0.0
1977-03-15,9.5,58,1.29,11.2,0.144,0.1
1977-03-16,8.7,77,0.57,10.7,0.261,15.3
1977-03-17,8.4,67,1.05,10.9,0.293,0.0
1977-03-18,9.8,64,1.13,11.8,0.261,0.0
1977-03-19,11.2,61,1.29,12.5,0.239,0.0
1977-03-20,12.7,66,1.23,13.8,0.22,0.0
1977-03-21,14.4,67,1.66,15.7,0.205,0.0
1977-03-22,16.2,64,2.17,17.3,0.191,0.0
1977-03-23,12.7,66,1.25,15.6,0.18,0.5
1977-03-24,9.7,72,0.98,13.5,0.198,8.9
1977-03-25,9.3,74,0.97,12.1,0.337,5.4
1977-03-26,10.1,69,1.3,12.7,0.293,0.0
1977-03-27,12.8,63,1.54,14.3,0.26,0.0
1977-03-28,11.1,39,1.38,13.7,0.235,0.0
1977-03-29,10.3,41,1.45,12.7,0.216,0.1
1977-03-30,8.6,68,0.8,12.2,0.23,3.8
1977-03-31,9.7,56,1.37,12.3,0.227,0.0
1977-04-01,11.1,61,1.38,13.2,0.211,0.0
1977-04-02,12.8,56,1.7,14.2,0.198,0.0
1977-04-03,13.4,55,1.91,15.6,0.185,0.0
1977-04-04,15.7,55,2.24,17.5,0.174,0.0
1977-04-05,18.0,55,2.48,19.2,0.164,0.0
1977-04-06,19.6,56,3.09,21.2,0.155,0.0
1977-04-07,21.1,40,3.67,22.0,0.148,0.0
1977-04-08,16.4,54,2.23,20.7,0.142,0.0
1977-04-09,14.7,49,1.68,18.8,0.139,0.1
1977-04-10,14.9,43,2.09,18.7,0.136,0.0
1977-04-11,16.7,46,2.39,19.5,0.134,0.0
1977-04-12,18.4,50,2.85,21.4,0.132,0.0
1977-04-13,17.9,49,2.44,20.7,0.131,0.0
1977-04-14,17.6,44,2.44,21.3,0.13,0.0
1977-04-15,19.5,41,3.04,22.4,0.129,0.0
1977-04-16,20.0,45,3.08,23.1,0.128,0.0
1977-04-17,19.8,36,3.15,22.8,0.128,0.0
1977-04-18,18.7,23,2.82,22.0,0.127,0.0
1977-04-19,17.9,28,2.95,21.9,0.126,0.0
1977-04-20,19.2,37,3.23,22.7,0.126,0.0
1977-04-21,19.0,40,3.25,23.0,0.126,0.0
1977-04-22,20.1,39,3.42,23.8,0.125,0.0
1977-04-23,20.8,39,3.71,24.7,0.125,0.0
1977-04-24,21.7,36,3.27,24.9,0.125,0.0
1977-04-25,19.5,39,2.54,24.0,0.125,0.0
1977-04-26,17.5,40,2.2,22.1,0.124,0.0
1977-04-27,18.4,38,2.41,22.9,0.124,0.0
1977-04-28,18.0,38,2.65,22.7,0.124,0.0
1977-04-29,19.4,49,2.35,23.6,0.124,0.0
1977-04-30,19.0,53,1.98,23.0,0.128,2.6
1977-05-01,16.7,66,1.4,20.7,0.185,8.6
1977-05-02,17.0,52,2.0,20.6,0.197,0.0
1977-05-03,16.7,50,2.02,20.4,0.178,0.0
1977-05-04,15.7,47,2.11,20.0,0.165,0.0
1977-05-05,14.2,46,1.75,18.9,0.155,0.0
1977-05-06,12.3,45,1.7,18.5,0.15,1.4
1977-05-07,12.2,62,1.6,17.3,0.168,2.9
1977-05-08,11.7,76,1.05,15.1,0.275,12.7
1977-05-09,12.1,80,0.82,15.3,0.357,5.6
1977-05-10,13.9,63,1.22,16.0,0.312,0.0
1977-05-11,12.3,72,0.83,14.9,0.298,7.4
1977-05-12,13.6,68,1.23,16.2,0.365,5.1
1977-05-13,14.8,59,1.55,16.8,0.307,0.0
1977-05-14,15.4,59,1.55,17.8,0.273,0.0
1977-05-15,15.0,55,1.74,18.1,0.246,0.0
1977-05-16,13.2,51,1.47,16.7,0.233,1.2
1977-05-17,14.1,53,1.76,17.1,0.228,0.2
1977-05-18,15.1,52,1.8,18.0,0.21,0.0
1977-05-19,17.1,56,2.05,19.5,0.199,0.6
1977-05-20,19.8,47,2.78,21.2,0.185,0.0
1977-05-21,20.4,49,2.8,22.8,0.171,0.0
1977-05-22,17.6,51,2.06,21.3,0.16,0.0
1977-05-23,14.8,52,1.5,18.4,0.16,0.6
1977-05-24,16.9,51,1.89,19.8,0.157,0.0
1977-05-25,18.1,48,2.12,21.5,0.151,0.0
1977-05-26,18.9,47,2.42,22.4,0.145,0.0
1977-05-27,19.5,44,2.8,23.1,0.14,0.0
1977-05-28,19.8,34,3.13,23.4,0.136,0.0
1977-05-29,21.1,33,3.43,24.5,0.133,0.0
1977-05-30,23.4,34,4.13,26.4,0.131,0.0
1977-05-31,26.8,33,5.14,29.2,0.129,0.0
1977-06-01,26.0,33,4.29,29.3,0.128,0.0
1977-06-02,23.9,26,4.16,28.2,0.127,0.0
1977-06-03,24.5,29,4.21,28.3,0.126,0.0
1977-06-04,26.3,31,4.51,30.0,0.126,0.0
1977-06-05,28.6,36,4.86,31.8,0.125,0.0
1977-06-06,30.2,40,5.59,33.4,0.125,0.0
1977-06-07,30.2,36,5.48,33.8,0.126,0.0
1977-06-08,27.8,39,4.14,32.3,0.131,0.1
1977-06-09,21.5,60,1.54,26.0,0.137,1.5
1977-06-10,19.8,52,2.11,25.3,0.139,0.0
1977-06-11,20.7,47,2.59,26.1,0.134,0.0
1977-06-12,21.7,45,2.88,26.9,0.131,0.0
1977-06-13,21.6,46,2.67,27.0,0.129,0.0
1977-06-14,21.5,46,2.82,27.2,0.127,0.0
1977-06-15,24.0,39,3.63,28.7,0.126,0.0
1977-06-16,25.4,34,4.15,30.1,0.126,0.0
1977-06-17,24.1,37,3.55,29.4,0.125,0.0
1977-06-18,23.2,39,3.47,28.6,0.125,0.0
1977-06-19,22.5,45,3.01,28.3,0.125,0.0
1977-06-20,23.3,45,3.11,28.5,0.124,0.0
1977-06-21,27.1,42,4.07,31.3,0.124,0.0
1977-06-22,30.7,36,5.85,34.0,0.124,0.0
1977-06-23,30.2,33,5.46,34.8,0.124,0.0
1977-06-24,30.5,31,5.29,34.6,0.124,0.0
1977-06-25,31.7,34,5.84,35.4,0.124,0.0
1977-06-26,31.1,34,5.2,35.3,0.124,0.0
1977-06-27,30.7,31,5.28,35.3,0.124,0.0
1977-06-28,30.8,31,5.6,35.6,0.124,0.0
1977-06-29,29.1,32,4.51,33.9,0.124,0.0
1977-06-30,30.3,32,5.51,34.7,0.124,0.0
1977-07-01,29.8,33,4.64,34.9,0.124,0.0
1977-07-02,27.4,41,3.51,33.6,0.124,0.0
1977-07-03,26.3,43,3.18,32.5,0.124,0.0
1977-07-04,22.9,37,3.13,29.7,0.124,0.0
1977-07-05,23.1,33,3.63,29.5,0.124,0.0
1977-07-06,25.3,32,4.36,30.7,0.124,0.0
1977-07-07,27.5,30,4.99,32.4,0.124,0.0
1977-07-08,27.5,31,4.82,32.7,0.124,0.0
1977-07-09,25.3,35,3.99,31.4,0.124,0.0
1977-07-10,25.4,37,4.16,31.2,0.124,0.0
1977-07-11,28.5,33,5.19,33.3,0.124,0.0
1977-07-12,28.3,34,4.67,33.6,0.124,0.0
1977-07-13,27.4,35,4.34,33.2,0.124,0.0
1977-07-14,28.2,34,4.67,33.8,0.124,0.0
1977-07-15,29.7,35,5.39,34.6,0.124,0.0
1977-07-16,31.2,33,5.69,35.7,0.124,0.0
1977-07-17,32.1,30,6.02,36.8,0.124,0.0
1977-07-18,30.8,25,5.7,35.9,0.124,0.0
1977-07-19,28.1,35,4.57,33.9,0.123,0.0
1977-07-20,28.4,37,4.71,33.6,0.124,0.0
1977-07-21,28.9,31,5.14,33.8,0.124,0.0
1977-07-22,29.2,29,5.55,33.8,0.124,0.0
1977-07-23,29.1,31,5.3,33.9,0.124,0.0
1977-07-24,26.7,39,4.02,32.5,0.124,0.0
1977-07-25,25.9,38,4.27,31.6,0.124,0.0
1977-07-26,27.0,32,5.07,31.9,0.124,0.0
1977-07-27,27.6,28,5.1,32.3,0.124,0.0
1977-07-28,27.5,30,5.0,32.4,0.124,0.0
1977-07-29,28.6,35,5.36,33.2,0.124,0.0
1977-07-30,30.9,28,6.37,34.5,0.124,0.0
1977-07-31,31.6,28,6.47,35.4,0.123,0.0
1977-08-01,33.0,26,6.63,36.6,0.123,0.0
1977-08-02,32.3,26,5.89,36.8,0.123,0.0
1977-08-03,30.8,29,5.59,35.8,0.123,0.0
1977-08-04,29.9,32,5.11,35.0,0.123,0.0
1977-08-05,28.2,39,4.25,34.0,0.123,0.0
1977-08-06,26.7,41,3.86,32.9,0.123,0.0
1977-08-07,24.9,41,3.73,31.2,0.123,0.0
1977-08-08,25.2,42,3.72,31.0,0.123,0.0
1977-08-09,26.3,41,4.21,31.5,0.123,0.0
1977-08-10,27.0,40,4.3,31.9,0.123,0.0
1977-08-11,28.0,40,4.67,32.9,0.123,0.0
1977-08-12,29.0,39,4.77,33.8,0.123,0.0
1977-08-13,28.1,42,4.1,33.6,0.123,0.0
1977-08-14,27.2,42,3.92,32.7,0.123,0.0
1977-08-15,28.5,39,5.41,33.0,0.123,0.0
1977-08-16,28.4,39,4.68,32.9,0.123,0.0
1977-08-17,28.7,53,2.89,33.2,0.123,0.0
1977-08-18,28.4,53,3.27,33.5,0.123,0.0
1977-08-19,27.8,32,4.46,32.6,0.123,0.0
1977-08-20,27.8,32,4.69,32.6,0.123,0.0
1977-08-21,27.4,34,4.69,32.4,0.123,0.0
1977-08-22,29.4,32,5.58,33.5,0.123,0.0
1977-08-23,29.9,31,5.43,34.1,0.123,0.0
1977-08-24,26.4,46,3.6,31.8,0.123,0.0
1977-08-25,25.8,45,3.77,30.9,0.123,0.0
1977-08-26,24.4,47,3.54,29.6,0.123,0.0
1977-08-27,24.9,38,3.88,29.9,0.123,0.0
1977-08-28,27.1,34,4.48,31.2,0.123,0.0
1977-08-29,30.2,31,5.48,32.7,0.123,0.0
1977-08-30,29.0,32,5.25,32.8,0.123,0.0
1977-08-31,27.8,35,4.34,32.3,0.123,0.0
1977-09-01,26.8,40,4.01,31.8,0.123,0.0
1977-09-02,26.7,38,4.01,31.6,0.123,0.0
1977-09-03,26.4,39,4.13,31.1,0.123,0.0
1977-09-04,26.9,38,4.51,31.3,0.123,0.0
1977-09-05,28.8,34,5.31,32.4,0.123,0.0
1977-09-06,29.8,31,5.97,33.0,0.123,0.0
1977-09-07,30.4,28,5.98,33.5,0.123,0.0
1977-09-08,29.8,31,5.34,33.5,0.123,0.0
1977-09-09,29.5,36,5.08,33.7,0.123,0.0
1977-09-10,27.5,39,4.42,32.2,0.123,0.0
1977-09-11,25.6,42,3.65,30.9,0.123,0.0
1977-09-12,24.1,47,2.94,29.1,0.123,0.0
1977-09-13,24.6,44,3.17,29.5,0.123,0.0
1977-09-14,23.0,48,2.53,28.5,0.123,0.0
1977-09-15,20.3,50,2.25,26.5,0.123,0.0
1977-09-16,17.5,51,1.55,23.1,0.123,0.0
1977-09-17,19.7,47,2.44,24.6,0.124,0.0
1977-09-18,21.8,45,2.74,25.5,0.124,0.0
1977-09-19,21.8,51,2.3,25.7,0.124,0.0
1977-09-20,20.9,55,2.59,25.2,0.125,0.1
1977-09-21,21.9,49,2.96,25.8,0.125,0.0
1977-09-22,22.4,39,3.32,26.4,0.124,0.0
1977-09-23,22.6,34,3.62,26.3,0.124,0.0
1977-09-24,22.8,43,3.17,26.5,0.124,0.0
1977-09-25,22.4,51,3.04,26.5,0.125,0.0
1977-09-26,23.4,37,2.83,26.2,0.137,0.0
1977-09-27,23.7,48,2.93,26.8,0.133,0.0
1977-09-28,22.8,51,2.95,26.9,0.13,0.0
1977-09-29,21.8,60,2.07,25.5,0.129,0.0
1977-09-30,19.7,49,2.46,24.1,0.128,0.0
1977-10-01,20.9,37,3.01,24.3,0.127,0.0
1977-10-02,22.2,38,3.58,25.3,0.126,0.0
1977-10-03,23.0,38,3.69,26.0,0.126,0.0
1977-10-04,22.9,39,3.42,25.6,0.125,0.4
1977-10-05,22.2,40,3.3,25.5,0.125,0.0
1977-10-06,21.1,60,2.19,24.2,0.202,8.7
1977-10-07,19.8,38,3.02,22.4,0.196,0.0
1977-10-08,20.3,37,2.97,22.0,0.179,0.0
1977-10-09,19.9,45,2.71,22.3,0.167,0.0
1977-10-10,20.7,47,2.66,22.7,0.158,0.0
1977-10-11,22.0,48,3.31,23.5,0.15,0.0
1977-10-12,22.4,44,3.45,24.1,0.144,0.0
1977-10-13,22.4,41,3.41,24.0,0.139,0.0
1977-10-14,22.0,42,3.38,23.8,0.136,0.0
1977-10-15,22.2,41,3.42,24.0,0.132,0.0
1977-10-16,21.3,44,3.2,23.9,0.131,0.0
1977-10-17,20.4,51,2.63,23.5,0.129,0.0
1977-10-18,20.1,53,2.57,23.2,0.129,0.0
1977-10-19,18.8,56,2.11,22.2,0.128,0.0
1977-10-20,17.1,58,1.8,21.2,0.127,0.0
1977-10-21,16.3,57,1.78,20.1,0.127,0.0
1977-10-22,17.7,58,2.11,20.4,0.127,0.0
1977-10-23,18.5,52,2.26,20.4,0.126,0.0
1977-10-24,19.1,49,2.48,21.2,0.126,0.0
1977-10-25,20.2,62,2.22,21.9,0.126,0.0
1977-10-26,19.6,67,1.89,22.2,0.126,0.0
1977-10-27,14.8,46,1.53,19.2,0.126,0.3
1977-10-28,14.5,42,1.58,16.2,0.126,0.0
1977-10-29,14.7,50,1.48,16.6,0.126,0.0
1977-10-30,14.9,60,1.46,17.3,0.126,0.0
1977-10-31,14.6,58,1.77,17.4,0.125,0.0
1977-11-01,15.3,53,1.85,17.7,0.125,0.0
1977-11-02,16.3,51,2.02,18.0,0.125,0.0
1977-11-03,16.9,55,1.97,18.4,0.125,0.0
1977-11-04,16.2,53,2.07,18.7,0.125,0.0
1977-11-05,13.2,62,1.19,15.6,0.182,5.2
1977-11-06,12.1,63,1.45,14.6,0.207,0.0
1977-11-07,10.7,64,1.26,13.4,0.196,0.0
1977-11-08,12.3,59,1.23,13.5,0.188,0.0
1977-11-09,13.1,62,1.62,14.2,0.181,0.0
1977-11-10,13.6,65,1.7,14.7,0.175,0.0
1977-11-11,16.4,53,2.16,16.1,0.169,0.0
1977-11-12,14.1,63,1.84,15.3,0.165,0.0
1977-11-13,13.3,68,1.38,15.0,0.16,0.0
1977-11-14,13.4,66,1.3,14.6,0.157,0.0
1977-11-15,13.4,59,1.46,14.4,0.153,0.0
1977-11-16,14.0,60,1.51,14.5,0.15,0.0
1977-11-17,14.0,60,1.54,14.4,0.147,0.0
1977-11-18,14.6,48,1.79,15.4,0.145,0.0
1977-11-19,9.4,35,1.3,12.7,0.142,0.0
1977-11-20,6.6,31,1.13,9.5,0.14,0.0
1977-11-21,11.1,35,1.64,11.7,0.143,10.9
1977-11-22,11.4,87,0.34,12.1,0.332,20.7
1977-11-23,11.2,79,0.83,12.4,0.316,0.0
1977-11-24,11.9,75,0.94,12.0,0.286,0.0
1977-11-25,12.8,76,1.08,12.6,0.268,0.0
1977-11-26,13.3,78,1.07,12.9,0.254,0.0
1977-11-27,13.8,80,0.97,13.7,0.244,0.0
1977-11-28,12.5,79,0.89,13.2,0.235,0.0
1977-11-29,12.3,76,1.08,12.8,0.227,0.0
1977-11-30,11.8,79,0.86,12.6,0.22,0.0
1977-12-01,11.4,79,1.0,12.3,0.215,0.0
1977-12-02,10.8,76,1.0,11.5,0.209,0.0
1977-12-03,10.7,77,0.84,11.1,0.204,0.0
1977-12-04,10.9,86,0.71,11.8,0.2,0.0
1977-12-05,10.8,88,0.51,11.4,0.197,0.0
1977-12-06,10.6,83,0.97,11.8,0.194,0.0
1977-12-07,10.8,84,0.65,11.3,0.191,0.0
1977-12-08,8.3,89,0.5,10.3,0.189,0.0
1977-12-09,8.1,84,0.7,9.6,0.187,0.0
1977-12-10,9.7,74,1.04,10.3,0.184,0.0
1977-12-11,9.8,74,0.87,9.7,0.182,0.0
1977-12-12,10.7,77,0.75,11.2,0.18,0.0
1977-12-13,9.1,84,0.73,10.2,0.177,0.0
1977-12-14,10.9,76,0.98,11.1,0.175,0.4
1977-12-15,11.7,76,0.85,12.0,0.264,12.4
1977-12-16,8.3,74,0.64,9.0,0.277,2.7
1977-12-17,11.3,92,0.18,10.9,0.405,34.1
1977-12-18,8.7,82,0.66,10.2,0.387,3.4
1977-12-19,6.3,77,0.69,8.3,0.36,0.0
1977-12-20,7.2,65,0.77,7.9,0.346,0.0
1977-12-21,9.9,54,0.98,8.9,0.351,2.7
1977-12-22,11.4,82,0.44,10.3,0.397,10.3
1977-12-23,12.4,91,0.24,11.8,0.427,32.5
1977-12-24,11.5,91,0.5,11.9,0.398,0.0
1977-12-25,11.9,89,0.44,12.1,0.379,0.8
1977-12-26,12.3,95,0.15,12.5,0.385,9.6
1977-12-27,13.4,93,0.23,13.1,0.413,25.7
1977-12-28,13.0,90,0.44,13.1,0.422,14.1
1977-12-29,12.4,94,0.34,13.0,0.409,4.4
1977-12-30,11.7,85,0.59,12.8,0.397,4.8
1977-12-31,9.6,84,0.51,10.8,0.377,0.0
1978-01-01,8.7,87,0.56,9.6,0.366,0.0
1978-01-02,9.3,84,0.61,9.3,0.361,1.4
1978-01-03,10.4,81,0.41,10.2,0.377,7.5
1978-01-04,10.1,88,0.41,10.0,0.39,10.9
1978-01-05,12.0,86,0.53,11.4,0.42,16.0
1978-01-06,11.8,90,0.41,11.9,0.412,5.7
1978-01-07,10.1,90,0.56,10.8,0.389,0.0
1978-01-08,11.8,84,0.91,11.7,0.375,0.0
1978-01-09,12.1,88,0.34,11.9,0.41,26.1
1978-01-10,11.2,86,0.64,11.6,0.415,4.7
1978-01-11,11.0,85,0.68,11.0,0.393,0.3
1978-01-12,10.3,87,0.66,10.6,0.382,0.8
1978-01-13,12.5,83,0.84,11.9,0.378,0.1
1978-01-14,12.7,84,0.38,12.0,0.394,19.7
1978-01-15,10.9,90,0.35,11.5,0.413,10.6
1978-01-16,11.3,89,0.22,11.2,0.42,29.7
1978-01-17,11.3,88,0.55,12.1,0.418,8.3
1978-01-18,10.8,83,0.72,11.2,0.398,5.6
1978-01-19,11.4,87,0.54,12.4,0.419,9.8
1978-01-20,10.0,84,0.54,10.9,0.395,0.0
1978-01-21,9.9,81,0.72,10.4,0.384,0.0
1978-01-22,9.1,83,0.55,10.1,0.375,0.0
1978-01-23,7.1,75,0.59,8.8,0.368,0.0
1978-01-24,6.2,72,0.62,7.7,0.363,0.0
1978-01-25,6.7,77,0.7,7.6,0.358,0.0
1978-01-26,7.8,81,0.61,8.1,0.353,0.0
1978-01-27,8.1,88,0.48,8.7,0.349,0.0
1978-01-28,9.8,87,0.73,10.1,0.345,0.0
1978-01-29,9.9,87,0.69,10.6,0.341,0.0
1978-01-30,9.3,89,0.5,10.5,0.337,0.0
1978-01-31,9.0,88,0.5,10.4,0.339,0.0
1978-02-01,7.8,86,0.59,9.1,0.334,0.0
1978-02-02,8.3,87,0.6,9.1,0.33,0.0
1978-02-03,9.6,87,0.74,10.3,0.325,0.0
1978-02-04,11.9,81,0.98,11.3,0.322,0.0
1978-02-05,13.7,77,0.68,12.5,0.355,13.7
1978-02-06,11.5,90,0.34,11.8,0.408,16.1
1978-02-07,10.1,92,0.17,10.3,0.41,15.5
1978-02-08,9.8,87,0.69,10.2,0.411,18.2
1978-02-09,11.6,93,0.14,11.4,0.425,57.5
1978-02-10,7.5,91,0.2,9.5,0.425,30.8
1978-02-11,6.8,82,0.55,8.6,0.406,1.3
1978-02-12,7.1,87,0.46,7.4,0.41,18.8
1978-02-13,9.2,85,0.57,10.0,0.415,8.3
1978-02-14,7.8,81,0.71,8.8,0.395,0.0
1978-02-15,8.7,76,0.67,8.8,0.384,0.0
1978-02-16,8.3,70,0.81,9.1,0.374,0.0
1978-02-17,9.1,75,0.64,10.1,0.364,0.0
1978-02-18,9.4,82,0.65,10.2,0.357,0.0
1978-02-19,10.2,83,0.85,10.9,0.35,0.0
1978-02-20,11.5,82,0.98,11.8,0.343,0.0
1978-02-21,12.4,85,0.93,12.7,0.336,0.0
1978-02-22,12.9,87,0.91,13.5,0.33,0.0
1978-02-23,13.4,86,0.95,13.7,0.324,0.0
1978-02-24,13.6,82,0.88,13.8,0.318,0.0
1978-02-25,12.6,82,0.8,13.6,0.314,0.0
1978-02-26,12.5,81,0.7,13.4,0.31,0.1
1978-02-27,11.6,86,0.4,12.2,0.315,0.6
1978-02-28,13.8,79,1.05,13.8,0.319,2.5
1978-03-01,13.4,88,0.72,14.2,0.351,11.1
1978-03-02,13.2,91,0.34,13.8,0.425,28.2
1978-03-03,12.2,84,0.69,13.0,0.42,15.1
1978-03-04,13.3,88,0.35,13.1,0.424,48.9
1978-03-05,12.5,86,0.66,13.4,0.417,8.0
1978-03-06,12.2,80,0.92,13.0,0.4,0.0
1978-03-07,13.2,78,1.24,13.5,0.383,0.0
1978-03-08,14.4,72,1.35,14.4,0.371,0.9
1978-03-09,12.4,82,0.54,13.8,0.4,10.2
1978-03-10,12.4,88,0.49,13.9,0.406,6.0
1978-03-11,11.1,76,0.75,13.3,0.403,4.4
1978-03-12,10.2,74,0.84,11.8,0.402,1.6
1978-03-13,11.1,65,0.96,11.9,0.38,0.0
1978-03-14,12.0,77,0.87,12.9,0.367,0.0
1978-03-15,13.4,77,1.03,13.7,0.357,0.0
1978-03-16,15.4,77,1.35,14.9,0.347,0.0
1978-03-17,17.1,75,1.66,16.2,0.337,0.0
1978-03-18,18.3,73,1.5,17.0,0.329,0.0
1978-03-19,17.1,72,1.32,17.4,0.33,0.0
1978-03-20,16.7,81,1.08,17.0,0.319,0.0
1978-03-21,15.4,82,1.0,16.4,0.388,15.7
1978-03-22,14.5,81,0.85,15.8,0.41,8.7
1978-03-23,13.5,83,0.58,14.4,0.386,0.9
1978-03-24,13.5,73,1.14,14.9,0.372,0.0
1978-03-25,14.9,75,1.16,15.6,0.356,0.0
1978-03-26,16.2,82,1.03,16.4,0.346,0.0
1978-03-27,16.0,79,1.13,16.7,0.337,2.7
1978-03-28,17.1,81,1.05,17.6,0.327,0.0
1978-03-29,17.4,80,1.24,17.7,0.322,1.1
1978-03-30,16.1,78,0.88,17.5,0.352,15.1
1978-03-31,13.5,82,0.86,15.4,0.413,18.7
1978-04-01,12.8,75,1.1,14.6,0.398,0.5
1978-04-02,12.3,69,1.07,14.6,0.381,0.1
1978-04-03,13.4,64,1.17,15.0,0.363,0.0
1978-04-04,11.5,68,0.84,13.7,0.392,15.6
1978-04-05,10.6,67,0.88,12.9,0.384,0.0
1978-04-06,9.4,86,0.39,11.4,0.412,18.0
1978-04-07,9.1,80,0.71,12.0,0.406,1.5
1978-04-08,11.3,70,1.0,12.7,0.385,0.0
1978-04-09,13.3,75,0.99,14.7,0.369,0.0
1978-04-10,17.0,74,1.48,16.8,0.355,0.0
1978-04-11,18.1,76,1.46,18.3,0.342,0.0
1978-04-12,18.0,75,1.49,18.8,0.329,0.0
1978-04-13,16.4,74,1.21,17.7,0.376,5.7
1978-04-14,14.5,64,1.36,16.5,0.358,0.0
1978-04-15,12.4,75,0.73,14.2,0.375,14.4
1978-04-16,10.3,75,0.89,13.7,0.402,3.2
1978-04-17,11.7,69,1.06,14.1,0.381,0.0
1978-04-18,13.9,67,1.19,15.3,0.361,0.0
1978-04-19,14.9,67,1.17,16.1,0.346,0.0
1978-04-20,13.4,70,0.65,15.4,0.338,1.1
1978-04-21,11.6,61,1.11,14.1,0.332,0.0
1978-04-22,12.9,62,1.35,14.6,0.317,0.0
1978-04-23,15.1,63,1.62,15.9,0.304,0.0
1978-04-24,16.6,65,1.84,16.5,0.294,0.0
1978-04-25,13.7,84,0.49,15.5,0.372,18.8
1978-04-26,13.5,77,1.05,15.4,0.387,3.2
1978-04-27,15.3,71,1.24,16.3,0.356,0.0
1978-04-28,16.3,72,1.38,17.4,0.336,0.0
1978-04-29,15.6,69,1.34,17.1,0.319,0.0
1978-04-30,13.5,70,0.9,15.6,0.311,1.2
1978-05-01,14.7,72,1.07,16.6,0.306,0.0
1978-05-02,17.2,72,1.43,18.3,0.293,0.0
1978-05-03,18.8,71,1.6,19.5,0.279,0.0
1978-05-04,17.9,58,1.79,19.0,0.264,0.0
1978-05-05,15.9,45,1.56,17.6,0.249,0.0
1978-05-06,16.1,49,1.81,17.3,0.237,0.0
1978-05-07,17.7,57,2.05,18.7,0.227,0.0
1978-05-08,19.5,59,2.32,20.1,0.216,0.0
1978-05-09,20.8,59,2.44,21.1,0.206,0.0
1978-05-10,19.0,53,1.91,21.0,0.198,0.2
1978-05-11,17.6,56,1.88,19.9,0.19,0.0
1978-05-12,19.2,59,2.22,21.1,0.182,0.0
1978-05-13,22.8,54,2.94,22.8,0.175,0.0
1978-05-14,22.5,53,3.01,23.9,0.167,0.0
1978-05-15,17.4,52,1.74,20.6,0.161,0.0
1978-05-16,17.2,45,2.21,19.8,0.158,0.0
1978-05-17,19.1,43,2.51,21.0,0.153,0.0
1978-05-18,22.1,47,3.21,23.2,0.148,0.0
1978-05-19,23.6,44,3.93,24.5,0.144,0.0
1978-05-20,23.9,42,3.42,25.1,0.14,0.0
1978-05-21,22.1,47,2.49,24.9,0.138,0.0
1978-05-22,19.9,45,2.46,23.8,0.136,0.0
1978-05-23,15.0,48,1.63,20.1,0.139,2.1
1978-05-24,15.0,50,1.83,19.6,0.144,0.0
1978-05-25,15.7,47,1.96,19.7,0.14,0.0
1978-05-26,17.8,48,2.26,21.0,0.138,0.0
1978-05-27,20.5,54,2.6,23.1,0.135,0.0
1978-05-28,24.3,48,3.34,25.5,0.133,0.0
1978-05-29,25.4,43,4.11,27.0,0.131,0.0
1978-05-30,25.3,39,4.36,27.2,0.13,0.0
1978-05-31,25.3,37,3.97,27.4,0.129,0.0
1978-06-01,23.6,43,3.15,26.9,0.128,0.0
1978-06-02,22.7,42,2.99,26.5,0.127,0.0
1978-06-03,22.9,44,3.12,26.4,0.127,0.0
1978-06-04,24.0,49,3.19,27.3,0.126,0.0
1978-06-05,26.3,47,3.86,28.6,0.126,0.0
1978-06-06,27.8,44,4.48,29.6,0.126,0.0
1978-06-07,28.1,37,5.1,30.1,0.125,0.0
1978-06-08,25.9,40,4.23,29.2,0.125,0.0
1978-06-09,25.5,39,4.08,28.8,0.125,0.0
1978-06-10,20.9,41,2.61,25.7,0.125,0.0
1978-06-11,22.8,46,3.01,27.0,0.125,0.0
1978-06-12,23.9,39,3.37,27.6,0.125,0.0
1978-06-13,24.2,42,3.3,27.9,0.124,0.0
1978-06-14,22.3,37,3.0,26.8,0.124,0.0
1978-06-15,22.1,37,3.31,26.5,0.124,0.0
1978-06-16,22.3,35,3.32,26.5,0.124,0.0
1978-06-17,24.3,36,4.06,27.9,0.124,0.4
1978-06-18,23.1,38,3.27,27.4,0.124,0.0
1978-06-19,23.2,41,3.58,27.4,0.124,0.0
1978-06-20,24.0,40,3.62,27.8,0.124,0.0
1978-06-21,24.2,39,3.59,28.2,0.124,0.0
1978-06-22,25.2,39,3.82,28.9,0.124,0.0
1978-06-23,24.2,37,3.54,28.4,0.124,0.0
1978-06-24,22.3,37,3.02,27.0,0.124,0.0
1978-06-25,22.1,38,3.32,26.6,0.124,0.0
1978-06-26,22.0,44,2.94,27.0,0.124,0.0
1978-06-27,21.9,50,2.59,26.9,0.124,0.0
1978-06-28,22.9,53,2.61,27.7,0.124,0.0
1978-06-29,23.9,47,3.16,28.4,0.124,0.0
1978-06-30,23.8,44,3.07,28.4,0.124,0.0
1978-07-01,22.5,45,2.88,27.6,0.124,0.0
1978-07-02,20.6,45,2.62,26.0,0.124,0.0
1978-07-03,21.0,44,3.02,25.9,0.124,0.0
1978-07-04,23.7,42,3.52,27.7,0.124,0.0
1978-07-05,25.0,40,3.81,28.8,0.124,0.0
1978-07-06,26.6,39,4.18,30.5,0.124,0.0
1978-07-07,27.0,37,4.23,31.1,0.124,0.0
1978-07-08,27.8,38,4.72,31.5,0.124,0.0
1978-07-09,29.5,33,5.43,32.7,0.124,0.0
1978-07-10,27.9,34,4.83,32.5,0.124,0.0
1978-07-11,24.3,37,3.68,30.3,0.124,0.0
1978-07-12,24.4,39,3.72,29.3,0.124,0.0
1978-07-13,27.5,33,4.89,30.9,0.124,0.0
1978-07-14,29.9,29,5.54,32.6,0.124,0.0
1978-07-15,28.7,32,4.49,32.3,0.124,0.0
1978-07-16,26.8,36,4.44,31.2,0.124,0.0
1978-07-17,28.2,36,4.99,32.0,0.124,0.0
1978-07-18,29.4,33,5.37,33.1,0.124,0.0
1978-07-19,29.3,36,5.22,33.2,0.124,0.0
1978-07-20,29.7,32,5.53,33.5,0.124,0.0
1978-07-21,29.3,32,5.45,33.4,0.124,0.0
1978-07-22,30.5,34,5.82,34.1,0.124,0.0
1978-07-23,30.5,34,5.26,34.6,0.124,0.0
1978-07-24,31.1,34,5.68,34.7,0.124,0.0
1978-07-25,30.7,34,4.92,34.4,0.124,0.0
1978-07-26,30.0,31,5.05,34.0,0.125,0.0
1978-07-27,28.9,34,4.68,33.4,0.124,0.0
1978-07-28,28.7,35,4.66,33.2,0.124,0.0
1978-07-29,28.0,35,4.51,32.7,0.124,0.0
1978-07-30,27.1,35,4.41,32.1,0.124,0.0
1978-07-31,29.1,37,5.11,33.2,0.124,0.0
1978-08-01,30.6,34,5.59,34.2,0.124,0.0
1978-08-02,30.1,34,5.07,34.4,0.124,0.0
1978-08-03,30.0,33,5.31,34.4,0.124,0.0
1978-08-04,30.8,30,5.41,34.7,0.124,0.0
1978-08-05,32.4,32,6.13,36.1,0.124,0.0
1978-08-06,33.3,31,6.68,36.6,0.124,0.0
1978-08-07,32.8,31,6.07,36.7,0.124,0.0
1978-08-08,32.9,34,5.83,36.7,0.123,0.0
1978-08-09,32.9,38,5.76,36.8,0.123,0.0
1978-08-10,31.9,34,5.57,36.3,0.124,0.0
1978-08-11,29.8,33,5.05,34.8,0.124,0.0
1978-08-12,27.0,37,4.04,32.8,0.124,0.0
1978-08-13,24.3,44,3.18,30.7,0.124,0.0
1978-08-14,25.2,40,3.83,30.5,0.124,0.0
1978-08-15,27.0,37,4.37,31.7,0.124,0.0
1978-08-16,25.8,36,3.79,31.1,0.124,0.0
1978-08-17,23.4,32,3.61,29.2,0.124,0.0
1978-08-18,25.2,32,4.19,29.6,0.124,0.0
1978-08-19,26.9,29,4.94,31.0,0.124,0.0
1978-08-20,26.9,29,4.63,31.1,0.124,0.0
1978-08-21,25.6,40,3.83,30.5,0.124,0.0
1978-08-22,22.2,38,3.09,28.2,0.124,0.0
1978-08-23,22.4,36,3.23,27.8,0.124,0.0
1978-08-24,21.7,47,2.88,27.1,0.124,0.0
1978-08-25,22.6,50,3.06,27.3,0.124,0.0
1978-08-26,22.9,49,3.17,27.5,0.124,0.0
1978-08-27,22.6,42,3.24,27.3,0.124,0.0
1978-08-28,25.3,45,3.86,29.2,0.124,0.0
1978-08-29,27.3,43,4.37,30.7,0.124,0.0
1978-08-30,25.6,44,3.94,30.1,0.124,0.0
1978-08-31,24.2,47,3.42,29.0,0.124,0.0
1978-09-01,26.9,43,4.55,30.6,0.124,0.0
1978-09-02,28.5,39,4.85,31.8,0.124,0.0
1978-09-03,27.4,40,4.43,31.6,0.124,0.0
1978-09-04,21.0,71,2.26,26.0,0.216,26.5
1978-09-05,19.7,94,0.25,22.7,0.409,15.9
1978-09-06,19.9,74,1.31,22.4,0.382,2.1
1978-09-07,18.3,53,1.65,21.4,0.342,0.7
1978-09-08,17.6,62,1.63,20.8,0.312,0.0
1978-09-09,20.6,60,2.2,21.8,0.29,0.0
1978-09-10,19.1,65,1.2,21.5,0.274,0.0
1978-09-11,19.1,61,1.84,21.4,0.26,0.0
1978-09-12,19.8,59,1.84,21.8,0.244,0.0
1978-09-13,21.6,59,2.4,22.5,0.23,0.0
1978-09-14,19.5,68,1.64,21.8,0.226,1.6
1978-09-15,20.5,69,1.93,22.7,0.218,0.0
1978-09-16,22.6,64,2.31,23.9,0.206,0.0
1978-09-17,21.1,54,2.33,23.1,0.194,0.0
1978-09-18,17.5,30,2.18,20.6,0.181,0.0
1978-09-19,17.3,38,2.44,20.0,0.172,0.0
1978-09-20,18.4,42,2.44,20.4,0.166,0.0
1978-09-21,19.9,44,2.91,21.3,0.16,0.0
1978-09-22,21.3,47,3.02,22.3,0.154,0.0
1978-09-23,23.2,49,3.32,23.8,0.149,0.0
1978-09-24,24.5,53,3.6,25.0,0.144,0.0
1978-09-25,25.2,52,4.13,26.1,0.14,0.0
1978-09-26,25.5,45,4.02,26.5,0.137,0.0
1978-09-27,23.2,47,3.02,26.0,0.134,0.0
1978-09-28,22.8,53,3.17,25.4,0.133,0.0
1978-09-29,24.2,50,3.58,25.6,0.132,0.0
1978-09-30,25.3,47,3.8,26.3,0.131,0.0
1978-10-01,25.1,48,3.53,26.2,0.13,0.0
1978-10-02,24.3,50,3.33,26.1,0.129,0.0
1978-10-03,24.5,49,3.65,26.2,0.128,0.0
1978-10-04,24.8,48,3.74,26.3,0.128,0.0
1978-10-05,24.4,48,3.66,26.4,0.127,0.0
1978-10-06,22.3,53,2.9,25.6,0.127,0.0
1978-10-07,21.4,54,2.78,24.8,0.127,0.0
1978-10-08,22.1,52,3.11,24.8,0.126,0.0
1978-10-09,21.6,54,2.73,24.7,0.126,0.0
1978-10-10,22.1,51,3.14,24.7,0.126,0.0
1978-10-11,22.0,50,2.97,24.3,0.126,0.0
1978-10-12,22.9,52,3.13,24.9,0.125,0.0
1978-10-13,24.1,52,3.5,25.5,0.125,0.0
1978-10-14,24.5,51,3.91,26.1,0.125,0.0
1978-10-15,22.7,50,2.88,25.2,0.125,0.0
1978-10-16,19.6,57,1.91,23.2,0.125,0.0
1978-10-17,19.7,60,2.21,23.0,0.125,0.0
1978-10-18,21.1,56,2.42,23.2,0.125,0.0
1978-10-19,21.1,58,2.46,23.3,0.125,0.0
1978-10-20,19.4,60,2.01,22.8,0.125,0.0
1978-10-21,16.8,61,1.63,20.7,0.125,0.0
1978-10-22,17.8,61,1.79,20.4,0.125,0.0
1978-10-23,17.6,61,2.08,20.6,0.125,0.0
1978-10-24,18.9,52,2.83,20.9,0.125,0.0
1978-10-25,18.7,45,2.36,20.8,0.125,0.0
1978-10-26,18.4,57,2.35,20.5,0.125,0.0
1978-10-27,18.4,57,2.34,20.3,0.125,0.0
1978-10-28,18.4,57,2.24,20.2,0.125,0.0
1978-10-29,16.1,54,1.58,18.9,0.125,0.0
1978-10-30,13.2,38,1.53,16.7,0.125,0.0
1978-10-31,13.0,47,1.81,15.8,0.125,0.0
1978-11-01,13.6,52,1.25,16.3,0.129,0.4
1978-11-02,13.2,53,1.6,15.3,0.131,0.0
1978-11-03,13.1,58,1.5,15.6,0.13,0.0
1978-11-04,14.9,60,1.61,16.2,0.129,0.0
1978-11-05,15.8,60,1.64,17.2,0.128,0.0
1978-11-06,16.2,61,2.13,17.7,0.128,0.0
1978-11-07,16.7,61,2.23,18.0,0.127,0.0
1978-11-08,16.7,60,2.01,18.1,0.127,0.0
1978-11-09,16.8,56,2.26,18.0,0.126,0.0
1978-11-10,11.3,63,1.09,14.4,0.129,2.3
1978-11-11,9.5,81,0.63,12.5,0.186,7.2
1978-11-12,8.6,62,1.04,11.4,0.201,0.0
1978-11-13,9.6,77,0.66,12.4,0.242,4.1
1978-11-14,8.2,70,0.97,10.8,0.236,0.0
1978-11-15,8.3,62,1.05,10.0,0.224,0.0
1978-11-16,9.6,60,1.22,10.3,0.214,0.0
1978-11-17,10.8,64,1.03,12.2,0.204,0.0
1978-11-18,11.1,68,1.2,11.8,0.197,0.0
1978-11-19,10.8,70,1.33,12.0,0.19,0.0
1978-11-20,11.1,80,0.81,11.6,0.226,3.9
1978-11-21,10.3,89,0.27,11.5,0.379,12.7
1978-11-22,9.7,86,0.43,11.0,0.382,10.1
1978-11-23,9.0,82,0.75,10.5,0.344,0.0
1978-11-24,8.7,74,0.77,10.0,0.316,0.0
1978-11-25,8.3,79,0.72,9.7,0.301,0.0
1978-11-26,7.8,83,0.56,9.3,0.291,0.0
1978-11-27,7.5,84,0.63,9.2,0.283,0.0
1978-11-28,8.0,81,0.72,9.3,0.276,0.0
1978-11-29,9.2,85,0.58,10.0,0.269,0.0
1978-11-30,9.2,94,0.31,10.3,0.265,0.0
1978-12-01,9.6,90,0.34,10.5,0.283,2.5
1978-12-02,7.9,67,0.7,8.8,0.297,0.0
1978-12-03,7.1,74,0.78,8.2,0.286,0.0
1978-12-04,7.3,74,0.76,8.3,0.277,0.0
1978-12-05,8.0,59,1.04,8.4,0.27,0.3
1978-12-06,4.0,41,0.9,5.6,0.262,0.0
1978-12-07,2.6,52,0.63,2.9,0.256,0.0
1978-12-08,2.3,54,0.73,2.8,0.252,0.0
1978-12-09,3.5,57,0.74,3.5,0.247,0.0
1978-12-10,4.7,69,0.71,4.7,0.243,0.0
1978-12-11,5.9,76,0.85,6.2,0.239,0.0
1978-12-12,6.6,78,0.82,7.2,0.235,0.0
1978-12-13,6.4,78,0.91,7.5,0.232,0.0
1978-12-14,6.4,78,0.89,7.5,0.228,0.0
1978-12-15,5.0,83,0.73,7.0,0.225,0.0
1978-12-16,6.5,73,0.97,7.3,0.222,0.0
1978-12-17,9.0,93,0.22,8.9,0.38,25.7
1978-12-18,7.6,92,0.22,8.5,0.399,12.2
1978-12-19,6.0,86,0.42,7.7,0.386,2.9
1978-12-20,4.2,84,0.45,5.7,0.36,0.0
1978-12-21,3.9,80,0.56,5.2,0.346,0.0
1978-12-22,4.4,82,0.55,4.7,0.336,0.0
1978-12-23,3.4,92,0.29,4.7,0.329,0.0
1978-12-24,4.2,89,0.47,5.7,0.323,0.0
1978-12-25,5.3,86,0.58,6.3,0.317,0.0
1978-12-26,5.8,85,0.71,6.5,0.311,0.0
1978-12-27,6.6,84,0.63,7.2,0.306,0.0
1978-12-28,6.6,84,0.57,7.1,0.301,0.0
1978-12-29,4.5,89,0.34,5.6,0.296,0.0
1978-12-30,2.7,89,0.31,4.6,0.293,0.0
1978-12-31,2.3,74,0.51,3.1,0.29,0.0
1979-01-01,3.1,72,0.7,3.2,0.285,0.0
1979-01-02,4.5,66,0.85,4.5,0.281,0.0
1979-01-03,7.3,62,1.05,6.7,0.278,0.0
1979-01-04,8.8,64,1.37,7.9,0.273,0.0
1979-01-05,8.7,86,0.4,8.5,0.312,5.8
1979-01-06,8.0,84,0.69,8.1,0.318,0.0
1979-01-07,8.2,89,0.39,7.9,0.315,2.3
1979-01-08,10.8,85,0.69,9.8,0.351,11.4
1979-01-09,11.2,83,0.72,11.0,0.39,6.1
1979-01-10,9.4,85,0.62,9.7,0.354,0.0
1979-01-11,10.8,87,0.32,10.2,0.386,25.0
1979-01-12,10.6,84,0.63,10.6,0.399,0.3
1979-01-13,8.3,83,0.57,8.5,0.378,0.0
1979-01-14,9.0,78,0.46,8.8,0.387,7.4
1979-01-15,9.4,82,0.54,9.3,0.413,8.7
1979-01-16,7.8,83,0.62,8.4,0.388,0.0
1979-01-17,7.6,78,0.71,8.0,0.371,0.7
1979-01-18,7.6,80,0.66,8.6,0.387,3.9
1979-01-19,6.8,83,0.51,8.2,0.366,0.0
1979-01-20,7.4,80,0.73,7.9,0.353,0.0
1979-01-21,8.7,81,0.71,8.7,0.345,0.0
1979-01-22,7.8,83,0.74,8.4,0.337,0.0
1979-01-23,7.7,77,0.83,8.0,0.33,0.0
1979-01-24,7.6,82,0.6,8.3,0.323,0.0
1979-01-25,6.4,68,0.61,7.7,0.318,0.0
1979-01-26,3.9,67,0.59,5.7,0.312,0.0
1979-01-27,4.1,71,0.63,4.9,0.306,0.0
1979-01-28,3.7,77,0.46,4.6,0.322,2.3
1979-01-29,2.2,71,0.67,3.6,0.319,0.0
1979-01-30,5.1,68,0.83,5.1,0.328,8.2
1979-01-31,6.0,85,0.49,6.5,0.389,6.9
1979-02-01,5.6,87,0.38,6.8,0.394,6.3
1979-02-02,5.7,82,0.5,7.1,0.391,2.6
1979-02-03,4.6,71,0.63,6.0,0.365,0.0
1979-02-04,5.1,72,0.8,5.8,0.351,0.0
1979-02-05,6.2,75,0.8,6.8,0.34,0.0
1979-02-06,7.4,81,0.64,7.9,0.332,0.0
1979-02-07,8.3,87,0.61,8.6,0.325,0.0
1979-02-08,8.9,84,0.83,9.3,0.318,0.0
1979-02-09,8.3,83,0.74,9.1,0.312,0.0
1979-02-10,9.1,82,0.85,9.1,0.305,0.0
1979-02-11,10.2,81,0.89,9.8,0.3,0.0
1979-02-12,12.8,71,1.2,11.2,0.295,0.0
1979-02-13,12.7,72,0.76,11.4,0.302,4.1
1979-02-14,11.1,77,0.81,11.5,0.389,11.9
1979-02-15,9.0,73,0.82,10.0,0.357,0.0
1979-02-16,7.8,81,0.49,8.6,0.381,8.2
1979-02-17,8.7,78,0.78,8.8,0.368,0.0
1979-02-18,9.4,76,0.92,9.4,0.354,2.3
1979-02-19,10.3,79,0.75,10.9,0.395,6.7
1979-02-20,8.6,88,0.28,8.7,0.394,17.7
1979-02-21,8.7,89,0.39,9.5,0.425,17.9
1979-02-22,7.9,84,0.74,9.0,0.412,7.1
1979-02-23,7.9,79,0.77,9.4,0.411,4.5
1979-02-24,9.0,68,0.92,8.9,0.385,0.0
1979-02-25,11.9,69,1.17,10.6,0.37,0.0
1979-02-26,10.0,80,0.59,10.4,0.375,2.7
1979-02-27,8.9,77,0.72,9.8,0.366,0.0
1979-02-28,9.5,77,0.81,10.4,0.354,1.9
1979-03-01,8.6,74,0.68,10.5,0.41,18.4
1979-03-02,8.0,68,0.86,9.2,0.384,0.0
1979-03-03,9.1,75,0.76,10.1,0.368,0.0
1979-03-04,10.7,84,0.74,11.2,0.358,0.0
1979-03-05,12.1,84,0.83,12.3,0.349,0.0
1979-03-06,14.5,83,1.14,14.2,0.339,0.0
1979-03-07,15.7,82,1.31,15.4,0.33,0.0
1979-03-08,16.1,82,1.34,16.0,0.32,0.0
1979-03-09,16.4,82,1.27,16.3,0.311,0.0
1979-03-10,16.6,82,1.17,17.0,0.303,0.0
1979-03-11,15.6,83,1.03,16.5,0.295,0.0
1979-03-12,15.4,80,1.37,16.3,0.288,0.0
1979-03-13,15.1,79,0.92,15.9,0.286,1.8
1979-03-14,14.6,87,0.58,15.7,0.319,1.4
1979-03-15,12.1,86,0.9,13.5,0.343,11.5
1979-03-16,9.8,77,0.83,12.3,0.375,2.7
1979-03-17,10.5,74,0.79,12.0,0.38,3.7
1979-03-18,9.8,76,0.74,11.7,0.357,1.5
1979-03-19,10.1,85,0.42,12.0,0.389,5.8
1979-03-20,11.2,79,0.81,12.7,0.387,2.3
1979-03-21,11.2,83,0.6,12.7,0.392,5.2
1979-03-22,11.3,76,0.97,12.6,0.381,0.0
1979-03-23,12.5,70,0.97,13.0,0.36,0.0
1979-03-24,13.3,72,1.26,14.0,0.345,0.0
1979-03-25,13.9,67,1.44,14.6,0.33,0.0
1979-03-26,12.8,77,0.89,13.3,0.334,5.5
1979-03-27,13.2,81,0.59,13.7,0.412,23.0
1979-03-28,11.2,86,0.68,13.4,0.426,27.3
1979-03-29,10.8,72,0.86,12.2,0.402,0.0
1979-03-30,10.7,69,0.98,12.6,0.379,0.0
1979-03-31,11.4,68,1.15,12.8,0.362,0.0
1979-04-01,12.6,62,1.17,13.0,0.349,0.0
1979-04-02,12.7,62,1.29,13.2,0.336,0.0
1979-04-03,13.3,66,1.29,14.1,0.325,0.0
1979-04-04,15.4,67,1.59,15.4,0.314,0.0
1979-04-05,17.2,67,2.08,16.9,0.303,0.0
1979-04-06,13.9,69,1.16,15.7,0.293,0.0
1979-04-07,13.8,68,1.22,15.3,0.284,0.0
1979-04-08,15.7,67,1.52,16.2,0.274,0.0
1979-04-09,13.4,59,1.19,15.0,0.264,0.0
1979-04-10,12.5,48,1.39,14.0,0.252,0.0
1979-04-11,12.9,69,1.01,13.7,0.246,0.0
1979-04-12,14.7,69,1.35,16.0,0.241,0.0
1979-04-13,15.9,68,1.57,16.8,0.232,0.0
1979-04-14,16.7,63,1.94,17.7,0.222,0.0
1979-04-15,17.1,60,2.04,18.1,0.212,0.0
1979-04-16,16.1,66,2.06,17.6,0.205,0.6
1979-04-17,13.1,55,1.15,16.0,0.209,1.0
1979-04-18,11.7,51,1.39,14.6,0.208,0.0
1979-04-19,12.7,51,1.69,15.1,0.198,0.0
1979-04-20,15.0,52,1.92,16.5,0.189,0.0
1979-04-21,17.1,51,2.39,18.3,0.181,0.0
1979-04-22,16.5,54,2.01,18.2,0.174,0.0
1979-04-23,15.5,60,1.42,17.9,0.175,1.3
1979-04-24,16.1,51,1.76,18.2,0.176,0.0
1979-04-25,15.6,58,1.71,17.1,0.171,0.6
1979-04-26,19.1,60,1.93,19.2,0.177,0.6
1979-04-27,18.4,64,1.89,19.5,0.176,0.0
1979-04-28,17.6,50,2.17,19.5,0.168,0.0
1979-04-29,18.3,54,2.24,20.2,0.161,0.0
1979-04-30,17.9,48,2.38,20.3,0.154,0.0
1979-05-01,16.2,50,1.75,18.9,0.149,0.0
1979-05-02,17.9,56,2.0,20.2,0.146,0.0
1979-05-03,20.4,54,2.43,21.9,0.142,0.0
1979-05-04,20.4,52,2.64,22.8,0.139,0.0
1979-05-05,18.7,53,2.29,22.1,0.136,0.0
1979-05-06,16.1,46,1.92,19.9,0.135,0.0
1979-05-07,14.7,56,1.22,18.2,0.138,0.4
1979-05-08,13.4,51,1.41,17.2,0.144,0.1
1979-05-09,15.7,45,2.09,18.7,0.141,0.0
1979-05-10,18.4,39,2.68,20.3,0.138,0.0
1979-05-11,20.9,41,3.19,22.4,0.135,0.0
1979-05-12,23.7,41,4.16,24.8,0.132,0.0
1979-05-13,25.8,38,4.82,26.6,0.13,0.0
1979-05-14,26.7,33,4.96,27.3,0.129,0.0
1979-05-15,25.5,31,4.14,27.2,0.128,0.0
1979-05-16,22.2,43,2.96,25.9,0.127,0.0
1979-05-17,24.5,43,3.85,27.0,0.127,0.0
1979-05-18,26.4,43,4.1,28.4,0.126,0.0
1979-05-19,26.2,45,3.7,28.6,0.126,0.0
1979-05-20,25.4,45,3.68,28.4,0.125,0.0
1979-05-21,23.7,47,2.88,27.8,0.125,0.0
1979-05-22,22.8,48,2.79,26.6,0.125,0.0
1979-05-23,23.7,39,3.57,26.8,0.125,0.0
1979-05-24,23.5,43,3.48,26.9,0.125,0.0
1979-05-25,25.8,43,4.11,28.5,0.125,0.0
1979-05-26,27.4,38,4.75,29.7,0.124,0.0
1979-05-27,25.4,36,3.95,29.3,0.124,0.0
1979-05-28,22.5,41,3.03,27.3,0.124,0.0
1979-05-29,22.7,28,3.28,27.0,0.124,0.0
1979-05-30,24.1,29,3.96,27.4,0.124,0.0
1979-05-31,25.4,33,4.41,28.4,0.124,0.0
1979-06-01,26.5,36,4.74,29.4,0.124,0.0
1979-06-02,27.2,33,5.22,30.0,0.124,0.0
1979-06-03,27.5,30,4.84,30.5,0.124,0.0
1979-06-04,27.1,32,4.79,30.7,0.124,0.0
1979-06-05,26.7,37,4.64,30.3,0.124,0.0
1979-06-06,28.5,34,4.91,30.8,0.124,0.0
1979-06-07,26.0,23,4.27,29.6,0.124,0.0
1979-06-08,25.6,21,4.54,29.4,0.124,0.0
1979-06-09,26.9,31,4.95,30.2,0.124,0.0
1979-06-10,28.4,29,5.77,31.5,0.124,0.0
1979-06-11,30.0,29,6.25,32.8,0.124,0.0
1979-06-12,30.8,28,6.58,33.2,0.124,0.0
1979-06-13,27.5,23,5.02,32.1,0.124,0.0
1979-06-14,23.9,24,4.0,29.2,0.124,0.0
1979-06-15,22.1,33,3.46,27.8,0.124,0.0
1979-06-16,20.3,40,3.01,26.3,0.124,0.0
1979-06-17,18.4,44,2.32,24.2,0.124,0.0
1979-06-18,20.3,39,2.9,25.3,0.124,0.0
1979-06-19,23.3,35,3.68,27.7,0.124,0.0
1979-06-20,25.6,32,4.34,29.5,0.124,0.0
1979-06-21,24.7,29,4.09,29.1,0.124,0.0
1979-06-22,24.9,32,4.31,29.1,0.124,0.0
1979-06-23,26.7,33,4.5,30.7,0.124,0.0
1979-06-24,28.1,31,5.02,32.0,0.124,0.0
1979-06-25,26.6,32,4.55,31.1,0.124,0.0
1979-06-26,25.7,34,4.2,30.2,0.124,0.0
1979-06-27,25.9,35,4.49,30.3,0.124,0.0
1979-06-28,26.0,32,4.43,30.2,0.124,0.0
1979-06-29,25.0,32,4.13,29.5,0.124,0.0
1979-06-30,23.7,33,3.7,28.8,0.124,0.0
1979-07-01,24.9,38,3.93,29.9,0.124,0.0
1979-07-02,23.1,41,3.16,28.4,0.124,0.0
1979-07-03,22.5,43,2.93,28.4,0.124,0.0
1979-07-04,22.3,47,2.93,27.8,0.124,0.0
1979-07-05,22.9,44,3.19,28.2,0.124,0.0
1979-07-06,23.3,41,3.37,28.3,0.124,0.0
1979-07-07,24.1,37,3.8,28.8,0.124,0.0
1979-07-08,25.4,38,4.13,29.6,0.124,0.0
1979-07-09,26.2,35,4.15,30.3,0.124,0.0
1979-07-10,24.7,47,3.3,29.5,0.124,0.0
1979-07-11,24.7,38,3.88,29.3,0.124,0.0
1979-07-12,27.8,35,5.1,31.0,0.124,0.0
1979-07-13,29.9,34,5.08,33.0,0.124,0.0
1979-07-14,31.1,37,5.48,34.3,0.124,0.0
1979-07-15,30.6,35,5.25,34.8,0.124,0.0
1979-07-16,31.1,37,5.58,35.4,0.124,0.0
1979-07-17,31.2,37,6.03,35.3,0.124,0.0
1979-07-18,30.7,29,5.96,34.9,0.124,0.0
1979-07-19,30.9,31,6.03,35.1,0.124,0.0
1979-07-20,30.6,38,4.49,34.2,0.124,0.0
1979-07-21,28.3,45,3.57,33.2,0.124,0.0
1979-07-22,28.4,51,3.94,33.4,0.124,0.0
1979-07-23,30.3,43,4.88,34.6,0.124,0.0
1979-07-24,31.2,37,5.78,35.2,0.124,0.0
1979-07-25,31.3,33,5.63,35.8,0.124,0.0
1979-07-26,29.5,30,4.94,34.8,0.124,0.0
1979-07-27,27.1,33,4.42,32.7,0.124,0.0
1979-07-28,27.1,33,4.67,32.3,0.124,0.0
1979-07-29,28.1,35,4.8,32.7,0.124,0.0
1979-07-30,30.0,33,5.54,33.9,0.124,0.0
1979-07-31,31.4,31,5.84,34.8,0.124,0.0
1979-08-01,32.2,27,6.21,35.8,0.124,0.0
1979-08-02,30.9,29,5.85,35.2,0.123,0.0
1979-08-03,29.9,32,5.13,34.8,0.123,0.0
1979-08-04,28.2,36,4.61,33.2,0.123,0.0
1979-08-05,28.0,31,4.86,32.8,0.123,0.0
1979-08-06,29.1,27,5.4,33.7,0.123,0.0
1979-08-07,29.6,28,5.11,34.1,0.123,0.0
1979-08-08,29.4,29,4.9,34.0,0.123,0.0
1979-08-09,28.6,33,4.93,33.7,0.123,0.0
1979-08-10,30.2,32,5.34,34.5,0.123,0.0
1979-08-11,28.1,38,3.81,32.5,0.123,0.0
1979-08-12,26.4,44,3.53,32.1,0.123,0.0
1979-08-13,22.0,46,2.75,29.2,0.124,0.0
1979-08-14,22.8,50,2.88,28.8,0.124,0.0
1979-08-15,24.4,44,3.55,29.5,0.124,0.0
1979-08-16,25.2,42,3.65,30.2,0.124,0.0
1979-08-17,26.3,41,3.71,30.9,0.124,0.0
1979-08-18,27.5,35,4.19,32.0,0.124,0.0
1979-08-19,25.9,38,3.77,31.1,0.124,0.0
1979-08-20,23.6,45,2.97,29.6,0.124,0.0
1979-08-21,23.2,47,2.86,29.0,0.124,0.0
1979-08-22,24.1,42,3.37,29.0,0.124,0.0
1979-08-23,24.8,40,3.62,29.2,0.124,0.0
1979-08-24,24.8,39,3.63,29.3,0.124,0.0
1979-08-25,24.8,39,3.84,29.2,0.124,0.0
1979-08-26,23.8,43,3.54,28.4,0.124,0.0
1979-08-27,25.4,43,3.91,29.3,0.124,0.0
1979-08-28,25.6,45,3.47,29.9,0.124,0.0
1979-08-29,22.8,48,2.63,28.3,0.124,0.0
1979-08-30,22.5,52,2.73,27.7,0.124,0.0
1979-08-31,23.7,46,3.26,28.5,0.124,0.0
1979-09-01,24.9,42,3.62,29.0,0.124,0.0
1979-09-02,25.4,53,3.29,29.6,0.124,0.0
1979-09-03,25.7,45,3.49,29.6,0.124,0.0
1979-09-04,24.6,44,3.54,29.0,0.124,0.0
1979-09-05,25.1,38,3.99,29.2,0.124,0.0
1979-09-06,27.0,40,4.54,30.4,0.124,0.0
1979-09-07,29.0,37,5.2,31.8,0.124,0.0
1979-09-08,26.8,41,3.87,30.7,0.124,0.0
1979-09-09,26.7,35,4.27,30.3,0.124,0.0
1979-09-10,27.7,30,4.78,31.0,0.124,0.0
1979-09-11,29.4,34,5.29,31.7,0.124,0.0
1979-09-12,30.4,32,5.88,32.4,0.124,0.0
1979-09-13,29.7,30,5.49,32.1,0.124,0.0
1979-09-14,28.7,33,5.03,32.1,0.124,0.0
1979-09-15,28.6,37,4.84,31.9,0.124,0.0
1979-09-16,28.8,38,4.84,31.9,0.124,0.0
1979-09-17,28.5,37,5.08,31.8,0.124,0.0
1979-09-18,25.7,32,4.13,29.8,0.124,0.0
1979-09-19,24.5,34,4.05,28.7,0.124,0.0
1979-09-20,24.1,36,3.95,28.3,0.124,0.0
1979-09-21,24.9,37,4.37,28.2,0.124,0.0
1979-09-22,25.3,38,4.4,28.4,0.124,0.0
1979-09-23,25.6,36,4.05,28.4,0.124,0.0
1979-09-24,25.6,39,3.86,28.6,0.124,0.0
1979-09-25,22.1,48,2.67,27.0,0.124,0.0
1979-09-26,21.3,47,2.64,25.5,0.124,0.0
1979-09-27,22.2,45,3.21,25.7,0.124,0.0
1979-09-28,23.8,43,3.76,27.0,0.124,0.0
1979-09-29,25.1,39,3.77,27.7,0.124,0.0
1979-09-30,24.7,39,3.57,27.9,0.124,0.0
1979-10-01,24.7,44,3.65,27.6,0.124,0.0
1979-10-02,24.8,44,3.51,27.7,0.124,0.0
1979-10-03,24.0,49,3.04,27.1,0.124,0.0
1979-10-04,25.0,49,3.41,27.9,0.124,0.0
1979-10-05,24.3,43,3.19,27.8,0.124,0.0
1979-10-06,23.0,42,3.12,26.5,0.124,0.0
1979-10-07,20.7,50,2.48,25.0,0.124,0.0
1979-10-08,18.2,58,1.81,23.2,0.124,0.0
1979-10-09,20.2,53,2.58,23.7,0.124,0.0
1979-10-10,21.9,51,2.82,24.6,0.124,0.0
1979-10-11,21.7,50,2.66,25.1,0.124,0.0
1979-10-12,20.6,51,2.31,24.0,0.124,0.0
1979-10-13,21.5,47,2.23,23.8,0.124,0.0
1979-10-14,21.3,60,2.02,23.9,0.124,0.0
1979-10-15,20.9,63,2.18,24.0,0.124,0.0
1979-10-16,21.0,59,2.14,24.2,0.124,0.0
1979-10-17,20.9,52,2.57,23.9,0.124,0.0
1979-10-18,18.4,48,1.93,21.5,0.124,0.0
1979-10-19,18.7,56,1.45,21.0,0.127,1.4
1979-10-20,16.4,66,1.64,19.4,0.239,10.5
1979-10-21,14.8,58,1.53,18.0,0.239,0.0
1979-10-22,16.1,52,2.02,17.8,0.22,0.0
1979-10-23,17.3,50,2.18,18.6,0.204,0.0
1979-10-24,18.2,48,2.94,19.2,0.191,0.0
1979-10-25,16.9,65,1.93,18.7,0.233,17.5
1979-10-26,15.6,70,1.47,18.1,0.324,0.0
1979-10-27,15.1,69,1.49,17.1,0.28,0.0
1979-10-28,15.0,67,1.26,16.6,0.255,0.0
1979-10-29,14.0,44,1.76,15.8,0.236,0.0
1979-10-30,12.7,51,1.51,14.7,0.221,0.0
1979-10-31,13.1,65,1.17,14.9,0.21,0.0
1979-11-01,13.8,66,1.32,15.1,0.201,0.0
1979-11-02,14.8,62,1.68,15.9,0.193,0.0
1979-11-03,14.3,71,1.3,15.0,0.21,8.0
1979-11-04,12.7,78,1.09,14.9,0.269,0.0
1979-11-05,13.4,69,1.23,14.4,0.252,0.0
1979-11-06,14.6,62,1.69,15.2,0.238,0.0
1979-11-07,13.7,62,1.28,14.4,0.227,0.7
1979-11-08,13.5,74,1.08,15.0,0.24,0.9
1979-11-09,13.9,66,1.25,14.3,0.23,0.0
1979-11-10,13.2,71,1.15,14.1,0.219,0.0
1979-11-11,13.0,71,1.38,14.5,0.21,0.0
1979-11-12,13.4,69,1.59,14.2,0.202,0.0
1979-11-13,12.9,68,1.67,13.9,0.195,0.0
1979-11-14,14.0,60,2.03,13.8,0.189,0.0
1979-11-15,14.0,59,2.26,14.2,0.182,0.0
1979-11-16,15.3,53,2.09,15.0,0.177,0.5
1979-11-17,13.4,80,0.83,14.8,0.349,20.6
1979-11-18,11.6,73,1.0,13.2,0.316,0.0
1979-11-19,9.1,62,0.95,11.5,0.288,0.0
1979-11-20,7.9,61,0.91,9.6,0.272,0.0
1979-11-21,7.9,61,1.16,9.0,0.259,0.0
1979-11-22,10.0,60,1.32,10.7,0.251,0.6
1979-11-23,11.7,70,0.81,12.6,0.248,0.0
1979-11-24,11.0,75,0.73,11.9,0.241,0.0
1979-11-25,12.6,80,0.89,13.1,0.236,0.3
1979-11-26,12.0,79,0.74,13.2,0.257,2.7
1979-11-27,8.9,71,0.96,11.2,0.251,0.0
1979-11-28,10.5,71,1.17,11.1,0.243,0.0
1979-11-29,11.2,73,1.18,11.8,0.235,0.0
1979-11-30,11.2,72,1.04,11.7,0.228,0.0
1979-12-01,11.6,73,1.13,11.3,0.222,0.0
1979-12-02,12.4,70,1.66,12.2,0.218,0.0
1979-12-03,13.2,61,2.15,12.8,0.212,0.0
1979-12-04,12.9,59,1.91,12.3,0.206,0.0
1979-12-05,11.7,60,1.32,12.3,0.2,0.0
1979-12-06,12.8,60,1.45,11.8,0.196,0.0
1979-12-07,12.7,67,1.68,12.3,0.191,0.0
1979-12-08,13.2,69,1.82,12.8,0.188,0.0
1979-12-09,12.8,67,1.65,12.8,0.184,0.0
1979-12-10,11.0,79,0.87,12.4,0.181,0.0
1979-12-11,8.3,52,0.9,10.3,0.178,0.0
1979-12-12,7.8,52,1.12,8.8,0.176,0.0
1979-12-13,8.4,59,1.35,9.1,0.173,0.0
1979-12-14,8.9,64,1.37,9.3,0.171,0.0
1979-12-15,9.0,67,1.4,9.6,0.169,0.0
1979-12-16,9.2,67,1.43,9.8,0.167,0.0
1979-12-17,10.6,64,1.63,10.1,0.165,0.0
1979-12-18,11.5,59,2.03,10.8,0.163,0.0
1979-12-19,10.5,53,1.38,10.6,0.162,0.0
1979-12-20,9.0,70,0.9,9.3,0.162,0.3
1979-12-21,8.2,87,0.47,9.5,0.191,6.5
1979-12-22,6.9,79,0.66,8.2,0.253,0.3
1979-12-23,6.2,72,0.64,6.5,0.247,1.6
1979-12-24,9.1,82,0.63,8.4,0.356,19.4
1979-12-25,9.1,87,0.58,9.5,0.348,0.7
1979-12-26,6.2,84,0.5,8.2,0.322,0.0
1979-12-27,6.6,78,0.78,7.3,0.302,0.0
1979-12-28,7.2,70,0.89,7.2,0.289,0.0
1979-12-29,9.4,64,1.2,9.5,0.28,0.0
1979-12-30,10.8,70,0.57,10.0,0.324,15.7
1979-12-31,12.7,92,0.31,11.8,0.393,11.7
1980-01-01,10.5,89,0.52,11.1,0.36,0.0
1980-01-02,9.5,88,0.5,10.8,0.342,0.0
1980-01-03,8.5,84,0.74,9.2,0.33,0.0
1980-01-04,8.2,80,0.8,8.6,0.322,0.0
1980-01-05,8.9,80,0.74,9.2,0.315,0.0
1980-01-06,9.1,93,0.15,9.8,0.32,1.9
1980-01-07,10.4,88,0.5,10.4,0.353,3.6
1980-01-08,9.4,87,0.55,9.9,0.339,0.0
1980-01-09,10.6,93,0.13,10.5,0.411,27.3
1980-01-10,10.0,88,0.38,10.6,0.411,5.4
1980-01-11,12.5,88,0.43,11.6,0.42,15.6
1980-01-12,14.8,93,0.16,13.5,0.429,36.5
1980-01-13,15.1,96,0.18,14.2,0.425,26.7
1980-01-14,13.3,93,0.3,13.5,0.422,12.0
1980-01-15,10.6,94,0.15,11.7,0.408,2.5
1980-01-16,11.1,91,0.29,11.4,0.393,0.6
1980-01-17,10.4,94,0.25,11.0,0.39,3.0
1980-01-18,7.4,75,0.58,9.6,0.385,0.3
1980-01-19,4.0,63,0.52,6.8,0.369,0.0
1980-01-20,4.9,76,0.57,6.3,0.359,0.0
1980-01-21,5.9,79,0.59,6.7,0.351,0.0
1980-01-22,7.9,77,0.73,7.5,0.344,0.0
1980-01-23,7.8,82,0.67,8.2,0.338,0.0
1980-01-24,7.8,84,0.66,8.7,0.333,0.0
1980-01-25,6.7,86,0.52,8.2,0.328,0.0
1980-01-26,6.8,79,0.66,7.7,0.323,0.0
1980-01-27,7.3,82,0.47,7.7,0.319,0.0
1980-01-28,6.9,89,0.18,7.8,0.32,0.7
1980-01-29,5.2,74,0.47,7.4,0.329,1.1
1980-01-30,5.3,76,0.63,6.9,0.321,0.0
1980-01-31,7.4,82,0.55,7.1,0.316,0.0
1980-02-01,8.6,86,0.55,8.6,0.312,0.0
1980-02-02,9.5,86,0.59,9.5,0.307,0.0
1980-02-03,9.7,87,0.67,10.1,0.302,0.0
1980-02-04,10.8,89,0.5,11.5,0.298,0.0
1980-02-05,11.6,83,0.85,11.5,0.295,0.0
1980-02-06,12.3,75,0.82,12.5,0.289,0.0
1980-02-07,9.8,57,0.91,10.8,0.282,0.0
1980-02-08,8.2,72,0.78,9.4,0.277,0.0
1980-02-09,9.2,72,1.08,9.5,0.272,0.0
1980-02-10,8.8,74,1.03,9.6,0.267,0.0
1980-02-11,9.1,74,1.01,9.7,0.263,0.0
1980-02-12,9.5,76,1.0,10.2,0.258,0.0
1980-02-13,8.6,85,0.71,9.6,0.259,1.5
1980-02-14,10.0,90,0.29,10.0,0.347,9.9
1980-02-15,12.1,85,0.52,11.3,0.383,11.2
1980-02-16,11.9,83,0.68,11.1,0.396,22.6
1980-02-17,13.7,87,0.51,12.6,0.426,13.9
1980-02-18,14.0,86,0.71,13.5,0.426,27.8
1980-02-19,12.0,88,0.38,12.5,0.428,31.7
1980-02-20,10.3,85,0.71,11.5,0.418,10.0
1980-02-21,11.2,87,0.49,11.8,0.422,19.6
1980-02-22,9.7,86,0.6,10.8,0.4,1.1
1980-02-23,11.5,79,0.95,11.6,0.388,0.0
1980-02-24,11.9,80,0.88,12.0,0.377,0.0
1980-02-25,14.0,74,1.26,13.5,0.367,0.0
1980-02-26,14.1,78,1.3,14.0,0.357,0.0
1980-02-27,14.7,74,1.35,14.1,0.35,0.2
1980-02-28,12.7,76,0.94,14.0,0.374,4.7
1980-02-29,11.6,76,0.97,12.9,0.36,0.0
1980-03-01,11.5,83,0.59,12.1,0.349,0.0
1980-03-02,11.7,84,0.6,12.3,0.367,9.3
1980-03-03,11.1,80,0.76,12.4,0.396,2.3
1980-03-04,10.7,78,0.92,12.4,0.374,0.2
1980-03-05,10.7,85,0.38,11.7,0.413,20.9
1980-03-06,9.1,87,0.5,10.8,0.417,6.2
1980-03-07,8.8,76,0.9,10.7,0.399,0.1
1980-03-08,10.5,70,1.03,11.3,0.381,0.0
1980-03-09,11.3,72,1.21,12.0,0.368,0.0
1980-03-10,12.1,75,1.09,12.5,0.358,0.0
1980-03-11,11.6,74,0.86,12.8,0.351,0.0
1980-03-12,9.2,63,0.94,11.3,0.343,0.0
1980-03-13,9.5,70,0.95,11.2,0.333,0.0
1980-03-14,11.2,75,0.99,12.3,0.324,0.0
1980-03-15,10.8,67,0.82,12.1,0.321,0.7
1980-03-16,8.9,64,0.83,11.3,0.313,0.0
1980-03-17,11.8,66,1.22,12.2,0.304,0.2
1980-03-18,10.5,69,0.9,12.0,0.306,1.0
1980-03-19,11.3,62,1.06,11.9,0.298,0.0
1980-03-20,11.4,68,1.12,12.5,0.288,0.0
1980-03-21,9.7,64,0.79,12.0,0.282,0.5
1980-03-22,10.3,65,1.03,11.6,0.276,0.0
1980-03-23,11.6,69,1.17,13.1,0.268,0.0
1980-03-24,11.0,58,1.25,12.4,0.26,0.0
1980-03-25,8.5,72,0.71,10.0,0.264,2.8
1980-03-26,8.8,76,0.93,11.1,0.284,0.0
1980-03-27,10.5,72,1.0,11.5,0.273,0.0
1980-03-28,11.9,64,1.15,12.7,0.263,0.0
1980-03-29,13.6,64,1.55,14.1,0.252,0.0
1980-03-30,12.9,60,1.36,13.7,0.242,0.0
1980-03-31,12.0,43,1.48,13.3,0.231,0.2
1980-04-01,11.1,62,1.2,13.3,0.269,5.4
1980-04-02,11.3,62,1.2,13.1,0.262,0.0
1980-04-03,12.0,64,1.32,13.9,0.248,0.0
1980-04-04,13.1,63,1.19,14.4,0.237,0.0
1980-04-05,12.7,86,0.48,13.4,0.35,20.4
1980-04-06,13.1,66,1.27,14.2,0.348,0.0
1980-04-07,12.2,67,1.18,14.0,0.313,0.0
1980-04-08,14.0,64,1.66,14.9,0.292,0.0
1980-04-09,15.4,64,1.72,15.5,0.274,0.0
1980-04-10,15.0,63,1.54,16.3,0.256,0.0
1980-04-11,16.5,60,1.64,17.1,0.242,0.0
1980-04-12,17.9,59,2.27,18.4,0.23,0.0
1980-04-13,19.2,55,2.58,18.7,0.218,0.0
1980-04-14,16.6,58,1.62,17.7,0.207,0.0
1980-04-15,16.1,60,1.89,18.0,0.198,0.0
1980-04-16,19.9,59,2.64,19.8,0.189,0.0
1980-04-17,20.9,58,2.94,20.9,0.182,0.0
1980-04-18,19.4,55,2.43,20.9,0.174,0.0
1980-04-19,20.0,57,2.54,21.2,0.167,0.0
1980-04-20,18.2,63,2.11,21.0,0.162,1.1
1980-04-21,12.3,54,1.3,16.7,0.17,1.0
1980-04-22,10.9,69,0.84,14.7,0.2,5.0
1980-04-23,9.7,78,0.45,12.0,0.215,0.5
1980-04-24,13.6,68,1.19,15.5,0.212,0.0
1980-04-25,15.3,65,1.48,17.2,0.2,0.0
1980-04-26,16.7,61,1.77,18.6,0.187,0.0
1980-04-27,19.5,58,2.13,20.6,0.176,0.2
1980-04-28,16.9,79,1.01,18.8,0.23,9.4
1980-04-29,15.8,70,1.14,17.9,0.289,0.0
1980-04-30,16.7,72,1.41,18.4,0.265,0.0
1980-05-01,17.0,71,1.36,18.7,0.247,0.0
1980-05-02,19.1,62,2.06,20.3,0.228,0.0
1980-05-03,20.9,59,2.36,21.1,0.209,0.0
1980-05-04,21.6,59,2.61,22.3,0.193,0.0
1980-05-05,20.5,53,2.23,21.9,0.179,0.0
1980-05-06,18.5,50,2.19,21.2,0.169,0.0
1980-05-07,18.4,54,2.18,21.2,0.159,0.0
1980-05-08,18.5,53,2.32,21.3,0.152,0.0
1980-05-09,14.4,58,1.07,18.0,0.149,1.0
1980-05-10,12.7,65,1.08,16.8,0.231,9.0
1980-05-11,12.6,60,1.13,15.9,0.235,0.0
1980-05-12,14.4,61,1.4,16.7,0.219,0.0
1980-05-13,15.6,60,1.37,17.8,0.205,0.2
1980-05-14,16.1,60,1.82,18.2,0.192,0.0
1980-05-15,16.9,58,1.83,19.6,0.18,0.0
1980-05-16,19.0,51,2.44,21.0,0.168,0.0
1980-05-17,21.0,51,2.67,22.9,0.157,0.0
1980-05-18,23.5,50,3.29,24.7,0.149,0.0
1980-05-19,24.3,53,3.45,26.1,0.142,0.0
1980-05-20,25.8,50,3.73,27.2,0.136,0.0
1980-05-21,23.4,46,2.72,26.2,0.133,0.0
1980-05-22,18.4,50,2.12,23.5,0.132,0.0
1980-05-23,13.2,43,1.72,18.9,0.135,1.6
1980-05-24,12.9,51,1.47,18.3,0.144,0.1
1980-05-25,14.7,49,1.81,19.4,0.141,0.0
1980-05-26,16.1,47,2.04,20.4,0.137,0.0
1980-05-27,17.5,43,2.23,21.6,0.134,0.0
1980-05-28,17.0,52,1.94,21.3,0.138,0.7
1980-05-29,18.3,48,2.23,22.1,0.136,0.0
1980-05-30,19.7,43,2.72,23.5,0.133,0.0
1980-05-31,18.5,49,2.28,23.0,0.131,0.0
1980-06-01,20.2,46,2.45,24.3,0.129,0.0
1980-06-02,18.8,45,2.43,23.6,0.128,0.0
1980-06-03,16.8,46,2.02,22.2,0.127,0.0
1980-06-04,18.1,48,2.19,22.3,0.127,0.0
1980-06-05,18.2,47,2.28,22.9,0.126,0.0
1980-06-06,18.8,39,2.58,23.3,0.126,0.0
1980-06-07,20.4,40,2.97,24.3,0.126,0.0
1980-06-08,22.5,40,3.46,25.6,0.125,0.0
1980-06-09,23.4,41,3.77,26.7,0.125,0.0
1980-06-10,23.0,36,3.78,27.0,0.125,0.0
1980-06-11,20.7,38,3.13,25.8,0.125,0.0
1980-06-12,18.5,46,2.35,24.0,0.124,0.0
1980-06-13,19.3,43,2.53,24.0,0.124,0.0
1980-06-14,20.7,42,2.96,24.8,0.124,0.0
1980-06-15,22.9,41,3.44,26.5,0.124,0.0
1980-06-16,24.2,42,3.65,27.7,0.124,0.0
1980-06-17,25.2,45,3.84,28.5,0.124,0.0
1980-06-18,25.4,45,3.85,29.1,0.124,0.0
1980-06-19,24.2,41,3.57,29.0,0.124,0.0
1980-06-20,23.4,41,3.48,28.1,0.124,0.0
1980-06-21,22.9,39,3.54,27.6,0.124,0.0
1980-06-22,22.4,37,3.42,27.2,0.124,0.0
1980-06-23,21.8,41,2.97,26.6,0.124,0.0
1980-06-24,21.9,40,3.1,27.0,0.124,0.0
1980-06-25,22.8,44,3.14,27.3,0.124,0.0
1980-06-26,23.3,35,3.53,27.5,0.124,0.0
1980-06-27,25.2,29,4.23,28.8,0.124,0.0
1980-06-28,29.1,36,5.28,31.4,0.124,0.0
1980-06-29,29.6,35,4.66,32.4,0.124,0.0
1980-06-30,26.8,45,3.01,29.5,0.125,0.6
1980-07-01,26.2,58,3.55,29.8,0.134,2.4
1980-07-02,23.9,71,1.97,28.1,0.164,1.3
1980-07-03,24.1,63,2.53,28.2,0.157,0.0
1980-07-04,23.6,47,3.25,28.0,0.146,0.0
1980-07-05,23.7,46,3.5,28.0,0.138,0.0
1980-07-06,24.6,42,3.73,28.7,0.133,0.0
1980-07-07,23.9,43,3.3,28.5,0.13,0.0
1980-07-08,23.5,44,3.46,28.6,0.128,0.0
1980-07-09,22.3,44,3.1,27.8,0.127,0.0
1980-07-10,25.1,40,4.06,29.4,0.126,0.0
1980-07-11,27.4,37,4.63,31.1,0.126,0.0
1980-07-12,26.1,36,4.0,30.9,0.125,0.0
1980-07-13,24.6,41,3.38,30.2,0.125,0.0
1980-07-14,25.8,44,3.78,30.7,0.124,0.0
1980-07-15,27.9,40,4.59,32.1,0.124,0.0
1980-07-16,29.7,36,5.14,33.5,0.124,0.0
1980-07-17,29.4,37,4.68,33.6,0.124,0.0
1980-07-18,28.6,34,5.04,33.2,0.124,0.0
1980-07-19,27.1,37,4.46,32.4,0.124,0.0
1980-07-20,28.2,38,4.64,32.8,0.124,0.0
1980-07-21,29.3,40,4.98,33.5,0.124,0.0
1980-07-22,30.6,37,5.42,34.6,0.124,0.0
1980-07-23,32.0,37,5.98,35.6,0.124,0.0
1980-07-24,32.2,38,5.69,36.2,0.124,0.0
1980-07-25,32.9,35,6.15,36.8,0.124,0.0
1980-07-26,33.7,33,6.41,37.4,0.124,0.0
1980-07-27,33.5,33,6.14,37.4,0.123,0.0
1980-07-28,34.0,38,6.09,37.9,0.124,0.0
1980-07-29,33.3,39,6.02,37.6,0.124,0.0
1980-07-30,32.8,35,5.8,37.3,0.123,0.0
1980-07-31,32.8,30,5.88,37.2,0.123,0.0
1980-08-01,33.3,32,6.15,37.3,0.123,0.0
1980-08-02,32.8,27,6.48,37.0,0.123,0.0
1980-08-03,30.2,29,5.51,35.4,0.123,0.0
1980-08-04,28.5,39,4.42,34.4,0.123,0.0
1980-08-05,27.2,39,4.24,33.1,0.123,0.0
1980-08-06,27.8,39,4.27,32.9,0.124,0.0
1980-08-07,29.0,37,4.48,33.4,0.124,0.0
1980-08-08,29.9,36,5.06,34.4,0.124,0.0
1980-08-09,30.1,36,5.14,34.6,0.124,0.0
1980-08-10,30.4,32,5.67,34.7,0.124,0.0
1980-08-11,30.1,28,5.97,34.4,0.124,0.0
1980-08-12,29.8,29,5.7,34.2,0.124,0.0
1980-08-13,27.7,36,4.58,33.2,0.124,0.0
1980-08-14,23.3,45,2.94,30.5,0.124,0.0
1980-08-15,23.1,50,2.9,29.6,0.124,0.0
1980-08-16,25.0,50,3.21,30.6,0.124,0.0
1980-08-17,26.3,48,3.4,31.5,0.124,0.0
1980-08-18,25.8,47,3.43,31.3,0.124,0.0
1980-08-19,22.7,50,2.49,29.4,0.124,0.0
1980-08-20,24.7,48,3.2,29.9,0.124,0.0
1980-08-21,26.3,43,3.87,31.0,0.124,0.0
1980-08-22,25.9,43,3.63,31.0,0.124,0.0
1980-08-23,24.1,44,3.03,30.0,0.124,0.0
1980-08-24,25.1,46,3.63,30.2,0.124,0.0
1980-08-25,25.5,40,3.87,30.3,0.124,0.0
1980-08-26,25.9,41,3.93,30.7,0.124,0.0
1980-08-27,25.8,39,3.9,30.6,0.124,0.0
1980-08-28,24.9,42,3.78,30.0,0.124,0.0
1980-08-29,24.4,40,3.56,29.6,0.124,0.0
1980-08-30,23.5,44,3.1,28.6,0.124,0.0
1980-08-31,23.6,43,3.29,28.4,0.124,0.0
1980-09-01,24.7,43,3.6,29.2,0.124,0.0
1980-09-02,26.2,40,4.21,30.1,0.124,0.0
1980-09-03,25.9,40,3.88,30.4,0.124,0.0
1980-09-04,26.7,42,4.25,30.8,0.124,0.0
1980-09-05,27.4,41,4.35,31.5,0.124,0.0
1980-09-06,26.1,42,3.71,30.9,0.124,0.0
1980-09-07,21.0,51,2.16,25.7,0.154,4.1
1980-09-08,22.5,55,2.68,26.5,0.164,0.0
1980-09-09,24.1,52,3.08,27.5,0.153,0.0
1980-09-10,24.7,46,3.35,28.2,0.144,0.0
1980-09-11,24.1,45,3.28,28.1,0.137,0.0
1980-09-12,25.0,47,3.51,28.9,0.133,0.0
1980-09-13,21.1,42,2.83,26.9,0.13,0.0
1980-09-14,17.5,47,2.06,23.4,0.129,0.0
1980-09-15,20.4,41,2.79,24.3,0.128,0.0
1980-09-16,22.6,42,3.32,26.1,0.127,0.0
1980-09-17,24.1,42,3.71,27.4,0.126,0.0
1980-09-18,23.4,45,2.65,27.2,0.126,0.0
1980-09-19,21.0,53,2.5,25.5,0.125,0.0
1980-09-20,20.5,52,2.83,25.0,0.125,0.0
1980-09-21,19.9,53,2.48,24.4,0.125,0.0
1980-09-22,22.1,43,3.22,25.4,0.125,0.0
1980-09-23,23.4,40,3.7,26.3,0.125,0.0
1980-09-24,24.5,39,3.88,26.9,0.124,0.0
1980-09-25,25.6,41,4.24,27.8,0.124,0.0
1980-09-26,24.7,47,3.61,27.8,0.124,0.0
1980-09-27,23.4,51,3.09,27.3,0.124,0.0
1980-09-28,21.4,51,2.55,25.7,0.124,0.0
1980-09-29,23.8,50,3.43,26.6,0.124,0.0
1980-09-30,25.5,50,4.11,27.7,0.124,0.0
1980-10-01,26.1,47,4.25,28.3,0.124,0.0
1980-10-02,26.8,45,4.44,28.7,0.124,0.0
1980-10-03,27.0,45,4.39,28.9,0.124,0.0
1980-10-04,27.1,43,4.26,28.5,0.124,0.0
1980-10-05,25.3,50,3.56,28.2,0.124,0.0
1980-10-06,24.9,52,3.65,28.0,0.124,0.0
1980-10-07,24.6,50,3.42,27.7,0.124,0.0
1980-10-08,24.8,51,3.53,27.4,0.124,0.0
1980-10-09,24.6,49,3.42,26.8,0.124,0.0
1980-10-10,22.1,49,2.86,25.9,0.124,0.0
1980-10-11,21.6,50,2.86,25.2,0.124,0.0
1980-10-12,18.9,54,1.82,23.2,0.128,0.8
1980-10-13,17.1,58,1.83,21.4,0.128,0.0
1980-10-14,14.7,58,1.27,19.2,0.129,0.5
1980-10-15,13.6,56,1.36,17.4,0.132,0.0
1980-10-16,13.5,52,1.48,16.9,0.131,0.0
1980-10-17,14.4,50,1.71,17.3,0.13,0.0
1980-10-18,15.9,50,1.89,18.2,0.129,0.0
1980-10-19,17.1,50,2.23,19.3,0.128,0.0
1980-10-20,17.8,52,2.42,20.2,0.127,0.0
1980-10-21,18.7,50,2.73,20.8,0.126,0.0
1980-10-22,18.3,49,2.49,20.7,0.126,0.0
1980-10-23,19.3,48,2.76,20.8,0.126,0.0
1980-10-24,19.3,46,2.81,21.0,0.125,0.0
1980-10-25,16.3,64,1.25,19.1,0.126,1.1
1980-10-26,14.4,63,1.39,17.8,0.132,0.0
1980-10-27,14.1,62,1.39,17.0,0.131,0.0
1980-10-28,15.1,55,2.02,17.5,0.13,0.0
1980-10-29,15.5,53,2.14,17.6,0.129,0.0
1980-10-30,16.4,53,2.37,17.9,0.128,0.0
1980-10-31,18.2,46,2.83,19.2,0.127,0.0
1980-11-01,17.6,43,2.53,18.6,0.127,0.0
1980-11-02,17.3,40,2.42,19.0,0.126,0.0
1980-11-03,17.5,61,2.12,19.2,0.126,0.0
1980-11-04,18.7,56,2.67,19.7,0.126,0.0
1980-11-05,18.6,53,2.44,19.6,0.125,0.0
1980-11-06,17.2,59,2.07,19.5,0.125,0.0
1980-11-07,17.4,60,2.05,19.0,0.125,0.0
1980-11-08,17.0,61,1.7,19.1,0.125,0.0
1980-11-09,14.5,56,1.74,17.4,0.125,0.0
1980-11-10,13.7,58,1.45,16.6,0.125,0.0
1980-11-11,14.6,57,1.25,16.8,0.134,0.8
1980-11-12,12.7,52,1.32,15.7,0.134,0.0
1980-11-13,11.5,54,1.38,13.9,0.133,0.0
1980-11-14,11.0,50,1.53,13.2,0.132,0.0
1980-11-15,10.9,50,1.56,13.0,0.132,0.0
1980-11-16,9.9,48,1.34,12.0,0.131,0.0
1980-11-17,10.7,45,1.63,12.6,0.13,0.0
1980-11-18,10.9,43,1.7,12.0,0.13,0.0
1980-11-19,10.7,47,1.62,12.2,0.129,0.0
1980-11-20,10.2,59,1.25,11.6,0.129,0.0
1980-11-21,11.7,54,1.66,12.4,0.128,0.0
1980-11-22,13.3,60,1.24,14.7,0.131,0.4
1980-11-23,12.0,76,0.95,13.3,0.131,0.0
1980-11-24,11.0,62,1.16,12.9,0.131,0.0
1980-11-25,9.5,52,1.26,11.1,0.131,0.0
1980-11-26,10.0,53,1.52,11.6,0.13,0.0
1980-11-27,11.0,52,1.61,11.6,0.13,0.0
1980-11-28,12.2,53,1.72,12.2,0.129,0.0
1980-11-29,12.3,55,1.52,12.7,0.129,0.0
1980-11-30,11.5,71,1.17,12.7,0.128,0.0
1980-12-01,11.2,63,1.1,13.2,0.128,0.0
1980-12-02,12.6,56,1.26,13.1,0.129,0.2
1980-12-03,11.6,82,0.53,11.8,0.153,9.0
1980-12-04,11.1,80,0.53,11.9,0.355,25.7
1980-12-05,8.1,65,0.8,10.0,0.321,0.0
1980-12-06,6.7,75,0.72,8.6,0.292,0.0
1980-12-07,5.7,75,0.55,8.0,0.275,0.0
1980-12-08,5.6,60,0.79,6.8,0.263,0.0
1980-12-09,5.4,64,0.84,6.3,0.254,0.0
1980-12-10,6.4,64,0.94,6.5,0.245,0.0
1980-12-11,7.0,70,0.94,6.8,0.238,0.0
1980-12-12,7.2,73,1.09,7.3,0.232,0.0
1980-12-13,7.5,73,1.05,7.8,0.227,0.0
1980-12-14,6.7,74,1.01,7.7,0.221,0.0
1980-12-15,9.1,66,1.17,8.5,0.216,0.0
1980-12-16,10.2,69,1.48,9.9,0.212,0.0
1980-12-17,12.0,69,1.6,10.9,0.207,0.0
1980-12-18,11.3,73,1.21,11.4,0.202,0.0
1980-12-19,9.2,82,0.81,10.7,0.199,0.0
1980-12-20,9.2,79,0.93,10.1,0.196,0.0
1980-12-21,9.1,80,0.74,9.6,0.193,0.0
1980-12-22,11.1,85,0.52,11.1,0.192,0.0
1980-12-23,10.0,88,0.58,11.2,0.191,0.0
1980-12-24,10.0,78,1.1,10.6,0.189,0.0
1980-12-25,10.2,77,0.94,10.5,0.186,0.0
1980-12-26,11.4,76,1.25,11.5,0.184,0.0
1980-12-27,11.8,79,1.02,11.8,0.181,0.0
1980-12-28,10.6,82,0.89,11.4,0.179,0.0
1980-12-29,10.3,84,0.88,10.9,0.177,0.0
1980-12-30,10.5,81,1.11,11.1,0.175,0.0
1980-12-31,10.0,76,1.22,10.7,0.172,0.0
1981-01-01,10.7,69,1.46,10.6,0.17,0.0
1981-01-02,10.9,67,1.34,10.9,0.168,0.0
1981-01-03,12.0,71,1.23,12.8,0.165,0.0
1981-01-04,10.9,81,0.73,12.0,0.165,0.0
1981-01-05,9.5,85,0.72,10.7,0.164,0.0
1981-01-06,9.7,81,1.0,11.1,0.163,0.0
1981-01-07,9.1,77,1.03,10.1,0.161,0.0
1981-01-08,8.3,77,0.81,9.3,0.16,0.0
1981-01-09,8.0,81,0.79,9.9,0.159,0.0
1981-01-10,8.5,77,1.03,9.9,0.158,0.0
1981-01-11,8.5,79,0.77,9.6,0.157,0.0
1981-01-12,10.1,72,0.79,10.6,0.156,0.0
1981-01-13,10.5,75,1.09,10.8,0.155,0.0
1981-01-14,10.3,76,1.16,10.9,0.153,0.0
1981-01-15,11.4,75,1.27,11.9,0.152,0.0
1981-01-16,11.7,81,0.7,12.4,0.155,0.3
1981-01-17,11.1,82,0.8,11.8,0.156,0.0
1981-01-18,12.1,75,1.38,12.1,0.154,0.0
1981-01-19,13.0,66,1.79,13.2,0.152,0.0
1981-01-20,12.3,65,1.61,12.8,0.15,0.0
1981-01-21,14.1,63,1.49,14.1,0.148,0.0
1981-01-22,14.3,67,1.29,13.7,0.161,9.6
1981-01-23,11.4,87,0.48,13.0,0.386,23.2
1981-01-24,8.4,77,0.79,10.4,0.346,0.0
1981-01-25,7.3,76,0.75,9.3,0.312,0.0
1981-01-26,7.6,66,0.82,8.7,0.295,0.0
1981-01-27,10.4,85,0.46,10.0,0.384,38.4
1981-01-28,10.1,85,0.58,10.7,0.42,17.7
1981-01-29,8.3,88,0.34,10.2,0.425,25.1
1981-01-30,6.2,87,0.34,8.7,0.409,3.6
1981-01-31,5.3,80,0.53,7.3,0.384,0.0
1981-02-01,5.6,81,0.55,7.2,0.367,0.0
1981-02-02,8.3,79,0.73,8.8,0.354,0.0
1981-02-03,8.0,83,0.81,9.0,0.344,0.0
1981-02-04,8.3,81,0.68,8.9,0.334,0.0
1981-02-05,8.3,81,0.82,9.2,0.325,0.0
1981-02-06,8.3,83,0.69,9.5,0.317,0.0
1981-02-07,9.6,81,0.85,9.8,0.312,0.1
1981-02-08,8.5,90,0.25,8.8,0.341,11.9
1981-02-09,9.8,93,0.3,10.1,0.395,5.7
1981-02-10,9.8,85,0.58,10.5,0.364,0.1
1981-02-11,11.8,81,0.73,12.0,0.351,0.5
1981-02-12,11.6,86,0.72,12.3,0.339,0.0
1981-02-13,12.2,89,0.57,11.9,0.345,3.9
1981-02-14,15.5,83,0.91,14.7,0.374,2.7
1981-02-15,13.0,80,0.93,13.9,0.349,0.0
1981-02-16,13.3,79,0.96,13.5,0.333,0.0
1981-02-17,13.8,83,0.82,14.2,0.321,0.0
1981-02-18,14.0,78,1.09,14.1,0.31,0.0
1981-02-19,15.0,77,1.05,14.7,0.302,0.0
1981-02-20,11.1,63,0.83,13.3,0.292,0.0
1981-02-21,11.3,70,1.02,12.4,0.283,0.0
1981-02-22,12.8,76,1.42,13.1,0.275,0.0
1981-02-23,13.2,71,1.75,13.5,0.266,0.0
1981-02-24,11.0,72,0.91,12.0,0.277,2.2
1981-02-25,8.8,76,0.69,11.1,0.297,8.4
1981-02-26,9.1,74,0.85,11.4,0.365,3.4
1981-02-27,10.2,69,0.97,11.3,0.329,0.0
1981-02-28,8.6,80,0.36,9.6,0.338,5.3
1981-03-01,8.8,90,0.25,9.5,0.387,12.0
1981-03-02,10.2,83,0.59,10.8,0.388,2.5
1981-03-03,10.0,83,0.62,10.7,0.365,0.0
1981-03-04,10.9,79,0.73,11.2,0.355,2.2
1981-03-05,8.5,86,0.58,10.5,0.386,3.8
1981-03-06,10.1,78,0.77,11.4,0.361,0.0
1981-03-07,12.0,75,0.92,12.2,0.344,0.0
1981-03-08,12.4,78,0.94,12.9,0.33,0.0
1981-03-09,13.1,80,1.07,13.8,0.318,0.0
1981-03-10,13.6,76,1.12,14.2,0.306,0.0
1981-03-11,14.0,78,1.24,14.6,0.298,1.3
1981-03-12,13.8,74,1.25,14.5,0.304,0.9
1981-03-13,9.6,78,0.64,12.4,0.37,11.3
1981-03-14,10.1,72,0.78,11.5,0.346,0.0
1981-03-15,11.8,73,1.24,12.4,0.334,5.9
1981-03-16,12.4,73,1.06,13.8,0.373,2.1
1981-03-17,10.9,67,1.05,12.7,0.337,0.0
1981-03-18,12.6,67,1.59,12.9,0.319,1.0
1981-03-19,11.8,88,0.45,12.9,0.404,22.4
1981-03-20,10.7,76,0.84,12.9,0.401,8.8
1981-03-21,12.7,81,0.77,13.5,0.41,7.9
1981-03-22,13.1,86,0.59,13.7,0.391,0.9
1981-03-23,13.2,74,1.07,14.3,0.369,0.0
1981-03-24,13.5,74,1.17,14.5,0.35,0.0
1981-03-25,14.8,77,1.07,14.8,0.343,4.2
1981-03-26,10.1,80,0.55,13.2,0.38,7.7
1981-03-27,10.9,71,0.99,12.6,0.375,0.0
1981-03-28,11.6,75,0.98,13.4,0.349,0.0
1981-03-29,12.6,73,0.94,13.6,0.332,0.0
1981-03-30,10.9,62,1.08,13.1,0.318,0.0
1981-03-31,12.7,64,1.15,13.3,0.305,0.0
1981-04-01,12.1,71,1.07,14.1,0.295,0.3
1981-04-02,10.2,76,0.69,12.5,0.319,4.8
1981-04-03,11.4,70,1.1,13.0,0.315,0.0
1981-04-04,13.6,66,1.3,14.3,0.297,0.0
1981-04-05,16.4,67,2.01,16.2,0.28,0.0
1981-04-06,16.0,69,1.54,16.9,0.264,0.0
1981-04-07,15.5,63,1.5,17.0,0.249,0.0
1981-04-08,14.6,60,1.6,16.5,0.237,0.0
1981-04-09,14.5,65,1.49,16.6,0.225,0.0
1981-04-10,14.8,60,1.73,16.8,0.215,0.0
1981-04-11,13.7,52,1.66,16.1,0.204,0.0
1981-04-12,14.2,56,1.74,16.3,0.195,0.0
1981-04-13,16.4,56,1.96,17.5,0.187,0.0
1981-04-14,18.2,59,2.27,19.2,0.179,0.0
1981-04-15,18.6,50,2.42,19.9,0.171,0.0
1981-04-16,18.1,50,2.42,19.8,0.164,0.0
1981-04-17,18.6,65,1.84,20.3,0.159,0.0
1981-04-18,13.8,79,0.63,16.7,0.249,16.7
1981-04-19,11.1,89,0.32,13.8,0.387,12.2
1981-04-20,12.9,72,1.06,14.8,0.339,0.0
1981-04-21,15.9,69,1.26,17.0,0.303,0.0
1981-04-22,19.0,75,1.63,19.6,0.278,0.0
1981-04-23,21.9,70,2.71,21.9,0.255,0.0
1981-04-24,20.8,64,1.96,22.3,0.234,0.0
1981-04-25,18.1,54,1.88,20.7,0.216,0.0
1981-04-26,14.6,53,1.47,18.2,0.202,0.0
1981-04-27,16.8,53,1.9,18.9,0.191,0.0
1981-04-28,19.0,63,2.35,20.7,0.181,0.0
1981-04-29,22.9,64,3.04,23.5,0.172,0.0
1981-04-30,25.5,59,3.79,25.5,0.164,0.0
1981-05-01,24.0,49,3.22,25.7,0.155,0.0
1981-05-02,19.0,34,2.61,22.8,0.148,0.0
1981-05-03,16.9,48,2.09,21.2,0.143,0.0
1981-05-04,17.8,45,2.46,21.2,0.14,0.0
1981-05-05,16.7,42,2.32,20.7,0.137,0.0
1981-05-06,17.7,37,2.62,20.7,0.135,0.0
1981-05-07,18.6,33,2.86,21.4,0.133,0.0
1981-05-08,20.0,42,2.93,22.5,0.132,0.0
1981-05-09,22.6,48,2.94,24.6,0.131,0.0
1981-05-10,22.8,48,3.24,25.7,0.13,0.0
1981-05-11,22.7,41,3.57,25.6,0.129,0.0
1981-05-12,23.0,40,3.56,25.7,0.128,0.0
1981-05-13,22.5,43,3.24,26.2,0.127,0.0
1981-05-14,19.8,46,2.32,24.7,0.127,0.0
1981-05-15,16.9,47,2.12,21.9,0.126,0.0
1981-05-16,16.4,43,2.13,20.7,0.126,0.0
1981-05-17,18.6,39,2.66,22.2,0.126,0.0
1981-05-18,19.0,60,1.82,22.3,0.132,3.0
1981-05-19,15.9,53,1.68,20.1,0.146,0.3
1981-05-20,15.9,54,1.74,19.5,0.144,0.0
1981-05-21,17.7,53,2.06,21.3,0.139,0.0
1981-05-22,20.4,51,2.53,23.5,0.135,0.0
1981-05-23,22.9,49,3.0,25.8,0.132,0.0
1981-05-24,24.4,48,3.15,27.5,0.129,0.0
1981-05-25,23.2,52,2.28,25.7,0.13,0.6
1981-05-26,22.9,58,2.8,26.2,0.134,0.9
1981-05-27,22.7,56,2.64,26.6,0.139,0.0
1981-05-28,25.1,58,3.24,28.6,0.134,0.0
1981-05-29,25.6,43,3.9,28.9,0.131,0.0
1981-05-30,24.8,38,3.79,28.8,0.129,0.0
1981-05-31,24.6,36,3.95,28.6,0.128,0.0
1981-06-01,26.6,38,4.58,30.2,0.126,0.0
1981-06-02,24.5,31,3.78,29.2,0.126,0.0
1981-06-03,25.2,37,3.95,29.2,0.125,0.0
1981-06-04,28.1,37,4.42,31.2,0.125,0.0
1981-06-05,30.8,39,5.47,33.2,0.124,0.0
1981-06-06,29.9,33,4.94,33.3,0.124,0.0
1981-06-07,27.7,24,4.89,31.7,0.124,0.0
1981-06-08,26.8,44,4.16,31.2,0.124,0.0
1981-06-09,25.5,38,3.8,30.2,0.124,0.0
1981-06-10,25.1,32,4.03,29.7,0.124,0.0
1981-06-11,24.9,32,3.92,29.8,0.124,0.0
1981-06-12,22.0,33,3.05,27.2,0.124,0.0
1981-06-13,21.0,28,3.21,25.6,0.124,0.0
1981-06-14,22.2,28,3.34,26.7,0.124,0.0
1981-06-15,25.2,31,4.29,28.7,0.124,0.0
1981-06-16,28.1,34,5.5,31.1,0.124,0.0
1981-06-17,27.4,28,4.87,31.2,0.124,0.0
1981-06-18,27.8,29,4.8,31.4,0.124,0.0
1981-06-19,29.6,38,4.79,32.8,0.124,0.0
1981-06-20,31.0,40,5.81,34.3,0.124,0.0
1981-06-21,31.0,35,5.9,34.5,0.124,0.0
1981-06-22,32.1,34,6.36,35.2,0.124,0.0
1981-06-23,30.9,28,5.8,34.9,0.124,0.0
1981-06-24,30.1,34,5.45,35.0,0.124,0.0
1981-06-25,30.1,36,5.24,34.9,0.124,0.0
1981-06-26,30.6,35,6.0,35.1,0.124,0.0
1981-06-27,30.9,34,5.86,35.6,0.124,0.0
1981-06-28,30.4,36,4.78,35.3,0.124,0.0
1981-06-29,29.3,36,4.39,34.6,0.124,0.0
1981-06-30,29.6,36,4.79,34.3,0.124,0.0
1981-07-01,29.2,32,4.99,34.5,0.124,0.0
1981-07-02,29.1,36,4.74,34.5,0.124,0.0
1981-07-03,29.6,36,4.91,34.8,0.124,0.0
1981-07-04,31.1,33,5.58,35.4,0.124,0.0
1981-07-05,30.7,32,5.21,35.5,0.124,0.0
1981-07-06,30.4,38,5.06,35.7,0.124,0.0
1981-07-07,27.6,30,4.19,33.3,0.124,0.0
1981-07-08,28.4,22,5.38,33.3,0.124,0.0
1981-07-09,29.3,27,5.52,34.2,0.124,0.0
1981-07-10,28.3,29,4.86,33.8,0.124,0.0
1981-07-11,27.4,27,4.76,33.1,0.124,0.0
1981-07-12,26.0,29,4.48,31.6,0.124,0.0
1981-07-13,26.9,27,5.08,31.9,0.124,0.0
1981-07-14,29.2,26,5.77,33.2,0.124,0.0
1981-07-15,30.9,27,6.4,35.0,0.124,0.0
1981-07-16,29.7,28,5.27,34.9,0.124,0.0
1981-07-17,27.2,35,4.4,33.3,0.124,0.0
1981-07-18,26.9,36,4.65,32.7,0.124,0.0
1981-07-19,28.5,33,5.24,33.5,0.124,0.0
1981-07-20,29.8,30,5.76,34.3,0.124,0.0
1981-07-21,30.3,29,5.99,34.8,0.124,0.0
1981-07-22,30.1,26,6.0,34.9,0.123,0.0
1981-07-23,29.2,30,5.27,34.4,0.123,0.0
1981-07-24,29.5,32,5.68,34.6,0.123,0.0
1981-07-25,29.5,32,5.48,34.6,0.123,0.0
1981-07-26,29.1,33,5.06,34.3,0.123,0.0
1981-07-27,29.2,37,4.98,34.5,0.123,0.0
1981-07-28,29.3,38,4.98,34.5,0.123,0.0
1981-07-29,29.3,37,5.22,34.6,0.123,0.0
1981-07-30,28.2,36,4.5,34.1,0.123,0.0
1981-07-31,27.1,36,4.34,33.1,0.123,0.0
1981-08-01,26.2,36,4.22,32.1,0.123,0.0
1981-08-02,25.2,38,4.04,31.1,0.123,0.0
1981-08-03,24.5,41,3.83,30.5,0.124,0.0
1981-08-04,24.9,44,3.97,30.6,0.124,0.0
1981-08-05,26.4,41,4.39,31.6,0.124,0.0
1981-08-06,29.5,38,5.34,33.7,0.124,0.0
1981-08-07,31.0,34,5.98,35.1,0.124,0.0
1981-08-08,31.8,32,6.09,35.9,0.123,0.0
1981-08-09,31.4,35,5.69,36.0,0.123,0.0
1981-08-10,31.0,38,5.44,35.8,0.123,0.0
1981-08-11,28.7,42,4.31,34.7,0.123,0.0
1981-08-12,28.9,45,4.11,34.6,0.123,0.0
1981-08-13,28.6,45,4.12,34.4,0.123,0.0
1981-08-14,27.8,47,3.81,33.7,0.123,0.0
1981-08-15,28.3,46,4.16,33.5,0.123,0.0
1981-08-16,28.5,40,4.61,33.7,0.123,0.0
1981-08-17,28.2,38,4.37,33.5,0.123,0.0
1981-08-18,27.8,42,4.06,33.4,0.123,0.0
1981-08-19,24.6,45,3.22,31.1,0.123,0.0
1981-08-20,24.2,43,3.54,29.9,0.123,0.0
1981-08-21,24.8,41,3.84,30.0,0.123,0.0
1981-08-22,26.3,42,4.2,31.2,0.124,0.0
1981-08-23,25.9,43,3.64,31.1,0.124,0.0
1981-08-24,24.6,46,3.41,30.1,0.124,0.0
1981-08-25,25.8,44,3.86,30.6,0.124,0.0
1981-08-26,28.0,37,4.58,32.2,0.124,0.0
1981-08-27,28.7,36,4.88,32.8,0.124,0.0
1981-08-28,30.6,38,5.54,34.0,0.124,0.0
1981-08-29,30.6,40,5.31,34.3,0.124,0.0
1981-08-30,27.1,38,4.28,32.5,0.123,0.0
1981-08-31,27.0,41,4.08,32.1,0.123,0.0
1981-09-01,28.5,39,4.63,32.7,0.123,0.0
1981-09-02,27.5,39,4.58,31.9,0.123,0.0
1981-09-03,26.1,41,3.94,30.9,0.123,0.0
1981-09-04,26.3,43,4.07,31.0,0.124,0.0
1981-09-05,27.1,39,4.33,31.5,0.124,0.0
1981-09-06,26.7,39,4.1,31.3,0.124,0.0
1981-09-07,27.0,44,3.83,31.6,0.124,0.0
1981-09-08,27.6,43,4.02,32.0,0.124,0.0
1981-09-09,27.0,39,4.13,31.6,0.124,0.0
1981-09-10,26.7,43,3.97,31.4,0.124,0.0
1981-09-11,27.8,44,4.1,32.0,0.124,0.0
1981-09-12,27.5,45,3.51,31.7,0.124,0.0
1981-09-13,26.8,41,3.75,31.3,0.124,0.0
1981-09-14,25.6,44,3.55,30.5,0.124,0.0
1981-09-15,26.0,46,3.6,30.5,0.124,0.0
1981-09-16,25.9,46,3.53,30.3,0.124,0.0
1981-09-17,26.3,47,3.57,30.6,0.124,0.0
1981-09-18,26.9,47,3.91,30.9,0.124,0.0
1981-09-19,25.4,49,3.34,30.1,0.124,0.0
1981-09-20,26.0,49,3.53,30.1,0.124,0.0
1981-09-21,24.0,38,3.31,28.3,0.124,0.0
1981-09-22,22.5,30,3.42,26.8,0.124,0.0
1981-09-23,21.9,37,3.12,26.2,0.124,0.0
1981-09-24,21.4,40,2.92,26.0,0.124,0.0
1981-09-25,20.4,49,2.13,25.6,0.124,0.0
1981-09-26,21.2,57,2.59,25.6,0.124,0.0
1981-09-27,22.5,61,2.44,26.7,0.124,0.0
1981-09-28,21.3,61,1.93,25.4,0.124,0.0
1981-09-29,20.7,43,2.19,24.6,0.124,0.0
1981-09-30,20.9,40,2.69,24.9,0.124,0.0
1981-10-01,22.2,47,2.48,25.3,0.124,0.0
1981-10-02,21.8,56,2.28,25.8,0.124,0.0
1981-10-03,18.9,61,1.27,22.8,0.127,0.6
1981-10-04,16.8,48,1.77,21.7,0.127,0.0
1981-10-05,17.5,52,2.1,21.8,0.126,0.0
1981-10-06,20.6,47,2.88,23.0,0.126,0.0
1981-10-07,18.5,61,1.22,21.8,0.127,0.1
1981-10-08,16.8,53,1.93,20.9,0.128,0.0
1981-10-09,17.6,54,2.09,21.4,0.127,0.0
1981-10-10,16.6,67,1.24,20.1,0.133,2.6
1981-10-11,14.5,60,1.35,18.5,0.155,0.2
1981-10-12,13.2,58,1.44,17.2,0.158,1.0
1981-10-13,13.2,54,1.39,16.4,0.159,0.2
1981-10-14,13.6,55,1.55,16.5,0.155,0.0
1981-10-15,14.5,52,1.66,17.0,0.151,0.0
1981-10-16,14.7,52,1.88,17.3,0.146,0.0
1981-10-17,16.0,50,2.24,18.3,0.143,0.0
1981-10-18,17.7,51,2.63,19.6,0.139,0.0
1981-10-19,18.8,52,2.99,20.6,0.136,0.0
1981-10-20,18.9,51,2.91,21.0,0.133,0.0
1981-10-21,18.8,51,2.72,21.2,0.131,0.0
1981-10-22,19.1,55,2.58,21.5,0.13,0.0
1981-10-23,19.5,55,2.58,21.6,0.129,0.0
1981-10-24,18.5,51,2.49,20.8,0.128,0.0
1981-10-25,18.7,48,2.36,20.6,0.127,0.0
1981-10-26,16.5,60,1.77,19.4,0.127,0.0
1981-10-27,16.4,57,1.94,19.1,0.128,1.4
1981-10-28,15.3,80,0.97,17.4,0.293,23.1
1981-10-29,12.5,71,1.01,15.4,0.353,7.7
1981-10-30,11.7,63,1.09,14.4,0.302,0.0
1981-10-31,13.6,62,1.58,14.6,0.274,0.0
1981-11-01,15.3,67,1.78,15.9,0.254,0.0
1981-11-02,16.3,69,2.0,16.7,0.239,0.0
1981-11-03,15.9,67,1.95,16.7,0.226,0.0
1981-11-04,15.5,69,1.77,16.6,0.215,0.0
1981-11-05,15.2,72,1.39,16.2,0.206,0.0
1981-11-06,14.9,75,1.26,16.5,0.2,0.0
1981-11-07,14.5,74,1.22,16.2,0.194,0.0
1981-11-08,15.1,76,1.18,16.2,0.188,0.0
1981-11-09,15.9,72,1.85,16.5,0.183,0.0
1981-11-10,15.9,65,1.48,16.6,0.178,0.0
1981-11-11,14.3,78,1.19,15.9,0.174,0.0
1981-11-12,14.9,75,1.34,15.9,0.176,6.3
1981-11-13,15.7,88,0.37,16.1,0.399,42.0
1981-11-14,15.4,89,0.51,16.1,0.403,14.7
1981-11-15,15.0,84,0.88,15.3,0.37,0.4
1981-11-16,15.9,84,1.08,16.1,0.353,0.0
1981-11-17,14.4,76,0.91,15.5,0.392,17.2
1981-11-18,10.4,72,0.7,13.2,0.371,0.0
1981-11-19,10.8,75,0.88,12.5,0.354,0.0
1981-11-20,11.5,74,0.95,12.2,0.342,0.0
1981-11-21,12.9,78,0.77,13.3,0.333,0.1
1981-11-22,14.4,84,0.72,14.9,0.326,0.0
1981-11-23,14.1,87,0.84,15.1,0.318,0.0
1981-11-24,12.5,79,0.67,13.7,0.328,2.4
1981-11-25,9.1,69,0.75,11.7,0.324,0.0
1981-11-26,7.0,82,0.38,8.8,0.331,4.2
1981-11-27,7.5,87,0.34,8.9,0.374,8.9
1981-11-28,7.3,85,0.52,8.9,0.37,0.2
1981-11-29,6.9,85,0.5,8.9,0.347,0.0
1981-11-30,7.0,80,0.51,8.0,0.334,0.0
1981-12-01,7.1,82,0.56,8.3,0.325,0.0
1981-12-02,7.3,88,0.4,8.4,0.317,0.0
1981-12-03,8.3,92,0.37,9.6,0.313,0.0
1981-12-04,9.0,88,0.6,9.9,0.308,0.0
1981-12-05,9.3,86,0.71,10.0,0.303,0.0
1981-12-06,9.0,85,0.65,9.8,0.297,0.0
1981-12-07,9.1,87,0.53,9.7,0.292,0.0
1981-12-08,10.8,87,0.79,11.1,0.289,0.0
1981-12-09,11.9,70,0.97,11.3,0.285,0.3
1981-12-10,11.0,80,0.55,12.0,0.287,0.0
1981-12-11,8.7,81,0.52,10.5,0.281,0.0
1981-12-12,8.4,83,0.72,9.5,0.277,0.5
1981-12-13,10.7,82,0.63,10.7,0.275,0.0
1981-12-14,11.7,84,0.66,11.4,0.271,0.0
1981-12-15,11.1,90,0.59,11.7,0.267,0.0
1981-12-16,10.2,91,0.44,11.7,0.265,0.0
1981-12-17,10.6,87,0.77,11.5,0.262,0.0
1981-12-18,11.5,81,0.58,11.3,0.26,0.0
1981-12-19,14.3,74,1.18,13.6,0.257,0.0
1981-12-20,13.5,89,0.44,13.4,0.369,23.0
1981-12-21,10.2,86,0.43,11.5,0.379,4.6
1981-12-22,7.5,72,0.6,9.6,0.358,0.0
1981-12-23,5.8,76,0.49,7.4,0.34,0.0
1981-12-24,6.7,78,0.63,7.5,0.33,0.0
1981-12-25,6.8,87,0.44,7.5,0.322,0.0
1981-12-26,7.9,92,0.33,8.8,0.318,0.0
1981-12-27,10.1,81,0.59,10.5,0.324,1.2
1981-12-28,6.9,77,0.65,8.7,0.318,0.0
1981-12-29,6.8,85,0.28,7.2,0.346,17.7
1981-12-30,10.8,91,0.37,10.5,0.393,3.6
1981-12-31,9.6,87,0.5,10.5,0.376,8.6
1982-01-01,8.1,76,0.65,9.8,0.402,9.2
1982-01-02,5.4,80,0.52,7.5,0.406,8.1
1982-01-03,3.7,74,0.51,5.5,0.384,0.0
1982-01-04,6.8,82,0.33,6.8,0.413,38.0
1982-01-05,9.7,85,0.36,9.3,0.422,16.5
1982-01-06,5.6,75,0.5,7.7,0.393,0.0
1982-01-07,3.2,71,0.49,5.4,0.377,0.0
1982-01-08,4.0,77,0.52,4.8,0.367,0.0
1982-01-09,5.0,81,0.59,5.5,0.358,0.0
1982-01-10,5.0,86,0.68,6.4,0.351,0.0
1982-01-11,6.3,85,0.59,7.0,0.345,0.0
1982-01-12,5.2,91,0.27,6.5,0.34,0.0
1982-01-13,6.1,89,0.46,7.3,0.336,0.0
1982-01-14,6.0,88,0.54,7.2,0.331,0.0
1982-01-15,6.0,92,0.29,7.2,0.327,0.0
1982-01-16,5.9,89,0.49,7.1,0.324,0.0
1982-01-17,5.9,88,0.48,7.1,0.32,0.0
1982-01-18,7.3,82,0.57,8.0,0.316,0.0
1982-01-19,6.1,80,0.58,7.2,0.323,1.2
1982-01-20,6.0,90,0.18,6.8,0.389,17.3
1982-01-21,4.6,88,0.33,6.5,0.392,6.9
1982-01-22,3.1,76,0.52,4.9,0.382,0.0
1982-01-23,4.4,81,0.39,5.6,0.365,0.0
1982-01-24,6.5,91,0.37,7.5,0.357,0.0
1982-01-25,9.3,83,0.94,9.2,0.349,0.0
1982-01-26,8.3,90,0.26,8.2,0.35,1.9
1982-01-27,7.5,76,0.67,8.7,0.354,0.0
1982-01-28,6.0,82,0.37,6.9,0.372,4.4
1982-01-29,6.2,80,0.52,7.5,0.363,0.0
1982-01-30,7.0,80,0.69,7.4,0.349,0.0
1982-01-31,7.8,80,0.69,7.9,0.34,0.0
1982-02-01,7.3,80,0.62,7.8,0.332,0.0
1982-02-02,8.1,80,0.71,8.4,0.326,0.0
1982-02-03,8.3,81,0.66,8.6,0.32,0.0
1982-02-04,7.7,82,0.55,8.2,0.316,0.0
1982-02-05,7.2,75,0.74,8.2,0.312,0.0
1982-02-06,7.6,77,0.79,8.2,0.307,0.0
1982-02-07,7.9,78,0.71,8.0,0.302,0.0
1982-02-08,9.3,76,0.71,9.5,0.305,0.4
1982-02-09,9.1,78,0.5,9.2,0.304,0.0
1982-02-10,8.4,79,0.54,9.4,0.302,0.1
1982-02-11,7.8,77,0.72,9.3,0.297,0.0
1982-02-12,9.8,75,0.97,9.9,0.291,0.0
1982-02-13,10.4,85,0.67,10.1,0.307,9.9
1982-02-14,14.0,87,0.75,13.3,0.396,13.1
1982-02-15,14.0,94,0.17,13.2,0.415,22.6
1982-02-16,15.4,88,0.67,14.8,0.415,15.8
1982-02-17,13.1,78,0.92,13.6,0.388,0.0
1982-02-18,11.5,82,0.73,12.7,0.372,0.0
1982-02-19,12.1,84,0.83,12.8,0.362,0.0
1982-02-20,13.3,88,0.85,13.5,0.353,0.0
1982-02-21,15.0,85,1.19,14.8,0.345,0.0
1982-02-22,13.1,74,0.68,14.1,0.338,0.0
1982-02-23,9.7,58,0.81,11.9,0.328,0.0
1982-02-24,8.8,68,0.87,10.7,0.32,0.0
1982-02-25,10.2,70,1.14,10.8,0.314,0.0
1982-02-26,10.7,75,0.78,11.2,0.308,0.0
1982-02-27,11.6,77,0.95,12.5,0.302,0.0
1982-02-28,13.0,79,1.07,12.8,0.297,0.0
1982-03-01,13.3,79,0.53,12.6,0.312,6.8
1982-03-02,11.0,89,0.38,12.1,0.391,15.3
1982-03-03,9.5,74,0.83,11.0,0.376,0.0
1982-03-04,9.7,75,0.78,11.2,0.355,0.0
1982-03-05,9.9,72,0.87,11.1,0.342,0.0
1982-03-06,11.2,70,1.24,11.7,0.332,0.0
1982-03-07,12.2,72,1.2,12.0,0.328,1.5
1982-03-08,14.1,71,1.09,14.2,0.331,0.2
1982-03-09,13.8,78,1.04,14.1,0.321,0.0
1982-03-10,15.1,85,0.64,15.1,0.355,7.0
1982-03-11,13.4,86,0.51,13.6,0.407,19.7
1982-03-12,12.5,85,0.7,13.3,0.401,0.6
1982-03-13,13.4,78,0.98,13.7,0.377,0.0
1982-03-14,10.4,87,0.34,12.0,0.405,20.8
1982-03-15,9.3,69,0.82,11.2,0.398,0.0
1982-03-16,8.2,76,0.56,10.0,0.404,9.6
1982-03-17,8.0,87,0.34,9.7,0.42,11.8
1982-03-18,6.9,87,0.47,9.5,0.416,8.3
1982-03-19,8.2,74,0.82,10.1,0.406,1.0
1982-03-20,8.3,73,0.86,10.1,0.382,0.0
1982-03-21,9.7,70,0.98,10.8,0.368,0.0
1982-03-22,11.0,71,1.16,12.0,0.355,0.0
1982-03-23,12.5,71,1.33,13.1,0.344,0.0
1982-03-24,14.0,71,1.4,14.1,0.333,0.0
1982-03-25,12.3,82,0.88,13.8,0.328,3.3
1982-03-26,12.2,79,0.81,13.8,0.39,7.0
1982-03-27,13.7,73,0.93,14.6,0.363,0.5
1982-03-28,9.5,88,0.31,12.0,0.4,17.5
1982-03-29,6.6,91,0.33,9.3,0.418,13.2
1982-03-30,9.3,73,0.87,10.8,0.41,2.9
1982-03-31,11.1,75,0.63,11.1,0.406,21.3
1982-04-01,7.4,82,0.56,10.8,0.416,12.4
1982-04-02,8.7,75,0.93,10.6,0.397,0.0
1982-04-03,11.3,76,0.75,11.9,0.381,0.9
1982-04-04,11.1,71,0.89,12.4,0.378,0.5
1982-04-05,9.8,62,0.83,11.4,0.363,0.0
1982-04-06,8.7,68,0.77,10.5,0.355,0.3
1982-04-07,8.6,64,0.99,10.7,0.345,0.0
1982-04-08,10.5,64,1.0,11.8,0.333,0.0
1982-04-09,12.1,71,1.0,12.5,0.327,0.1
1982-04-10,13.8,90,0.3,13.1,0.4,47.6
1982-04-11,15.9,85,0.66,14.7,0.416,23.8
1982-04-12,14.0,73,1.11,14.8,0.396,0.0
1982-04-13,14.9,65,1.19,15.7,0.378,0.0
1982-04-14,14.8,65,1.24,16.0,0.361,0.0
1982-04-15,11.8,65,0.94,14.3,0.347,0.0
1982-04-16,12.2,62,1.23,14.1,0.334,0.0
1982-04-17,14.0,68,1.26,15.1,0.321,0.0
1982-04-18,15.2,68,1.45,16.1,0.309,0.0
1982-04-19,15.3,62,1.4,16.5,0.297,0.0
1982-04-20,17.9,69,1.76,17.9,0.285,0.0
1982-04-21,17.9,58,2.07,18.3,0.274,0.0
1982-04-22,18.5,64,1.93,18.9,0.262,0.0
1982-04-23,18.8,60,2.13,18.9,0.251,0.0
1982-04-24,17.4,58,2.25,18.5,0.24,0.0
1982-04-25,17.6,58,2.04,18.6,0.231,0.0
1982-04-26,17.5,59,1.81,19.1,0.221,0.0
1982-04-27,17.5,61,1.91,19.1,0.212,0.0
1982-04-28,17.9,59,2.13,19.3,0.203,0.0
1982-04-29,17.7,58,1.78,19.7,0.196,0.0
1982-04-30,19.6,56,2.31,20.6,0.189,0.0
1982-05-01,18.4,59,1.88,20.4,0.182,0.0
1982-05-02,19.0,56,2.07,20.8,0.176,0.0
1982-05-03,21.1,59,2.31,22.2,0.171,0.0
1982-05-04,21.2,58,2.42,22.4,0.166,0.0
1982-05-05,21.1,57,2.36,22.3,0.161,0.0
1982-05-06,20.9,53,2.71,22.5,0.156,0.0
1982-05-07,22.3,51,2.84,23.4,0.152,0.0
1982-05-08,19.1,54,2.03,22.6,0.148,0.0
1982-05-09,15.1,56,1.3,19.2,0.146,0.0
1982-05-10,14.7,56,1.61,19.1,0.145,0.0
1982-05-11,15.5,57,1.62,19.0,0.144,0.0
1982-05-12,17.6,52,2.08,20.5,0.142,0.0
1982-05-13,18.7,52,2.24,21.5,0.14,0.0
1982-05-14,19.0,51,2.27,21.8,0.138,0.0
1982-05-15,19.6,55,2.24,22.5,0.136,0.0
1982-05-16,22.3,48,3.03,24.1,0.135,0.0
1982-05-17,21.1,46,2.83,24.0,0.133,0.0
1982-05-18,17.4,45,2.23,21.7,0.132,0.0
1982-05-19,20.7,48,2.64,23.4,0.132,0.0
1982-05-20,22.9,48,3.3,25.0,0.131,0.0
1982-05-21,22.8,45,3.02,25.8,0.13,0.0
1982-05-22,22.6,47,3.07,25.6,0.129,0.0
1982-05-23,26.0,48,3.59,27.5,0.128,0.0
1982-05-24,27.3,46,4.03,28.6,0.128,0.0
1982-05-25,26.9,44,3.89,28.9,0.127,0.0
1982-05-26,24.8,49,2.97,28.5,0.126,0.0
1982-05-27,22.6,49,2.62,27.2,0.126,0.0
1982-05-28,20.8,41,2.61,25.8,0.126,0.0
1982-05-29,20.5,41,2.74,25.1,0.126,0.0
1982-05-30,19.5,47,2.5,24.4,0.125,0.0
1982-05-31,20.5,47,2.43,24.9,0.125,0.0
1982-06-01,18.7,43,2.46,23.7,0.125,0.0
1982-06-02,18.2,46,2.27,23.0,0.125,0.0
1982-06-03,18.8,44,2.78,23.3,0.125,0.0
1982-06-04,17.8,46,2.32,22.6,0.125,0.0
1982-06-05,18.0,44,2.44,22.6,0.125,0.0
1982-06-06,19.3,42,2.77,23.6,0.125,0.0
1982-06-07,19.0,44,2.49,23.8,0.125,0.0
1982-06-08,20.8,45,2.91,24.9,0.125,0.0
1982-06-09,24.0,44,3.32,27.1,0.125,0.0
1982-06-10,24.4,41,3.55,28.0,0.124,0.0
1982-06-11,22.6,42,3.17,26.7,0.124,0.0
1982-06-12,22.1,40,2.82,26.5,0.124,0.0
1982-06-13,21.3,42,2.87,26.0,0.124,0.0
1982-06-14,23.7,48,3.07,27.6,0.124,0.0
1982-06-15,27.6,44,4.14,29.9,0.124,0.0
1982-06-16,28.6,41,4.55,31.2,0.124,0.0
1982-06-17,27.9,42,3.85,31.1,0.124,0.0
1982-06-18,26.2,43,3.12,30.4,0.124,0.0
1982-06-19,25.5,47,3.24,30.3,0.124,0.0
1982-06-20,26.2,50,3.27,30.6,0.124,0.0
1982-06-21,26.4,48,3.48,30.8,0.124,0.0
1982-06-22,25.9,50,3.37,30.6,0.124,0.0
1982-06-23,26.1,47,3.53,30.8,0.124,0.0
1982-06-24,25.1,48,2.72,29.4,0.124,0.0
1982-06-25,24.0,51,2.79,29.0,0.124,0.0
1982-06-26,24.9,50,3.27,29.3,0.124,0.0
1982-06-27,25.8,55,3.14,30.1,0.124,0.0
1982-06-28,22.3,49,1.99,27.1,0.125,0.9
1982-06-29,17.7,76,1.06,22.6,0.194,21.7
1982-06-30,16.8,80,0.93,20.7,0.372,10.4
1982-07-01,19.7,68,1.72,22.3,0.307,0.0
1982-07-02,21.9,66,2.14,24.5,0.26,0.0
1982-07-03,22.0,53,2.29,24.8,0.226,0.0
1982-07-04,21.4,44,2.62,24.6,0.199,0.0
1982-07-05,21.5,50,2.62,24.9,0.178,0.0
1982-07-06,24.1,53,3.13,26.8,0.164,0.0
1982-07-07,24.9,48,3.1,28.1,0.152,0.0
1982-07-08,24.8,40,3.36,28.4,0.143,0.0
1982-07-09,25.2,39,3.97,28.6,0.136,0.0
1982-07-10,26.3,42,3.97,29.6,0.133,0.0
1982-07-11,26.8,45,3.9,30.4,0.13,0.0
1982-07-12,27.9,46,4.41,31.5,0.129,0.0
1982-07-13,29.0,42,4.92,32.4,0.128,0.0
1982-07-14,28.3,41,4.38,32.4,0.126,0.0
1982-07-15,29.2,43,4.66,33.0,0.126,0.0
1982-07-16,27.5,37,4.24,32.3,0.125,0.0
1982-07-17,25.4,38,4.07,30.8,0.125,0.0
1982-07-18,26.7,40,4.3,31.2,0.125,0.0
1982-07-19,27.7,39,4.66,31.9,0.124,0.0
1982-07-20,28.1,36,4.91,32.0,0.124,0.0
1982-07-21,28.0,34,5.15,32.0,0.124,0.0
1982-07-22,28.3,34,5.2,32.3,0.124,0.0
1982-07-23,28.7,36,4.9,32.4,0.124,0.0
1982-07-24,29.7,37,4.78,33.8,0.124,0.0
1982-07-25,28.5,39,4.28,33.3,0.124,0.0
1982-07-26,28.5,40,4.02,33.2,0.124,0.0
1982-07-27,29.7,36,4.65,34.1,0.124,0.0
1982-07-28,30.1,31,5.55,34.0,0.124,0.0
1982-07-29,30.4,32,5.63,34.4,0.124,0.0
1982-07-30,30.4,33,5.74,34.5,0.124,0.0
1982-07-31,30.1,35,5.85,34.0,0.124,0.0
1982-08-01,27.6,31,4.78,32.3,0.124,0.0
1982-08-02,25.5,35,4.3,31.3,0.124,0.0
1982-08-03,24.4,40,3.64,30.2,0.124,0.0
1982-08-04,24.8,39,3.77,30.0,0.124,0.0
1982-08-05,26.2,37,4.19,30.7,0.124,0.0
1982-08-06,28.5,38,4.93,32.0,0.124,0.0
1982-08-07,31.1,40,5.28,34.2,0.124,0.0
1982-08-08,30.3,43,5.19,34.3,0.124,0.0
1982-08-09,28.2,42,4.11,33.1,0.124,0.0
1982-08-10,25.8,41,3.92,31.2,0.124,0.0
1982-08-11,24.6,45,3.27,30.0,0.124,0.0
1982-08-12,25.6,44,3.74,30.8,0.124,0.0
1982-08-13,26.4,47,3.46,31.4,0.124,0.0
1982-08-14,24.7,46,3.04,30.5,0.124,0.0
1982-08-15,24.9,46,3.45,30.0,0.124,0.0
1982-08-16,26.5,40,4.11,31.0,0.124,0.0
1982-08-17,27.7,37,4.45,31.8,0.124,0.0
1982-08-18,28.1,41,4.36,32.6,0.124,0.0
1982-08-19,27.7,42,4.2,32.3,0.124,0.0
1982-08-20,28.4,43,4.28,32.8,0.124,0.0
1982-08-21,29.6,39,4.87,33.5,0.124,0.0
1982-08-22,30.9,37,5.24,34.5,0.124,0.0
1982-08-23,30.0,31,5.07,34.1,0.124,0.0
1982-08-24,28.0,39,4.07,32.9,0.124,0.0
1982-08-25,28.1,41,4.05,32.9,0.124,0.0
1982-08-26,26.2,43,3.88,31.3,0.124,0.0
1982-08-27,25.9,43,3.66,30.6,0.124,0.0
1982-08-28,27.8,42,3.9,32.0,0.124,0.0
1982-08-29,26.6,40,3.32,31.4,0.124,0.0
1982-08-30,25.3,41,3.72,30.2,0.124,0.0
1982-08-31,26.3,40,4.15,30.7,0.124,0.0
1982-09-01,26.7,38,4.39,30.4,0.124,0.0
1982-09-02,27.2,39,4.42,30.9,0.124,0.0
1982-09-03,27.5,38,4.26,30.9,0.124,0.0
1982-09-04,25.9,40,3.93,30.3,0.124,0.0
1982-09-05,26.5,45,4.14,30.5,0.124,0.0
1982-09-06,27.4,43,4.21,30.8,0.124,0.0
1982-09-07,28.0,42,4.23,31.9,0.124,0.0
1982-09-08,28.6,44,4.71,31.9,0.124,0.0
1982-09-09,27.4,48,3.5,31.8,0.124,0.0
1982-09-10,24.7,48,2.95,29.8,0.124,0.0
1982-09-11,23.9,35,3.16,28.8,0.124,0.0
1982-09-12,24.1,32,3.63,27.9,0.124,0.0
1982-09-13,23.8,40,2.83,27.5,0.124,0.0
1982-09-14,22.4,48,2.75,27.4,0.124,0.0
1982-09-15,20.0,56,1.28,24.5,0.124,0.3
1982-09-16,18.4,73,1.2,22.1,0.147,1.4
1982-09-17,19.5,64,1.73,22.9,0.147,0.0
1982-09-18,19.9,65,1.6,23.3,0.149,0.9
1982-09-19,19.9,59,1.94,23.5,0.149,0.0
1982-09-20,20.1,50,2.57,23.8,0.143,0.0
1982-09-21,22.2,50,3.08,25.3,0.138,0.0
1982-09-22,24.3,50,3.68,27.1,0.134,0.0
1982-09-23,24.3,51,3.59,27.4,0.131,0.0
1982-09-24,21.6,80,0.96,24.1,0.172,7.3
1982-09-25,20.2,95,0.29,22.4,0.248,12.0
1982-09-26,17.4,69,1.32,20.8,0.348,8.7
1982-09-27,16.6,65,1.43,19.3,0.289,0.0
1982-09-28,16.9,65,1.62,19.5,0.26,0.0
1982-09-29,15.9,59,1.47,18.0,0.237,0.0
1982-09-30,15.3,52,1.73,17.7,0.22,0.0
1982-10-01,16.9,55,1.85,18.4,0.204,0.0
1982-10-02,18.8,56,2.27,19.9,0.191,0.0
1982-10-03,19.3,58,2.49,21.2,0.178,0.0
1982-10-04,17.4,54,2.02,20.3,0.169,0.0
1982-10-05,16.9,54,2.06,20.0,0.161,0.0
1982-10-06,18.1,58,2.4,20.5,0.155,0.0
1982-10-07,16.0,50,1.76,19.4,0.149,0.0
1982-10-08,15.9,44,1.82,18.7,0.145,0.0
1982-10-09,18.1,50,2.58,19.9,0.142,0.0
1982-10-10,19.2,49,2.85,20.8,0.139,0.0
1982-10-11,19.5,47,2.71,21.2,0.136,0.0
1982-10-12,20.6,46,3.39,21.9,0.134,0.0
1982-10-13,20.8,43,3.25,22.0,0.132,0.0
1982-10-14,20.7,49,2.99,22.5,0.131,0.0
1982-10-15,20.9,50,3.12,22.8,0.13,0.0
1982-10-16,20.2,51,3.07,22.6,0.129,0.0
1982-10-17,18.3,54,2.26,21.5,0.129,0.0
1982-10-18,17.8,56,2.31,20.8,0.128,0.0
1982-10-19,19.8,44,2.58,21.5,0.129,0.2
1982-10-20,19.6,46,2.2,22.1,0.129,0.0
1982-10-21,20.2,51,2.52,21.8,0.129,0.1
1982-10-22,23.3,39,3.71,24.1,0.128,0.0
1982-10-23,23.4,39,3.42,24.3,0.129,0.2
1982-10-24,20.3,58,1.48,22.1,0.135,1.2
1982-10-25,18.9,77,1.25,20.6,0.189,10.5
1982-10-26,15.7,66,1.32,18.4,0.329,13.9
1982-10-27,12.5,64,1.23,15.7,0.293,0.0
1982-10-28,12.9,65,1.3,15.0,0.265,0.0
1982-10-29,15.2,55,1.69,16.1,0.246,0.0
1982-10-30,14.3,81,0.91,15.9,0.346,20.6
1982-10-31,14.1,83,0.83,15.8,0.336,0.0
1982-11-01,13.9,77,1.07,15.3,0.304,0.0
1982-11-02,14.1,77,1.19,15.3,0.284,0.0
1982-11-03,14.6,73,1.6,15.3,0.268,0.0
1982-11-04,13.7,71,1.51,14.8,0.256,0.0
1982-11-05,13.1,71,1.37,14.5,0.245,0.0
1982-11-06,13.5,70,1.4,14.3,0.235,0.0
1982-11-07,12.4,74,0.94,14.1,0.228,0.0
1982-11-08,9.9,74,0.73,13.0,0.227,1.5
1982-11-09,7.7,87,0.22,10.0,0.295,12.5
1982-11-10,8.7,84,0.36,10.4,0.368,7.0
1982-11-11,7.9,78,0.68,9.5,0.334,0.0
1982-11-12,9.1,76,0.85,10.1,0.311,0.0
1982-11-13,7.9,79,0.84,9.9,0.296,0.0
1982-11-14,9.2,77,1.01,10.1,0.284,0.0
1982-11-15,9.1,80,0.77,10.5,0.275,0.0
1982-11-16,9.7,77,0.93,11.0,0.268,0.0
1982-11-17,8.9,80,0.59,9.9,0.262,0.0
1982-11-18,11.5,84,0.44,11.2,0.343,35.2
1982-11-19,10.9,84,0.68,11.8,0.392,2.5
1982-11-20,9.1,76,0.8,10.6,0.363,0.0
1982-11-21,7.5,76,0.75,9.1,0.347,0.0
1982-11-22,8.7,78,0.3,9.1,0.344,1.8
1982-11-23,10.3,85,0.57,10.7,0.346,0.0
1982-11-24,9.8,86,0.59,10.4,0.335,0.0
1982-11-25,8.8,89,0.5,9.7,0.326,0.0
1982-11-26,9.2,86,0.68,9.7,0.318,0.0
1982-11-27,10.0,78,0.95,10.0,0.313,0.5
1982-11-28,11.3,83,0.5,11.2,0.332,11.6
1982-11-29,11.2,94,0.2,11.6,0.401,12.2
1982-11-30,9.9,84,0.5,11.0,0.428,35.4
1982-12-01,7.8,73,0.67,9.4,0.403,1.1
1982-12-02,6.9,73,0.54,8.2,0.38,0.0
1982-12-03,8.2,75,0.55,9.5,0.366,0.0
1982-12-04,7.8,92,0.38,9.1,0.356,0.0
1982-12-05,8.6,94,0.26,9.6,0.35,0.0
1982-12-06,8.5,93,0.24,9.9,0.344,0.0
1982-12-07,8.2,80,0.55,9.9,0.339,0.0
1982-12-08,6.0,61,0.77,6.9,0.331,0.0
1982-12-09,6.5,76,0.58,6.9,0.324,0.0
1982-12-10,7.5,85,0.63,7.6,0.319,0.0
1982-12-11,7.5,88,0.6,8.3,0.314,0.0
1982-12-12,7.3,87,0.62,8.2,0.31,0.0
1982-12-13,8.3,84,0.52,9.1,0.311,0.7
1982-12-14,5.9,85,0.5,7.1,0.307,0.0
1982-12-15,8.4,76,0.65,8.3,0.305,0.5
1982-12-16,8.2,73,0.82,7.7,0.305,0.0
1982-12-17,9.4,87,0.36,9.1,0.342,4.9
1982-12-18,7.9,84,0.55,9.0,0.334,0.0
1982-12-19,8.0,84,0.65,8.3,0.321,0.0
1982-12-20,9.5,82,0.8,9.0,0.317,1.8
1982-12-21,9.5,86,0.36,9.0,0.352,19.0
1982-12-22,11.5,92,0.15,10.5,0.424,37.1
1982-12-23,6.9,79,0.42,8.3,0.414,2.7
1982-12-24,5.4,58,0.72,6.6,0.39,0.0
1982-12-25,3.4,68,0.52,4.2,0.374,0.0
1982-12-26,4.8,66,0.7,5.0,0.365,0.0
1982-12-27,5.6,74,0.66,5.8,0.357,0.0
1982-12-28,6.9,79,0.63,6.8,0.35,0.0
1982-12-29,7.6,82,0.47,7.9,0.348,0.4
1982-12-30,4.7,84,0.46,6.3,0.344,0.0
1982-12-31,5.7,78,0.59,6.0,0.338,0.0
1983-01-01,5.0,82,0.62,5.5,0.332,0.0
1983-01-02,4.2,86,0.43,4.8,0.328,0.0
1983-01-03,3.9,88,0.41,5.1,0.325,0.0
1983-01-04,4.2,95,0.21,5.5,0.322,0.0
1983-01-05,6.3,88,0.6,7.3,0.318,0.0
1983-01-06,6.9,87,0.61,7.7,0.314,0.0
1983-01-07,6.4,90,0.41,7.4,0.311,0.0
1983-01-08,6.4,91,0.42,7.5,0.308,0.0
1983-01-09,6.6,89,0.36,8.2,0.306,0.0
1983-01-10,6.7,85,0.55,7.0,0.304,0.0
1983-01-11,7.5,81,0.7,7.2,0.3,0.0
1983-01-12,7.7,81,0.85,7.9,0.296,0.0
1983-01-13,7.3,84,0.85,8.2,0.293,0.0
1983-01-14,7.1,83,0.81,8.0,0.289,0.0
1983-01-15,9.1,83,0.94,9.2,0.286,0.0
1983-01-16,10.6,89,0.36,10.9,0.315,4.7
1983-01-17,8.1,91,0.34,9.4,0.335,0.0
1983-01-18,8.6,89,0.46,8.8,0.343,10.6
1983-01-19,8.1,83,0.59,9.2,0.386,4.1
1983-01-20,5.2,77,0.51,6.7,0.358,0.0
1983-01-21,5.8,76,0.55,6.1,0.347,0.2
1983-01-22,9.3,88,0.29,8.2,0.399,31.4
1983-01-23,12.4,84,0.69,11.1,0.402,1.4
1983-01-24,11.8,87,0.34,11.7,0.42,23.7
1983-01-25,9.6,86,0.65,10.3,0.396,0.0
1983-01-26,11.1,79,0.63,10.2,0.387,4.8
1983-01-27,10.9,91,0.31,11.2,0.425,35.4
1983-01-28,9.2,87,0.55,9.5,0.403,2.8
1983-01-29,8.5,85,0.49,9.7,0.417,24.0
1983-01-30,8.1,82,0.66,8.9,0.394,0.0
1983-01-31,8.2,81,0.64,8.4,0.383,0.0
1983-02-01,8.0,80,0.82,8.4,0.375,0.0
1983-02-02,7.6,82,0.59,7.9,0.373,1.6
1983-02-03,8.3,85,0.52,9.3,0.394,2.0
1983-02-04,9.2,79,0.7,9.1,0.378,0.0
1983-02-05,7.4,88,0.2,8.0,0.396,8.4
1983-02-06,8.5,92,0.12,8.2,0.419,24.1
1983-02-07,12.1,91,0.27,10.8,0.426,22.5
1983-02-08,10.9,87,0.51,11.1,0.413,10.5
1983-02-09,10.7,81,0.77,10.9,0.394,0.2
1983-02-10,11.5,80,0.85,10.8,0.382,0.0
1983-02-11,12.0,82,0.99,11.7,0.373,0.0
1983-02-12,11.1,88,0.3,10.8,0.41,42.4
1983-02-13,11.0,80,0.72,11.5,0.406,11.9
1983-02-14,9.6,78,0.72,10.1,0.387,0.0
1983-02-15,11.2,79,0.97,10.8,0.376,0.7
1983-02-16,12.3,80,0.81,11.7,0.369,0.0
1983-02-17,11.6,85,0.81,11.6,0.359,0.0
1983-02-18,11.3,81,0.65,11.6,0.392,12.5
1983-02-19,10.2,80,0.68,11.4,0.388,0.0
1983-02-20,11.3,79,0.78,11.2,0.372,0.0
1983-02-21,11.9,83,0.87,11.8,0.364,0.0
1983-02-22,12.0,83,0.75,12.2,0.357,0.0
1983-02-23,13.1,77,1.2,12.8,0.35,0.1
1983-02-24,11.8,78,0.71,12.3,0.348,0.0
1983-02-25,9.0,82,0.34,10.0,0.374,11.7
1983-02-26,12.0,84,0.69,11.8,0.413,9.6
1983-02-27,12.2,85,0.44,12.3,0.42,15.5
1983-02-28,12.5,84,0.6,11.9,0.426,13.1
1983-03-01,13.4,75,0.82,12.3,0.413,11.7
1983-03-02,12.5,82,0.64,12.4,0.426,16.1
1983-03-03,10.9,87,0.57,12.1,0.41,3.7
1983-03-04,11.3,82,0.82,12.2,0.412,2.6
1983-03-05,11.8,82,0.7,11.9,0.394,0.5
1983-03-06,13.4,80,0.83,13.7,0.384,0.0
1983-03-07,13.8,81,0.82,14.5,0.4,4.8
1983-03-08,15.7,76,1.06,15.5,0.379,0.0
1983-03-09,15.1,82,0.89,15.2,0.366,0.0
1983-03-10,15.4,84,0.93,15.7,0.359,2.6
1983-03-11,14.2,78,0.97,15.7,0.379,2.3
1983-03-12,15.1,74,1.15,15.1,0.364,0.9
1983-03-13,14.0,89,0.27,14.2,0.405,22.3
1983-03-14,11.9,70,0.97,13.3,0.396,0.0
1983-03-15,10.7,69,0.93,12.5,0.377,0.0
1983-03-16,11.2,76,1.37,12.1,0.381,10.1
1983-03-17,10.3,87,0.57,12.6,0.412,12.5
1983-03-18,10.0,85,0.5,12.6,0.418,8.7
1983-03-19,10.6,76,0.78,11.9,0.399,0.0
1983-03-20,10.6,80,0.54,11.2,0.393,6.7
1983-03-21,10.6,77,0.79,12.3,0.414,10.2
1983-03-22,9.1,85,0.33,10.2,0.412,9.7
1983-03-23,9.4,83,0.86,10.8,0.411,13.5
1983-03-24,8.4,86,0.46,10.8,0.42,13.6
1983-03-25,9.8,73,0.82,10.8,0.401,0.3
1983-03-26,10.3,70,0.94,11.3,0.383,0.0
1983-03-27,11.2,78,0.5,11.1,0.393,5.4
1983-03-28,11.8,71,0.96,12.6,0.384,0.1
1983-03-29,12.1,71,1.07,13.2,0.364,0.0
1983-03-30,14.9,75,1.23,14.7,0.35,0.0
1983-03-31,15.1,70,1.19,15.6,0.338,0.0
1983-04-01,13.7,69,1.24,15.0,0.326,0.0
1983-04-02,13.0,65,1.11,14.1,0.316,0.0
1983-04-03,10.7,51,1.01,12.6,0.306,0.4
1983-04-04,10.0,57,1.02,12.2,0.298,0.0
1983-04-05,10.9,63,1.14,12.7,0.291,0.0
1983-04-06,11.1,60,1.34,12.7,0.284,0.0
1983-04-07,12.3,62,1.35,13.3,0.275,0.0
1983-04-08,13.5,67,1.42,14.4,0.267,0.0
1983-04-09,13.3,70,1.22,14.8,0.259,0.0
1983-04-10,10.8,63,0.76,13.0,0.254,0.0
1983-04-11,9.3,64,0.93,12.2,0.258,4.2
1983-04-12,9.0,67,0.91,11.7,0.295,0.4
1983-04-13,10.8,64,1.15,12.6,0.285,0.4
1983-04-14,11.4,59,1.32,12.9,0.273,0.0
1983-04-15,14.0,61,1.54,14.7,0.259,0.0
1983-04-16,16.7,60,2.05,16.9,0.248,0.0
1983-04-17,15.2,63,1.68,15.7,0.238,0.4
1983-04-18,14.3,77,0.73,15.1,0.337,13.8
1983-04-19,15.3,72,1.57,15.8,0.342,2.4
1983-04-20,15.0,79,1.11,16.8,0.362,7.8
1983-04-21,14.6,77,1.11,16.1,0.373,0.8
1983-04-22,14.9,68,1.2,16.4,0.339,0.0
1983-04-23,14.1,70,1.34,15.4,0.323,4.2
1983-04-24,13.6,73,1.19,15.5,0.35,1.2
1983-04-25,13.0,64,1.24,14.8,0.333,0.1
1983-04-26,13.0,62,1.26,14.7,0.311,0.0
1983-04-27,13.8,72,1.27,14.7,0.315,11.0
1983-04-28,14.8,83,0.84,15.6,0.414,17.3
1983-04-29,13.9,82,0.95,15.9,0.402,11.1
1983-04-30,12.7,78,0.9,14.9,0.414,4.6
1983-05-01,12.6,76,0.95,14.9,0.397,1.0
1983-05-02,14.1,71,1.2,15.3,0.373,0.0
1983-05-03,15.6,73,1.25,16.8,0.354,0.0
1983-05-04,13.9,70,0.88,15.8,0.344,1.0
1983-05-05,13.1,69,1.11,15.3,0.346,5.7
1983-05-06,13.3,67,1.33,15.2,0.37,0.0
1983-05-07,14.6,65,1.42,15.9,0.339,0.0
1983-05-08,14.3,62,1.43,16.0,0.317,0.0
1983-05-09,13.4,52,1.41,15.4,0.299,0.0
1983-05-10,12.9,55,1.3,14.8,0.284,0.0
1983-05-11,14.5,53,1.58,15.6,0.272,0.0
1983-05-12,16.4,58,1.54,16.6,0.261,0.0
1983-05-13,16.8,67,1.42,18.1,0.251,0.0
1983-05-14,18.7,64,2.05,19.5,0.24,0.0
1983-05-15,19.2,59,2.1,19.8,0.227,0.0
1983-05-16,18.5,50,2.36,19.7,0.214,0.0
1983-05-17,19.9,46,2.63,20.3,0.203,0.0
1983-05-18,21.4,47,2.93,21.4,0.193,0.0
1983-05-19,23.2,51,2.88,22.9,0.183,0.0
1983-05-20,24.5,50,3.39,24.5,0.175,0.0
1983-05-21,24.7,49,3.59,25.0,0.167,0.0
1983-05-22,25.2,47,3.7,25.7,0.159,0.0
1983-05-23,25.0,46,3.72,25.9,0.152,0.0
1983-05-24,25.0,47,3.54,26.3,0.147,0.0
1983-05-25,25.0,51,3.34,26.7,0.142,0.0
1983-05-26,26.3,51,3.87,27.6,0.139,0.0
1983-05-27,26.9,48,4.12,28.1,0.136,0.0
1983-05-28,27.6,48,4.37,29.0,0.134,0.0
1983-05-29,24.1,47,3.1,27.4,0.133,0.0
1983-05-30,22.6,46,3.08,26.2,0.132,0.0
1983-05-31,19.7,51,2.22,24.4,0.131,0.0
1983-06-01,18.5,56,2.11,23.1,0.131,0.0
1983-06-02,18.5,55,1.99,23.0,0.13,0.0
1983-06-03,21.1,54,2.32,24.4,0.13,0.1
1983-06-04,23.1,53,2.81,25.9,0.13,0.0
1983-06-05,25.8,51,3.48,28.1,0.129,0.0
1983-06-06,27.6,47,4.15,29.1,0.128,0.0
1983-06-07,27.5,43,3.92,29.2,0.138,3.0
1983-06-08,25.4,48,3.24,27.5,0.161,0.0
1983-06-09,24.2,47,3.18,27.2,0.149,0.0
1983-06-10,24.4,46,3.51,27.3,0.141,0.0
1983-06-11,21.2,45,2.24,25.7,0.135,0.0
1983-06-12,21.9,42,3.04,25.6,0.132,0.0
1983-06-13,24.7,42,3.74,27.6,0.13,0.0
1983-06-14,27.5,41,4.97,29.4,0.128,0.0
1983-06-15,25.3,39,3.6,28.9,0.127,0.0
1983-06-16,27.3,39,4.26,29.9,0.126,0.0
1983-06-17,27.7,38,4.53,30.4,0.126,0.0
1983-06-18,22.9,40,3.27,27.6,0.125,0.0
1983-06-19,23.6,36,3.59,27.4,0.125,0.0
1983-06-20,24.4,37,3.79,28.2,0.125,0.0
1983-06-21,24.3,41,3.42,28.6,0.125,0.0
1983-06-22,26.2,42,3.85,29.7,0.124,0.0
1983-06-23,25.7,39,3.79,29.7,0.124,0.0
1983-06-24,25.0,38,3.51,29.2,0.124,0.0
1983-06-25,26.1,34,3.99,29.7,0.124,0.0
1983-06-26,25.7,38,4.02,29.6,0.124,0.0
1983-06-27,22.5,42,3.0,27.5,0.124,0.0
1983-06-28,22.2,43,3.23,27.0,0.124,0.0
1983-06-29,22.9,47,3.31,27.2,0.124,0.0
1983-06-30,22.9,41,3.33,27.4,0.124,0.0
1983-07-01,23.0,47,2.89,27.2,0.124,0.0
1983-07-02,23.1,52,2.74,27.4,0.124,0.0
1983-07-03,23.8,40,3.56,27.9,0.124,0.0
1983-07-04,28.3,39,4.62,30.8,0.124,0.0
1983-07-05,30.6,37,5.4,33.1,0.124,0.0
1983-07-06,26.3,39,3.87,31.0,0.124,0.0
1983-07-07,23.1,35,3.24,28.3,0.124,0.0
1983-07-08,21.4,38,3.02,26.6,0.124,0.0
1983-07-09,22.5,32,3.41,26.5,0.124,0.0
1983-07-10,25.7,26,4.46,28.3,0.124,0.0
1983-07-11,29.0,30,5.89,30.7,0.124,0.0
1983-07-12,30.5,32,6.24,32.4,0.124,0.0
1983-07-13,32.2,30,6.45,33.9,0.124,0.0
1983-07-14,31.6,32,6.01,34.5,0.124,0.0
1983-07-15,27.2,29,4.46,32.1,0.124,0.0
1983-07-16,25.9,38,4.05,31.1,0.124,0.0
1983-07-17,22.8,41,3.26,28.9,0.124,0.0
1983-07-18,23.1,41,3.08,28.0,0.124,0.0
1983-07-19,22.7,43,3.09,27.6,0.124,0.0
1983-07-20,23.6,40,3.73,28.1,0.124,0.0
1983-07-21,26.6,35,4.6,30.1,0.124,0.0
1983-07-22,27.0,38,4.21,31.0,0.124,0.0
1983-07-23,26.4,40,4.2,30.7,0.124,0.0
1983-07-24,25.7,44,3.7,30.7,0.124,0.0
1983-07-25,23.3,43,3.34,28.8,0.124,0.0
1983-07-26,24.7,39,3.68,29.2,0.124,0.0
1983-07-27,25.4,40,3.78,29.9,0.124,0.0
1983-07-28,26.9,40,4.22,30.9,0.124,0.0
1983-07-29,28.1,41,4.46,31.9,0.124,0.0
1983-07-30,29.3,38,4.91,32.8,0.124,0.0
1983-07-31,29.6,39,4.82,33.3,0.124,0.0
1983-08-01,30.1,41,4.9,34.0,0.124,0.0
1983-08-02,30.2,41,4.9,34.1,0.124,0.0
1983-08-03,30.4,38,5.03,34.4,0.124,0.0
1983-08-04,29.3,34,4.77,33.4,0.124,0.0
1983-08-05,28.9,33,5.13,33.0,0.124,0.0
1983-08-06,30.9,35,5.52,33.9,0.124,0.0
1983-08-07,33.0,37,5.95,35.2,0.124,0.0
1983-08-08,32.6,35,5.31,35.4,0.124,0.0
1983-08-09,30.0,39,4.13,33.9,0.124,0.0
1983-08-10,29.9,47,4.15,34.5,0.125,0.1
1983-08-11,29.1,40,4.43,33.8,0.125,0.0
1983-08-12,30.1,40,4.83,34.1,0.124,0.0
1983-08-13,31.2,39,5.26,34.9,0.124,0.0
1983-08-14,31.2,36,4.63,34.8,0.124,0.0
1983-08-15,31.1,47,4.19,34.7,0.132,1.5
1983-08-16,31.4,45,4.69,34.9,0.131,0.0
1983-08-17,30.2,49,3.7,33.8,0.135,1.6
1983-08-18,28.3,52,3.49,32.3,0.155,1.7
1983-08-19,24.3,62,1.88,29.2,0.154,1.6
1983-08-20,24.4,58,2.57,28.7,0.153,0.0
1983-08-21,24.1,49,2.71,28.7,0.145,0.0
1983-08-22,23.3,49,2.72,28.2,0.138,0.0
1983-08-23,24.2,46,3.28,28.5,0.133,0.0
1983-08-24,24.7,43,3.5,29.1,0.13,0.0
1983-08-25,24.7,45,3.55,29.4,0.128,0.0
1983-08-26,25.7,44,4.08,29.9,0.127,0.0
1983-08-27,27.8,38,4.91,31.1,0.126,0.0
1983-08-28,27.5,38,4.43,31.4,0.125,0.0
1983-08-29,26.7,39,4.37,30.9,0.125,0.0
1983-08-30,26.2,48,3.73,29.9,0.126,0.3
1983-08-31,27.6,45,4.3,30.7,0.129,0.1
1983-09-01,26.0,53,3.22,30.4,0.127,0.0
1983-09-02,26.7,40,3.67,30.7,0.126,0.0
1983-09-03,27.3,35,4.05,30.9,0.125,0.0
1983-09-04,28.2,34,4.72,31.3,0.125,0.0
1983-09-05,30.0,36,5.44,32.3,0.124,0.0
1983-09-06,30.0,36,5.38,32.3,0.124,0.0
1983-09-07,27.8,44,4.53,31.7,0.124,0.0
1983-09-08,25.9,46,3.69,30.8,0.124,0.0
1983-09-09,24.9,41,3.49,29.3,0.124,0.0
1983-09-10,25.8,34,4.25,29.5,0.124,0.0
1983-09-11,28.1,34,5.16,30.8,0.124,0.0
1983-09-12,30.1,36,5.83,32.0,0.124,0.0
1983-09-13,30.7,33,5.55,33.0,0.124,0.0
1983-09-14,30.2,36,5.15,33.4,0.124,0.0
1983-09-15,30.0,35,5.52,32.9,0.124,0.0
1983-09-16,29.2,32,5.13,32.5,0.124,0.0
1983-09-17,28.2,33,4.84,31.7,0.124,0.0
1983-09-18,27.9,37,4.66,31.5,0.124,0.0
1983-09-19,27.4,37,4.53,30.8,0.124,0.0
1983-09-20,26.8,35,4.39,30.1,0.124,0.0
1983-09-21,27.1,45,3.99,30.7,0.125,0.9
1983-09-22,24.7,64,2.14,28.5,0.141,0.2
1983-09-23,22.3,56,2.26,26.8,0.142,1.2
1983-09-24,22.3,54,2.49,26.4,0.137,0.0
1983-09-25,23.6,52,2.94,27.0,0.134,0.0
1983-09-26,22.4,60,2.2,26.6,0.132,0.2
1983-09-27,20.8,59,1.95,25.3,0.132,0.0
1983-09-28,21.2,55,2.14,25.3,0.13,0.0
1983-09-29,18.7,70,1.13,22.0,0.149,5.4
1983-09-30,16.7,75,0.89,20.0,0.242,16.3
1983-10-01,17.3,81,1.02,20.3,0.354,6.6
1983-10-02,17.5,75,1.34,20.0,0.326,0.0
1983-10-03,18.8,66,1.71,20.7,0.283,0.0
1983-10-04,20.7,61,2.28,21.7,0.254,0.0
1983-10-05,21.9,59,2.53,22.6,0.232,0.0
1983-10-06,22.0,59,2.33,23.0,0.213,0.0
1983-10-07,22.6,60,2.43,23.8,0.199,0.0
1983-10-08,22.8,59,2.38,23.9,0.186,0.0
1983-10-09,19.9,61,1.57,22.7,0.177,0.0
1983-10-10,20.3,55,2.29,22.4,0.169,0.0
1983-10-11,20.4,57,2.39,22.3,0.161,0.0
1983-10-12,21.5,55,2.8,22.5,0.155,0.0
1983-10-13,19.2,54,1.89,21.7,0.15,0.0
1983-10-14,17.7,57,1.98,20.9,0.146,0.0
1983-10-15,17.8,54,2.01,20.2,0.143,0.0
1983-10-16,18.6,52,2.09,20.3,0.14,0.0
1983-10-17,18.3,56,2.11,20.7,0.137,0.0
1983-10-18,18.6,53,2.2,20.6,0.135,0.0
1983-10-19,19.5,55,2.37,21.0,0.134,0.0
1983-10-20,20.1,57,2.34,21.7,0.133,0.0
1983-10-21,19.9,60,2.48,21.8,0.132,0.0
1983-10-22,20.0,57,2.68,21.9,0.131,0.0
1983-10-23,19.2,61,2.09,21.2,0.13,0.0
1983-10-24,18.8,67,1.83,21.5,0.13,0.0
1983-10-25,19.6,58,2.6,21.2,0.129,0.0
1983-10-26,20.5,56,3.15,21.7,0.129,0.0
1983-10-27,21.1,50,3.21,22.0,0.128,0.0
1983-10-28,21.4,46,2.82,22.4,0.128,0.0
1983-10-29,20.8,52,2.53,21.9,0.127,0.4
1983-10-30,20.0,63,1.81,21.7,0.131,0.0
1983-10-31,18.9,74,1.49,20.8,0.134,0.2
1983-11-01,17.7,75,1.32,20.1,0.145,2.1
1983-11-02,16.9,68,1.7,19.2,0.165,0.0
1983-11-03,17.4,68,1.65,19.2,0.16,0.0
1983-11-04,17.4,74,1.48,19.5,0.156,0.0
1983-11-05,16.7,63,1.63,18.9,0.152,0.0
1983-11-06,15.9,55,2.04,18.2,0.148,0.0
1983-11-07,14.4,53,1.3,16.4,0.146,0.1
1983-11-08,11.2,48,1.46,14.5,0.144,0.0
1983-11-09,12.1,47,1.28,12.7,0.142,0.0
1983-11-10,14.7,59,1.3,14.8,0.157,10.0
1983-11-11,15.8,85,0.65,16.3,0.368,19.5
1983-11-12,14.9,86,0.91,16.0,0.35,10.7
1983-11-13,11.7,91,0.43,13.7,0.367,6.4
1983-11-14,10.9,81,0.78,13.3,0.346,0.0
1983-11-15,11.9,75,1.18,13.1,0.316,0.0
1983-11-16,14.2,68,1.18,14.2,0.299,0.0
1983-11-17,14.3,90,0.41,14.7,0.351,20.7
1983-11-18,11.3,74,0.81,13.3,0.357,0.0
1983-11-19,10.0,73,0.62,11.4,0.341,4.2
1983-11-20,9.8,88,0.48,11.6,0.396,19.9
1983-11-21,7.7,72,0.71,10.2,0.381,0.0
1983-11-22,6.5,70,0.56,8.3,0.363,0.0
1983-11-23,7.6,64,0.51,8.7,0.353,0.1
1983-11-24,10.5,89,0.53,10.6,0.411,28.0
1983-11-25,6.9,79,0.59,9.0,0.4,0.7
1983-11-26,6.4,74,0.54,8.1,0.378,0.0
1983-11-27,5.9,77,0.59,7.4,0.364,0.0
1983-11-28,6.6,79,0.7,7.5,0.353,0.0
1983-11-29,7.0,80,0.59,8.0,0.344,0.0
1983-11-30,9.6,75,0.62,9.6,0.337,0.0
1983-12-01,10.0,78,0.67,9.9,0.332,0.0
1983-12-02,11.5,80,0.62,11.5,0.328,0.1
1983-12-03,9.8,82,0.58,10.2,0.381,17.1
1983-12-04,7.8,77,0.66,9.0,0.387,1.1
1983-12-05,6.2,72,0.66,7.4,0.364,0.0
1983-12-06,6.8,74,0.58,7.3,0.352,0.0
1983-12-07,8.3,78,0.83,7.9,0.343,0.0
1983-12-08,9.8,76,0.86,9.2,0.335,0.0
1983-12-09,10.9,81,0.39,10.3,0.357,8.3
1983-12-10,10.1,89,0.54,10.4,0.368,0.0
1983-12-11,9.9,87,0.32,10.0,0.387,13.2
1983-12-12,7.9,86,0.5,9.2,0.385,0.0
1983-12-13,7.9,86,0.37,8.4,0.367,0.0
1983-12-14,11.0,89,0.41,10.5,0.359,0.0
1983-12-15,11.1,92,0.38,10.9,0.352,0.0
1983-12-16,11.1,89,0.58,11.3,0.345,0.0
1983-12-17,10.4,86,0.51,10.7,0.34,0.0
1983-12-18,8.9,89,0.42,10.2,0.335,0.0
1983-12-19,7.9,89,0.45,9.3,0.33,0.0
1983-12-20,7.3,79,0.56,8.5,0.325,0.0
1983-12-21,5.1,70,0.6,6.7,0.32,0.0
1983-12-22,6.1,80,0.28,7.0,0.32,0.6
1983-12-23,7.5,85,0.36,7.9,0.322,0.2
1983-12-24,9.8,87,0.31,9.1,0.387,31.2
1983-12-25,12.9,92,0.16,11.5,0.425,27.3
1983-12-26,11.5,95,0.16,11.3,0.416,4.9
1983-12-27,11.0,89,0.36,11.3,0.404,0.4
1983-12-28,8.0,84,0.49,9.4,0.385,0.0
1983-12-29,9.6,71,0.73,9.9,0.373,0.0
1983-12-30,9.5,86,0.39,9.4,0.371,1.6
1983-12-31,10.0,93,0.33,10.1,0.371,0.0
1984-01-01,8.9,91,0.37,9.9,0.362,0.0
1984-01-02,8.5,89,0.52,9.3,0.355,0.0
1984-01-03,8.5,85,0.65,9.6,0.349,0.0
1984-01-04,9.3,81,0.76,9.5,0.343,0.0
1984-01-05,9.6,85,0.76,10.0,0.338,0.0
1984-01-06,10.0,88,0.77,10.5,0.333,0.0
1984-01-07,9.3,90,0.44,10.0,0.329,0.0
1984-01-08,8.9,93,0.26,10.3,0.327,0.0
1984-01-09,8.3,92,0.37,10.2,0.325,0.0
1984-01-10,7.3,91,0.36,9.0,0.322,0.0
1984-01-11,7.7,88,0.38,9.0,0.319,0.0
1984-01-12,7.0,86,0.61,8.0,0.317,0.0
1984-01-13,6.8,86,0.51,8.4,0.314,0.0
1984-01-14,5.8,77,0.7,7.3,0.31,0.0
1984-01-15,6.6,69,0.65,7.2,0.307,0.1
1984-01-16,7.3,81,0.33,8.1,0.35,7.3
1984-01-17,6.2,84,0.4,7.6,0.353,0.0
1984-01-18,5.5,80,0.6,6.6,0.338,0.0
1984-01-19,5.8,80,0.64,6.9,0.328,0.0
1984-01-20,5.6,88,0.48,6.6,0.322,0.0
1984-01-21,7.7,83,0.57,8.2,0.319,0.0
1984-01-22,7.5,87,0.46,7.9,0.315,0.0
1984-01-23,7.7,89,0.36,8.9,0.312,0.0
1984-01-24,8.2,87,0.59,8.8,0.308,0.0
1984-01-25,10.3,83,0.77,9.7,0.304,0.0
1984-01-26,9.6,81,0.64,9.6,0.3,0.0
1984-01-27,8.9,75,0.82,9.2,0.296,0.0
1984-01-28,9.2,79,1.01,9.6,0.292,0.0
1984-01-29,10.5,80,1.08,10.4,0.287,0.0
1984-01-30,12.4,81,1.19,11.6,0.283,0.0
1984-01-31,13.1,75,1.25,12.2,0.279,0.0
1984-02-01,10.5,84,0.71,11.5,0.275,0.0
1984-02-02,10.4,87,0.68,11.3,0.272,0.0
1984-02-03,11.3,80,0.83,11.6,0.269,0.0
1984-02-04,11.3,77,1.18,11.3,0.266,0.0
1984-02-05,11.3,79,1.03,11.4,0.261,0.0
1984-02-06,10.3,86,0.7,11.5,0.257,0.0
1984-02-07,11.0,83,0.98,11.3,0.254,0.0
1984-02-08,11.7,79,1.12,12.0,0.251,0.0
1984-02-09,12.3,86,0.62,12.6,0.294,11.0
1984-02-10,8.4,75,0.75,10.7,0.364,3.6
1984-02-11,7.6,72,0.69,9.3,0.329,0.0
1984-02-12,9.6,76,0.73,10.4,0.312,0.0
1984-02-13,11.1,85,0.8,10.9,0.313,5.5
1984-02-14,8.4,76,0.8,10.4,0.338,0.4
1984-02-15,10.8,69,1.18,10.9,0.323,4.2
1984-02-16,8.9,79,0.54,10.6,0.393,11.6
1984-02-17,7.3,71,0.7,8.9,0.358,0.0
1984-02-18,7.9,73,0.71,8.5,0.34,0.0
1984-02-19,8.8,79,0.76,9.5,0.329,0.0
1984-02-20,10.2,75,1.22,10.3,0.32,0.0
1984-02-21,8.8,79,0.44,9.3,0.363,8.8
1984-02-22,7.3,66,0.79,9.0,0.358,0.0
1984-02-23,8.8,69,0.95,9.5,0.339,0.0
1984-02-24,10.3,70,0.96,10.9,0.326,0.0
1984-02-25,9.0,69,0.8,10.3,0.315,0.0
1984-02-26,9.3,74,0.92,10.2,0.307,0.0
1984-02-27,11.5,71,1.5,11.3,0.299,0.0
1984-02-28,11.9,70,1.53,12.0,0.291,0.0
1984-02-29,11.7,75,1.04,12.4,0.284,0.0
1984-03-01,12.6,72,1.19,13.3,0.276,0.0
1984-03-02,13.0,72,1.27,13.5,0.268,0.0
1984-03-03,12.6,72,1.23,13.5,0.261,0.0
1984-03-04,13.5,69,1.17,13.6,0.254,0.0
1984-03-05,13.4,60,1.69,13.6,0.246,0.0
1984-03-06,13.2,65,1.41,13.6,0.239,0.0
1984-03-07,14.5,68,1.62,14.5,0.233,0.0
1984-03-08,15.2,69,1.66,15.4,0.226,0.0
1984-03-09,15.1,67,1.39,15.9,0.219,0.0
1984-03-10,15.4,68,1.61,16.1,0.212,0.0
1984-03-11,14.8,68,1.64,15.8,0.205,0.0
1984-03-12,14.4,66,1.56,15.5,0.199,0.0
1984-03-13,14.9,73,1.71,15.0,0.216,13.0
1984-03-14,13.9,78,0.97,15.3,0.34,2.3
1984-03-15,13.3,69,1.01,14.6,0.323,3.6
1984-03-16,12.5,62,1.47,14.1,0.307,0.1
1984-03-17,12.2,61,1.19,14.0,0.289,0.8
1984-03-18,12.3,62,1.16,14.0,0.27,0.0
1984-03-19,14.6,70,1.39,15.2,0.254,0.0
1984-03-20,17.7,69,2.28,17.1,0.24,0.0
1984-03-21,14.7,62,1.31,16.4,0.226,0.0
1984-03-22,13.7,57,1.41,15.4,0.214,0.0
1984-03-23,15.4,66,1.8,16.3,0.205,0.0
1984-03-24,15.5,69,1.38,16.5,0.196,0.0
1984-03-25,15.2,68,1.35,16.7,0.189,0.0
1984-03-26,15.1,70,0.92,15.9,0.185,0.0
1984-03-27,14.9,61,1.64,16.6,0.182,0.0
1984-03-28,16.2,52,2.04,16.7,0.176,0.1
1984-03-29,14.1,47,1.72,15.8,0.17,0.0
1984-03-30,13.6,41,1.74,15.6,0.164,0.0
1984-03-31,10.7,63,1.12,13.8,0.184,5.3
1984-04-01,9.8,67,0.93,11.9,0.21,0.1
1984-04-02,12.5,61,1.38,13.7,0.202,0.0
1984-04-03,14.3,62,1.62,15.5,0.191,0.0
1984-04-04,16.0,55,1.89,16.6,0.181,0.0
1984-04-05,14.5,58,1.16,16.7,0.175,0.1
1984-04-06,14.6,57,1.35,16.2,0.173,0.4
1984-04-07,15.2,53,1.87,16.9,0.167,0.0
1984-04-08,14.3,60,1.11,16.2,0.162,0.0
1984-04-09,13.3,44,1.79,16.0,0.159,0.0
1984-04-10,15.3,48,1.46,17.0,0.153,0.0
1984-04-11,14.2,51,1.79,16.9,0.149,0.0
1984-04-12,16.1,51,2.05,17.9,0.145,0.0
1984-04-13,18.1,56,2.45,19.9,0.141,0.0
1984-04-14,22.3,51,3.77,22.3,0.138,0.0
1984-04-15,21.3,43,3.18,22.4,0.135,0.0
1984-04-16,19.4,52,2.2,21.9,0.133,0.0
1984-04-17,16.1,39,1.99,19.7,0.133,0.3
1984-04-18,13.4,50,1.68,17.2,0.135,1.9
1984-04-19,12.6,63,1.23,15.7,0.193,6.7
1984-04-20,13.2,49,1.6,15.7,0.205,0.0
1984-04-21,15.7,43,2.09,17.2,0.188,0.0
1984-04-22,18.2,52,2.5,19.7,0.174,0.0
1984-04-23,20.9,52,2.99,22.0,0.162,0.0
1984-04-24,18.3,44,2.42,21.0,0.152,0.0
1984-04-25,13.6,22,1.63,17.5,0.145,0.0
1984-04-26,12.2,35,1.65,16.5,0.141,0.0
1984-04-27,12.7,44,1.76,16.6,0.139,0.0
1984-04-28,15.1,43,2.2,17.9,0.136,0.0
1984-04-29,16.8,38,2.39,19.3,0.133,0.0
1984-04-30,15.9,43,2.27,19.4,0.131,0.0
1984-05-01,16.3,59,1.82,18.9,0.132,0.3
1984-05-02,18.3,53,2.16,20.7,0.132,0.0
1984-05-03,20.4,48,2.73,22.5,0.13,0.0
1984-05-04,18.7,46,2.43,21.9,0.129,0.0
1984-05-05,17.5,41,2.57,21.1,0.128,0.0
1984-05-06,18.7,33,2.94,21.8,0.127,0.0
1984-05-07,21.6,33,3.62,23.8,0.127,0.0
1984-05-08,24.7,39,4.77,26.1,0.126,0.0
1984-05-09,24.8,36,4.3,26.9,0.125,0.0
1984-05-10,22.9,30,3.75,26.0,0.125,0.0
1984-05-11,23.6,44,3.31,26.5,0.125,0.0
1984-05-12,24.9,51,3.57,27.8,0.125,0.0
1984-05-13,26.1,42,4.01,28.7,0.124,0.0
1984-05-14,19.4,41,2.33,24.8,0.124,0.0
1984-05-15,15.7,45,1.95,21.0,0.124,0.0
1984-05-16,18.6,37,2.74,22.7,0.124,0.0
1984-05-17,20.7,34,3.08,24.1,0.124,0.0
1984-05-18,22.0,37,3.38,25.4,0.124,0.0
1984-05-19,24.8,39,4.03,27.6,0.124,0.0
1984-05-20,25.7,37,4.33,28.8,0.124,0.0
1984-05-21,24.6,33,3.87,28.1,0.124,0.0
1984-05-22,25.7,32,4.24,28.8,0.124,0.0
1984-05-23,27.5,36,4.66,29.8,0.124,0.0
1984-05-24,23.9,28,3.6,28.0,0.124,0.0
1984-05-25,24.2,34,3.8,27.8,0.124,0.0
1984-05-26,26.5,34,4.19,29.4,0.124,0.0
1984-05-27,27.7,34,4.66,30.6,0.124,0.0
1984-05-28,30.0,40,5.79,32.5,0.124,0.0
1984-05-29,30.8,35,5.71,33.0,0.124,0.0
1984-05-30,30.6,35,5.53,33.5,0.124,0.0
1984-05-31,28.2,37,4.48,32.5,0.125,0.0
1984-06-01,26.5,31,4.51,31.1,0.124,0.0
1984-06-02,25.5,31,4.57,30.3,0.124,0.0
1984-06-03,22.9,38,3.24,28.2,0.124,0.0
1984-06-04,18.5,55,1.52,22.9,0.125,1.4
1984-06-05,20.4,54,2.48,24.6,0.131,0.0
1984-06-06,19.9,44,2.61,24.7,0.128,0.0
1984-06-07,18.9,48,2.38,24.1,0.127,0.0
1984-06-08,21.2,41,3.07,25.4,0.126,0.0
1984-06-09,22.7,34,3.57,26.6,0.125,0.0
1984-06-10,21.8,32,3.11,26.1,0.125,0.0
1984-06-11,23.9,30,3.66,27.5,0.124,0.0
1984-06-12,22.0,39,3.2,27.4,0.124,0.0
1984-06-13,21.9,44,3.01,27.4,0.124,0.0
1984-06-14,23.4,44,3.11,28.2,0.124,0.0
1984-06-15,25.0,48,3.23,29.2,0.124,0.0
1984-06-16,27.6,43,4.06,31.2,0.124,0.0
1984-06-17,29.5,38,4.93,33.0,0.124,0.0
1984-06-18,29.0,37,5.13,33.1,0.124,0.0
1984-06-19,26.3,38,4.1,31.9,0.124,0.0
1984-06-20,22.8,41,3.41,29.3,0.124,0.0
1984-06-21,22.9,37,3.33,28.5,0.124,0.0
1984-06-22,26.1,33,4.21,30.3,0.124,0.0
1984-06-23,28.6,34,5.04,32.4,0.124,0.0
1984-06-24,29.3,33,4.84,33.5,0.124,0.0
1984-06-25,30.1,34,5.38,34.2,0.124,0.0
1984-06-26,29.7,32,5.32,33.7,0.124,0.0
1984-06-27,29.8,33,5.46,33.9,0.124,0.0
1984-06-28,30.7,34,5.61,34.3,0.124,0.0
1984-06-29,28.0,32,4.43,32.9,0.124,0.0
1984-06-30,27.2,36,4.44,32.3,0.124,0.0
1984-07-01,30.1,35,5.47,34.1,0.124,0.0
1984-07-02,33.3,30,6.33,36.3,0.124,0.0
1984-07-03,33.0,34,5.77,36.7,0.124,0.0
1984-07-04,32.7,32,5.97,36.8,0.124,0.0
1984-07-05,33.0,34,6.2,37.3,0.123,0.0
1984-07-06,33.6,35,6.21,37.8,0.123,0.0
1984-07-07,32.9,32,6.07,37.7,0.123,0.0
1984-07-08,31.5,26,5.98,36.4,0.123,0.0
1984-07-09,29.6,26,5.61,34.6,0.123,0.0
1984-07-10,29.7,32,5.55,34.7,0.123,0.0
1984-07-11,31.0,31,5.95,35.5,0.123,0.0
1984-07-12,31.7,30,5.92,36.1,0.123,0.0
1984-07-13,33.3,31,6.33,37.3,0.123,0.0
1984-07-14,34.2,32,6.66,37.9,0.123,0.0
1984-07-15,33.5,35,5.9,37.5,0.123,0.0
1984-07-16,33.5,43,4.99,38.0,0.123,0.0
1984-07-17,33.6,44,4.81,38.2,0.125,0.5
1984-07-18,33.2,45,4.94,38.2,0.127,0.6
1984-07-19,31.9,40,4.61,37.0,0.129,0.0
1984-07-20,31.3,33,4.88,36.6,0.126,0.0
1984-07-21,28.5,32,4.42,35.1,0.125,0.0
1984-07-22,24.6,42,3.23,32.0,0.124,0.0
1984-07-23,25.3,45,2.99,31.2,0.126,0.2
1984-07-24,26.8,45,3.61,32.5,0.126,0.0
1984-07-25,25.0,38,3.65,30.9,0.125,0.0
1984-07-26,28.0,33,4.68,32.6,0.124,0.0
1984-07-27,30.0,36,5.04,34.6,0.124,0.0
1984-07-28,29.0,33,4.82,34.3,0.124,0.0
1984-07-29,28.1,38,4.42,33.7,0.124,0.0
1984-07-30,30.2,34,5.22,34.7,0.124,0.0
1984-07-31,30.3,35,5.22,35.0,0.124,0.0
1984-08-01,29.5,32,5.1,34.5,0.124,0.0
1984-08-02,26.9,36,4.28,32.7,0.124,0.0
1984-08-03,25.9,39,4.19,31.5,0.124,0.0
1984-08-04,27.7,37,4.78,32.6,0.124,0.0
1984-08-05,28.0,35,4.78,32.7,0.124,0.0
1984-08-06,28.2,36,4.82,33.0,0.124,0.0
1984-08-07,30.1,35,5.69,34.3,0.124,0.0
1984-08-08,31.9,31,6.37,35.5,0.124,0.0
1984-08-09,32.4,29,6.27,36.3,0.123,0.0
1984-08-10,31.6,31,5.58,36.1,0.123,0.0
1984-08-11,30.0,39,4.69,35.1,0.123,0.0
1984-08-12,28.8,40,4.12,33.1,0.123,0.0
1984-08-13,30.2,33,5.31,34.3,0.123,0.0
1984-08-14,30.1,31,5.31,34.7,0.123,0.0
1984-08-15,28.5,40,3.23,32.7,0.127,0.2
1984-08-16,28.7,37,4.41,33.2,0.127,0.0
1984-08-17,30.4,36,5.04,34.4,0.126,0.0
1984-08-18,31.4,31,5.64,35.2,0.125,0.0
1984-08-19,30.1,30,5.3,35.0,0.124,0.0
1984-08-20,27.8,33,4.38,33.5,0.124,0.0
1984-08-21,28.6,36,4.47,33.7,0.124,0.0
1984-08-22,29.8,36,4.56,34.6,0.124,0.0
1984-08-23,29.4,36,4.57,34.3,0.124,0.0
1984-08-24,27.2,31,4.44,32.7,0.124,0.0
1984-08-25,26.1,36,4.01,31.8,0.124,0.0
1984-08-26,26.8,43,3.75,32.0,0.124,0.0
1984-08-27,28.9,42,4.61,33.3,0.124,0.0
1984-08-28,30.3,42,4.61,34.5,0.123,0.0
1984-08-29,30.9,40,4.87,34.9,0.123,0.0
1984-08-30,28.6,34,4.17,33.2,0.123,0.0
1984-08-31,24.2,43,3.36,29.7,0.123,0.0
1984-09-01,25.7,37,3.86,30.3,0.124,0.0
1984-09-02,27.9,38,4.98,31.6,0.124,0.0
1984-09-03,29.0,39,4.77,32.9,0.123,0.0
1984-09-04,30.6,38,5.63,34.2,0.123,0.0
1984-09-05,31.5,35,5.29,34.8,0.123,0.0
1984-09-06,28.2,34,4.3,32.9,0.123,0.0
1984-09-07,27.1,36,4.25,31.8,0.123,0.0
1984-09-08,29.6,36,5.47,32.9,0.123,0.0
1984-09-09,31.1,34,5.55,34.1,0.123,0.0
1984-09-10,30.1,40,4.82,34.1,0.123,0.0
1984-09-11,27.2,55,3.15,31.8,0.125,0.7
1984-09-12,28.0,47,3.42,31.9,0.131,0.0
1984-09-13,29.2,40,3.95,32.8,0.128,0.0
1984-09-14,30.1,38,5.03,33.2,0.126,0.0
1984-09-15,28.5,34,4.61,32.5,0.125,0.0
1984-09-16,29.8,37,5.05,33.3,0.125,0.0
1984-09-17,31.3,35,5.8,34.3,0.124,0.0
1984-09-18,31.8,38,5.77,34.8,0.124,0.0
1984-09-19,30.2,41,4.76,33.5,0.128,1.4
1984-09-20,26.7,45,3.29,31.4,0.131,0.0
1984-09-21,23.6,50,2.84,28.7,0.129,0.0
1984-09-22,24.5,39,3.57,28.6,0.127,0.0
1984-09-23,22.9,48,2.63,27.6,0.126,0.0
1984-09-24,21.2,34,2.96,26.0,0.125,0.0
1984-09-25,22.3,29,3.61,26.2,0.125,0.0
1984-09-26,24.3,32,4.15,27.4,0.125,0.0
1984-09-27,25.6,32,4.5,28.1,0.124,0.0
1984-09-28,25.2,34,4.36,28.3,0.124,0.0
1984-09-29,24.8,34,4.21,28.1,0.124,0.0
1984-09-30,20.8,48,1.93,25.1,0.124,0.0
1984-10-01,18.4,50,2.09,23.1,0.124,0.0
1984-10-02,19.5,47,2.33,23.8,0.124,0.0
1984-10-03,21.0,47,2.39,24.7,0.124,0.0
1984-10-04,20.9,51,2.41,24.7,0.124,0.0
1984-10-05,20.4,55,2.36,24.4,0.124,0.0
1984-10-06,21.5,47,2.79,24.8,0.124,0.0
1984-10-07,23.2,48,3.4,25.8,0.124,0.0
1984-10-08,23.2,48,3.09,26.0,0.124,0.0
1984-10-09,21.3,59,2.48,25.2,0.124,0.0
1984-10-10,21.4,47,2.77,24.7,0.124,0.0
1984-10-11,17.6,65,1.24,20.9,0.229,10.1
1984-10-12,16.4,51,1.91,19.7,0.24,0.0
1984-10-13,18.8,64,1.77,20.8,0.218,0.0
1984-10-14,17.1,46,1.85,20.0,0.201,0.0
1984-10-15,14.5,36,1.71,17.7,0.186,0.0
1984-10-16,12.0,53,1.22,13.8,0.199,10.3
1984-10-17,12.1,66,1.2,14.9,0.279,1.2
1984-10-18,11.9,52,1.36,14.6,0.251,0.0
1984-10-19,13.9,60,1.05,16.5,0.231,0.0
1984-10-20,14.1,64,1.17,16.0,0.218,0.0
1984-10-21,13.6,63,1.1,15.4,0.207,0.0
1984-10-22,14.3,62,1.45,15.9,0.198,0.0
1984-10-23,15.4,59,1.74,16.9,0.187,0.0
1984-10-24,15.7,58,1.75,17.1,0.179,0.0
1984-10-25,16.6,54,2.31,18.1,0.171,0.0
1984-10-26,16.7,57,2.03,18.7,0.164,0.0
1984-10-27,13.7,51,1.45,17.1,0.158,0.0
1984-10-28,13.1,48,1.77,15.8,0.153,0.0
1984-10-29,16.5,57,1.53,18.1,0.149,0.0
1984-10-30,16.2,68,1.42,18.4,0.147,0.0
1984-10-31,13.7,61,1.4,16.7,0.144,0.0
1984-11-01,14.7,53,2.12,16.5,0.142,0.0
1984-11-02,17.2,43,3.0,18.1,0.139,0.0
1984-11-03,16.4,61,1.68,18.5,0.139,0.1
1984-11-04,14.1,55,1.73,16.9,0.137,0.0
1984-11-05,16.8,48,2.31,17.4,0.135,0.0
1984-11-06,15.5,63,1.41,17.3,0.159,2.6
1984-11-07,14.9,58,1.48,17.3,0.164,0.9
1984-11-08,11.7,82,0.74,15.0,0.338,22.0
1984-11-09,10.7,66,1.13,13.0,0.313,0.0
1984-11-10,11.4,63,1.12,12.1,0.282,0.0
1984-11-11,13.4,62,1.72,13.5,0.263,0.0
1984-11-12,14.5,67,1.7,14.9,0.249,2.9
1984-11-13,12.4,84,0.57,14.1,0.372,17.9
1984-11-14,11.1,78,0.73,12.8,0.329,0.0
1984-11-15,11.3,73,1.1,12.0,0.306,1.9
1984-11-16,11.1,89,0.32,12.4,0.376,10.9
1984-11-17,9.7,89,0.45,11.8,0.347,0.0
1984-11-18,11.4,80,0.76,12.5,0.35,2.9
1984-11-19,10.4,80,0.73,12.0,0.325,0.0
1984-11-20,10.8,79,1.06,11.9,0.315,4.0
1984-11-21,8.3,91,0.19,11.0,0.382,10.6
1984-11-22,7.2,86,0.42,9.5,0.373,0.5
1984-11-23,7.8,84,0.58,9.2,0.346,0.0
1984-11-24,9.4,85,0.26,10.1,0.39,16.9
1984-11-25,6.7,79,0.61,8.5,0.379,0.0
1984-11-26,6.7,71,0.74,8.1,0.36,0.0
1984-11-27,9.7,64,0.89,9.5,0.36,15.8
1984-11-28,10.4,86,0.53,11.1,0.403,5.3
1984-11-29,8.3,81,0.58,10.0,0.376,0.0
1984-11-30,8.1,82,0.59,9.6,0.361,0.0
1984-12-01,8.1,86,0.53,9.1,0.35,0.0
1984-12-02,8.6,81,0.71,9.1,0.35,5.5
1984-12-03,9.2,84,0.45,10.4,0.409,9.4
1984-12-04,7.9,86,0.5,9.7,0.377,0.0
1984-12-05,10.4,83,0.59,10.6,0.386,4.2
1984-12-06,10.5,80,0.62,10.9,0.372,0.0
1984-12-07,10.2,83,0.71,10.1,0.357,0.0
1984-12-08,11.6,80,0.88,11.4,0.347,0.0
1984-12-09,12.0,78,0.9,11.4,0.341,1.9
1984-12-10,11.7,88,0.44,12.1,0.394,15.1
1984-12-11,10.5,86,0.58,11.6,0.391,1.1
1984-12-12,8.9,78,0.51,10.1,0.373,0.7
1984-12-13,7.9,48,0.8,8.9,0.359,0.0
1984-12-14,5.9,60,0.7,6.8,0.346,0.0
1984-12-15,5.2,75,0.59,5.9,0.364,16.4
1984-12-16,4.8,81,0.5,6.4,0.401,2.3
1984-12-17,4.0,71,0.76,5.2,0.377,0.0
1984-12-18,3.4,83,0.29,4.4,0.384,6.5
1984-12-19,5.0,90,0.3,5.5,0.395,4.1
1984-12-20,6.0,85,0.44,6.8,0.406,3.6
1984-12-21,5.6,82,0.48,6.1,0.381,0.0
1984-12-22,5.0,85,0.5,5.9,0.368,0.0
1984-12-23,4.4,89,0.43,5.7,0.359,0.0
1984-12-24,4.2,92,0.34,5.6,0.352,0.0
1984-12-25,5.9,84,0.7,6.7,0.345,0.0
1984-12-26,6.9,83,0.46,6.9,0.34,0.0
1984-12-27,6.6,86,0.46,7.3,0.337,0.0
1984-12-28,7.2,84,0.48,7.4,0.332,0.0
1984-12-29,5.7,84,0.5,7.2,0.327,0.0
1984-12-30,5.7,84,0.52,6.3,0.323,0.0
1984-12-31,4.6,92,0.22,6.3,0.319,0.0
1985-01-01,5.1,86,0.54,6.2,0.316,0.0
1985-01-02,6.1,84,0.74,6.4,0.312,0.0
1985-01-03,6.6,82,0.82,6.7,0.308,0.0
1985-01-04,7.0,80,0.84,7.2,0.304,0.0
1985-01-05,7.2,85,0.56,7.4,0.3,0.0
1985-01-06,9.2,83,0.47,8.8,0.299,0.0
1985-01-07,9.2,90,0.22,9.3,0.339,10.2
1985-01-08,7.3,86,0.43,7.9,0.369,0.0
1985-01-09,7.5,82,0.52,7.8,0.348,0.9
1985-01-10,6.9,88,0.48,7.8,0.351,0.5
1985-01-11,6.0,89,0.44,7.1,0.338,0.0
1985-01-12,6.3,83,0.58,7.1,0.329,0.0
1985-01-13,5.6,79,0.64,6.7,0.322,0.0
1985-01-14,5.6,86,0.49,6.3,0.316,0.0
1985-01-15,5.2,87,0.52,6.8,0.312,0.0
1985-01-16,7.5,81,0.76,7.5,0.307,0.0
1985-01-17,8.1,81,0.79,8.2,0.303,0.0
1985-01-18,8.0,88,0.53,8.2,0.298,0.0
1985-01-19,7.2,89,0.5,8.0,0.295,0.0
1985-01-20,7.8,87,0.67,8.9,0.292,0.0
1985-01-21,7.0,91,0.36,8.6,0.289,0.0
1985-01-22,7.3,87,0.51,8.8,0.286,0.0
1985-01-23,7.1,87,0.5,8.7,0.283,0.0
1985-01-24,7.6,82,0.73,8.4,0.28,0.0
1985-01-25,7.9,77,0.78,8.0,0.277,0.2
1985-01-26,8.4,81,0.51,9.1,0.279,0.3
1985-01-27,6.8,83,0.54,8.0,0.279,0.0
1985-01-28,6.5,86,0.31,7.1,0.291,3.0
1985-01-29,4.9,85,0.47,6.7,0.308,0.0
1985-01-30,5.3,75,0.61,6.6,0.298,0.0
1985-01-31,3.6,69,0.58,5.4,0.289,0.0
1985-02-01,3.2,70,0.6,5.1,0.282,0.0
1985-02-02,4.8,75,0.48,5.9,0.313,3.4
1985-02-03,3.9,76,0.57,5.0,0.306,0.1
1985-02-04,4.3,73,0.54,4.5,0.298,0.0
1985-02-05,3.6,72,0.59,4.1,0.291,0.0
1985-02-06,4.9,67,0.72,4.6,0.284,0.0
1985-02-07,6.1,78,0.51,5.5,0.28,0.3
1985-02-08,8.3,90,0.27,7.4,0.377,28.9
1985-02-09,6.9,75,0.78,7.3,0.376,0.0
1985-02-10,5.9,74,0.73,7.1,0.356,0.0
1985-02-11,8.0,75,0.9,7.6,0.345,0.0
1985-02-12,8.9,79,0.92,8.7,0.335,0.0
1985-02-13,10.8,84,0.77,10.0,0.327,0.0
1985-02-14,11.9,84,1.15,11.3,0.319,0.0
1985-02-15,11.9,83,1.02,11.8,0.312,0.0
1985-02-16,12.0,85,0.84,11.9,0.305,0.0
1985-02-17,12.8,83,0.97,12.5,0.299,0.0
1985-02-18,12.7,82,1.05,12.8,0.293,0.0
1985-02-19,13.8,79,1.17,13.7,0.286,0.0
1985-02-20,11.0,57,1.14,12.1,0.279,0.0
1985-02-21,9.1,54,1.01,10.4,0.271,0.0
1985-02-22,10.9,65,1.23,11.1,0.264,0.0
1985-02-23,12.5,72,1.45,12.5,0.257,0.0
1985-02-24,13.9,73,1.33,13.5,0.251,0.0
1985-02-25,13.6,77,1.13,13.8,0.244,0.0
1985-02-26,14.0,74,1.38,14.3,0.238,0.0
1985-02-27,14.9,67,1.57,14.8,0.232,0.0
1985-02-28,14.3,64,1.57,14.7,0.225,0.0
1985-03-01,13.6,63,1.97,14.1,0.217,0.0
1985-03-02,7.3,72,0.49,10.7,0.251,6.4
1985-03-03,7.3,57,0.88,9.0,0.267,0.0
1985-03-04,7.6,67,0.82,9.4,0.255,0.0
1985-03-05,8.9,64,1.1,10.5,0.25,2.2
1985-03-06,8.2,70,0.91,9.9,0.28,4.8
1985-03-07,8.7,72,0.87,10.8,0.342,8.5
1985-03-08,9.7,63,1.26,10.4,0.315,0.0
1985-03-09,12.1,69,1.4,12.1,0.292,0.1
1985-03-10,12.7,68,0.94,12.7,0.29,2.5
1985-03-11,10.8,80,0.68,12.2,0.305,3.1
1985-03-12,11.1,74,0.98,11.8,0.307,0.0
1985-03-13,12.0,73,1.24,12.7,0.288,0.0
1985-03-14,13.4,67,1.49,13.6,0.27,0.0
1985-03-15,13.4,73,1.34,14.3,0.256,0.0
1985-03-16,13.9,73,1.26,14.8,0.243,0.0
1985-03-17,14.0,67,1.59,14.9,0.232,0.8
1985-03-18,10.1,80,0.6,12.2,0.301,8.1
1985-03-19,11.9,75,0.93,13.0,0.31,0.0
1985-03-20,13.8,75,1.25,14.4,0.286,0.0
1985-03-21,12.5,59,1.27,14.1,0.266,0.0
1985-03-22,11.4,54,1.4,13.1,0.247,0.0
1985-03-23,14.0,60,1.62,14.4,0.232,0.0
1985-03-24,13.9,64,1.61,15.3,0.219,0.0
1985-03-25,10.4,45,1.21,13.5,0.209,0.1
1985-03-26,7.7,66,0.91,9.9,0.23,14.0
1985-03-27,10.2,86,0.63,11.9,0.39,15.9
1985-03-28,9.4,70,0.92,11.6,0.376,5.0
1985-03-29,10.0,59,1.24,11.6,0.333,0.0
1985-03-30,11.2,62,1.17,12.2,0.309,0.0
1985-03-31,13.9,70,1.35,14.6,0.291,0.0
1985-04-01,17.1,69,2.11,16.9,0.275,0.0
1985-04-02,19.4,66,2.65,18.6,0.259,0.0
1985-04-03,19.7,65,2.57,19.4,0.244,0.0
1985-04-04,19.7,68,2.0,19.9,0.23,0.0
1985-04-05,20.6,64,2.62,20.8,0.217,0.0
1985-04-06,20.5,68,2.18,21.3,0.206,0.0
1985-04-07,19.5,68,2.16,21.0,0.195,0.0
1985-04-08,21.0,65,2.6,21.8,0.186,0.0
1985-04-09,21.6,66,2.45,22.6,0.177,0.0
1985-04-10,19.8,56,2.32,21.9,0.17,0.0
1985-04-11,18.6,60,2.02,21.1,0.163,0.0
1985-04-12,19.6,59,2.46,21.5,0.157,0.0
1985-04-13,22.6,56,3.15,23.2,0.152,0.0
1985-04-14,24.7,51,4.46,24.3,0.146,0.0
1985-04-15,22.0,42,3.02,23.3,0.142,0.0
1985-04-16,17.8,60,2.08,21.5,0.141,2.1
1985-04-17,14.4,75,1.01,18.9,0.208,8.2
1985-04-18,14.8,62,1.49,17.5,0.238,0.0
1985-04-19,14.6,57,1.54,17.4,0.219,0.0
1985-04-20,10.0,58,0.75,13.3,0.206,0.6
1985-04-21,12.9,61,1.06,14.6,0.203,0.0
1985-04-22,15.6,60,1.68,17.4,0.192,0.0
1985-04-23,18.3,54,2.69,19.2,0.179,0.0
1985-04-24,18.6,35,2.88,20.0,0.166,0.0
1985-04-25,16.2,30,2.03,18.7,0.156,0.0
1985-04-26,15.8,30,2.36,18.7,0.149,0.0
1985-04-27,18.5,38,3.18,20.6,0.143,0.0
1985-04-28,21.0,39,3.6,22.7,0.137,0.0
1985-04-29,20.8,46,2.82,23.4,0.134,0.0
1985-04-30,21.9,45,3.06,24.5,0.132,0.0
1985-05-01,23.7,47,3.51,26.0,0.13,0.0
1985-05-02,21.9,40,2.4,24.3,0.129,0.0
1985-05-03,19.4,47,2.52,23.1,0.128,0.0
1985-05-04,19.0,37,2.87,22.7,0.128,0.0
1985-05-05,20.5,41,3.1,24.1,0.127,0.0
1985-05-06,19.7,41,2.64,23.7,0.127,0.0
1985-05-07,17.9,48,2.19,22.6,0.126,0.0
1985-05-08,19.0,37,2.33,23.1,0.126,0.1
1985-05-09,19.5,33,2.56,23.6,0.126,0.2
1985-05-10,16.3,40,1.78,21.2,0.129,0.0
1985-05-11,16.7,46,1.93,21.2,0.128,0.0
1985-05-12,18.7,40,2.69,22.5,0.127,0.0
1985-05-13,22.1,38,3.37,24.6,0.126,0.0
1985-05-14,23.8,38,4.08,26.6,0.125,0.0
1985-05-15,24.1,36,3.95,27.4,0.125,0.0
1985-05-16,21.7,36,3.22,26.5,0.125,0.0
1985-05-17,19.7,47,2.42,24.9,0.124,0.0
1985-05-18,20.2,43,2.77,24.9,0.124,0.0
1985-05-19,21.4,43,3.15,25.5,0.124,0.0
1985-05-20,22.3,39,3.45,26.0,0.124,0.0
1985-05-21,22.8,38,3.47,26.9,0.124,0.0
1985-05-22,25.5,36,3.84,28.6,0.124,0.0
1985-05-23,25.6,44,3.83,29.3,0.124,0.0
1985-05-24,24.4,44,3.43,29.0,0.124,0.0
1985-05-25,23.0,43,3.02,28.1,0.124,0.0
1985-05-26,20.5,49,2.34,26.8,0.124,0.0
1985-05-27,19.5,50,2.39,25.8,0.124,0.0
1985-05-28,18.6,49,2.34,24.4,0.124,0.0
1985-05-29,18.3,42,2.67,23.4,0.124,0.0
1985-05-30,19.6,34,2.95,24.6,0.124,0.0
1985-05-31,19.0,43,2.31,24.7,0.124,0.0
1985-06-01,17.6,42,2.41,23.3,0.124,0.0
1985-06-02,15.9,52,1.18,20.7,0.129,1.6
1985-06-03,19.1,52,2.4,23.3,0.134,0.0
1985-06-04,22.7,54,2.74,26.2,0.131,0.0
1985-06-05,25.8,43,3.78,28.8,0.128,0.0
1985-06-06,26.9,42,4.41,30.0,0.126,0.0
1985-06-07,27.9,43,4.51,31.1,0.125,0.0
1985-06-08,28.3,39,5.36,31.7,0.125,0.0
1985-06-09,28.2,36,5.06,31.8,0.124,0.0
1985-06-10,28.4,36,5.04,32.1,0.124,0.0
1985-06-11,29.7,36,5.15,33.0,0.124,0.0
1985-06-12,30.2,38,5.31,34.1,0.124,0.0
1985-06-13,29.4,39,4.88,33.9,0.124,0.0
1985-06-14,29.3,35,5.29,33.2,0.124,0.0
1985-06-15,30.2,36,5.27,34.1,0.124,0.0
1985-06-16,31.6,41,5.48,35.6,0.124,0.0
1985-06-17,30.7,40,4.75,35.5,0.124,0.0
1985-06-18,30.1,39,5.07,34.9,0.124,0.0
1985-06-19,29.5,40,4.47,34.8,0.124,0.0
1985-06-20,27.2,44,3.63,33.3,0.124,0.0
1985-06-21,27.4,46,3.71,32.9,0.124,0.0
1985-06-22,27.0,44,3.72,32.8,0.124,0.0
1985-06-23,27.2,45,4.03,32.7,0.124,0.0
1985-06-24,26.1,46,3.23,31.9,0.125,0.2
1985-06-25,24.9,37,3.72,30.6,0.125,0.0
1985-06-26,27.7,28,4.93,32.2,0.124,0.0
1985-06-27,29.8,32,6.06,33.9,0.124,0.0
1985-06-28,30.3,28,6.23,33.9,0.124,0.0
1985-06-29,27.5,30,3.99,32.4,0.124,0.0
1985-06-30,27.4,31,5.08,32.2,0.124,0.0
1985-07-01,29.5,30,5.74,33.9,0.124,0.0
1985-07-02,30.7,30,6.21,34.0,0.124,0.0
1985-07-03,30.5,26,5.97,34.5,0.124,0.0
1985-07-04,30.8,28,5.89,34.8,0.124,0.0
1985-07-05,31.0,33,5.28,34.9,0.124,0.0
1985-07-06,31.5,32,5.86,35.3,0.124,0.0
1985-07-07,30.0,30,5.16,34.6,0.124,0.0
1985-07-08,31.2,31,5.59,35.5,0.124,0.0
1985-07-09,32.5,27,6.08,36.4,0.124,0.0
1985-07-10,32.0,25,5.56,36.3,0.124,0.0
1985-07-11,31.0,35,5.3,36.1,0.124,0.0
1985-07-12,29.6,39,4.86,35.1,0.124,0.0
1985-07-13,28.5,40,4.68,34.4,0.124,0.0
1985-07-14,30.5,38,5.26,35.5,0.124,0.0
1985-07-15,30.0,38,4.9,35.0,0.123,0.0
1985-07-16,30.7,39,5.18,35.8,0.123,0.0
1985-07-17,30.5,37,4.9,35.9,0.123,0.0
1985-07-18,29.5,39,4.51,35.4,0.123,0.0
1985-07-19,29.3,40,4.13,34.8,0.123,0.0
1985-07-20,29.4,37,4.1,34.4,0.124,0.0
1985-07-21,28.9,38,4.16,34.4,0.124,0.0
1985-07-22,28.4,43,4.22,34.0,0.124,0.0
1985-07-23,28.3,41,4.29,33.8,0.124,0.0
1985-07-24,30.8,40,5.0,35.4,0.124,0.0
1985-07-25,31.7,40,4.96,36.3,0.124,0.0
1985-07-26,30.9,41,4.81,36.2,0.124,0.0
1985-07-27,31.1,40,5.02,36.4,0.124,0.0
1985-07-28,30.1,37,4.77,35.7,0.123,0.0
1985-07-29,25.2,39,3.75,32.4,0.123,0.0
1985-07-30,23.7,46,3.41,30.5,0.124,0.0
1985-07-31,22.7,48,2.81,29.3,0.124,0.0
1985-08-01,23.7,42,3.29,29.4,0.124,0.0
1985-08-02,25.2,41,3.75,30.4,0.124,0.0
1985-08-03,28.1,35,4.7,32.3,0.124,0.0
1985-08-04,28.5,35,4.68,33.3,0.124,0.0
1985-08-05,28.1,33,4.92,33.2,0.124,0.0
1985-08-06,26.9,37,4.33,32.5,0.124,0.0
1985-08-07,27.5,37,4.49,32.6,0.124,0.0
1985-08-08,27.2,36,4.39,32.5,0.124,0.0
1985-08-09,27.3,33,4.33,32.5,0.124,0.0
1985-08-10,27.8,37,4.55,33.0,0.124,0.0
1985-08-11,25.8,39,3.59,31.7,0.124,0.0
1985-08-12,25.7,42,3.59,31.4,0.124,0.0
1985-08-13,25.0,43,3.47,30.8,0.124,0.0
1985-08-14,25.2,41,3.53,30.8,0.124,0.0
1985-08-15,25.9,39,3.78,31.3,0.124,0.0
1985-08-16,26.2,42,3.74,31.4,0.124,0.0
1985-08-17,25.0,43,3.13,30.8,0.124,0.0
1985-08-18,24.8,47,3.17,30.4,0.124,0.0
1985-08-19,24.7,45,3.29,30.1,0.124,0.0
1985-08-20,25.3,42,3.63,30.5,0.124,0.0
1985-08-21,25.6,40,3.69,30.6,0.124,0.0
1985-08-22,25.9,40,4.07,30.7,0.124,0.0
1985-08-23,26.6,35,4.46,31.0,0.124,0.0
1985-08-24,27.7,32,5.16,31.6,0.124,0.0
1985-08-25,28.2,32,4.95,32.1,0.124,0.0
1985-08-26,28.4,38,4.7,32.4,0.124,0.0
1985-08-27,28.1,38,4.81,32.3,0.124,0.0
1985-08-28,28.2,37,4.49,32.7,0.124,0.0
1985-08-29,28.4,36,4.59,32.6,0.124,0.0
1985-08-30,28.2,30,4.7,32.4,0.124,0.0
1985-08-31,28.8,29,4.85,32.7,0.123,0.0
1985-09-01,27.4,29,4.51,31.9,0.123,0.0
1985-09-02,22.9,46,2.72,29.0,0.124,0.0
1985-09-03,20.2,61,1.82,26.2,0.136,6.2
1985-09-04,20.1,67,1.58,24.0,0.182,0.0
1985-09-05,21.6,56,2.15,25.5,0.173,0.0
1985-09-06,22.0,63,1.66,25.5,0.162,0.0
1985-09-07,22.9,56,2.5,26.5,0.155,0.0
1985-09-08,21.0,55,2.25,25.1,0.148,0.1
1985-09-09,18.8,51,1.87,23.5,0.145,0.1
1985-09-10,18.2,48,1.95,22.8,0.14,0.0
1985-09-11,17.7,52,1.92,22.4,0.142,0.7
1985-09-12,19.4,46,2.72,23.2,0.139,0.0
1985-09-13,22.2,42,3.25,25.6,0.135,0.0
1985-09-14,22.9,45,3.11,26.4,0.131,0.0
1985-09-15,21.8,44,2.87,26.1,0.129,0.0
1985-09-16,21.5,43,2.87,26.0,0.128,0.0
1985-09-17,21.8,46,2.7,26.4,0.127,0.0
1985-09-18,19.1,57,1.54,24.0,0.126,0.0
1985-09-19,20.9,51,2.5,25.2,0.126,0.0
1985-09-20,22.1,43,3.08,25.4,0.126,0.0
1985-09-21,23.4,39,3.49,26.6,0.125,0.0
1985-09-22,24.3,42,3.53,27.2,0.125,0.0
1985-09-23,25.7,43,3.8,28.3,0.125,0.0
1985-09-24,26.2,44,4.06,29.2,0.124,0.0
1985-09-25,26.2,46,4.03,29.2,0.124,0.0
1985-09-26,25.1,42,3.28,28.9,0.124,0.0
1985-09-27,23.1,54,2.4,27.5,0.124,0.0
1985-09-28,21.8,49,2.45,26.3,0.124,0.0
1985-09-29,21.5,53,2.46,25.8,0.124,0.0
1985-09-30,20.4,53,2.18,25.2,0.124,0.0
1985-10-01,21.2,49,2.66,25.1,0.124,0.0
1985-10-02,22.5,50,2.9,25.8,0.124,0.0
1985-10-03,24.3,47,4.13,27.1,0.124,0.0
1985-10-04,25.8,42,4.34,28.1,0.124,0.0
1985-10-05,26.2,41,4.2,28.6,0.124,0.0
1985-10-06,23.7,46,2.9,27.2,0.125,0.1
1985-10-07,19.8,60,1.85,23.9,0.136,0.9
1985-10-08,16.8,49,1.81,22.0,0.135,0.0
1985-10-09,15.0,53,1.61,19.8,0.149,2.1
1985-10-10,16.8,32,2.42,19.7,0.148,0.0
1985-10-11,18.2,33,2.67,20.2,0.142,0.0
1985-10-12,17.4,49,2.0,20.5,0.139,0.0
1985-10-13,17.8,45,2.19,20.5,0.135,0.0
1985-10-14,17.8,34,2.66,20.6,0.133,0.0
1985-10-15,18.4,34,3.32,20.7,0.131,0.0
1985-10-16,19.2,34,3.2,21.1,0.129,0.0
1985-10-17,19.1,40,2.78,21.5,0.128,0.0
1985-10-18,19.1,47,2.48,21.4,0.127,0.0
1985-10-19,18.9,54,2.38,21.9,0.127,0.0
1985-10-20,18.7,55,2.43,21.7,0.126,0.0
1985-10-21,14.2,65,1.03,17.8,0.252,15.3
1985-10-22,12.8,58,1.46,15.9,0.275,0.0
1985-10-23,15.4,66,1.27,17.0,0.248,0.0
1985-10-24,17.1,75,1.57,18.6,0.229,0.0
1985-10-25,17.4,72,1.68,19.1,0.213,0.0
1985-10-26,17.4,68,1.73,18.9,0.2,0.0
1985-10-27,18.6,65,2.18,19.7,0.189,0.0
1985-10-28,18.1,64,1.9,20.2,0.179,0.0
1985-10-29,16.3,64,1.76,19.0,0.171,0.0
1985-10-30,14.5,64,1.31,17.4,0.165,0.0
1985-10-31,13.7,64,1.39,16.4,0.16,0.0
1985-11-01,14.3,57,1.66,16.5,0.156,0.0
1985-11-02,16.0,59,2.22,17.5,0.152,0.0
1985-11-03,17.7,56,2.33,18.0,0.148,0.0
1985-11-04,18.0,57,2.24,18.7,0.145,0.0
1985-11-05,15.9,62,1.62,18.0,0.142,0.0
1985-11-06,15.8,46,1.84,17.3,0.14,0.0
1985-11-07,16.5,54,1.98,17.6,0.138,0.0
1985-11-08,14.7,60,1.7,16.8,0.136,0.0
1985-11-09,11.1,52,1.26,14.6,0.135,0.0
1985-11-10,9.0,77,0.59,11.4,0.229,26.5
1985-11-11,6.1,87,0.43,10.3,0.365,8.7
1985-11-12,5.4,76,0.54,9.1,0.339,0.6
1985-11-13,5.7,70,0.69,8.1,0.306,0.0
1985-11-14,6.1,70,0.78,8.2,0.285,0.0
1985-11-15,8.1,70,0.87,9.0,0.271,0.0
1985-11-16,9.0,78,0.58,10.0,0.263,0.4
1985-11-17,9.1,79,0.6,10.3,0.259,0.2
1985-11-18,7.2,67,0.85,9.3,0.261,0.9
1985-11-19,5.9,54,0.89,7.7,0.252,0.0
1985-11-20,6.1,63,0.67,7.1,0.246,1.1
1985-11-21,7.2,71,0.72,8.8,0.247,0.0
1985-11-22,6.6,68,0.91,8.3,0.24,0.0
1985-11-23,9.3,64,0.92,9.4,0.235,0.6
1985-11-24,10.8,91,0.21,10.4,0.361,28.0
1985-11-25,12.3,91,0.22,12.0,0.412,18.8
1985-11-26,10.8,89,0.51,11.8,0.375,0.0
1985-11-27,10.5,84,0.63,11.1,0.357,0.0
1985-11-28,9.8,91,0.2,10.9,0.395,13.0
1985-11-29,9.7,91,0.29,10.5,0.409,16.8
1985-11-30,8.2,82,0.53,9.8,0.393,0.0
1985-12-01,8.5,79,0.42,9.0,0.377,2.0
1985-12-02,12.1,89,0.35,11.3,0.418,19.1
1985-12-03,12.5,87,0.71,12.6,0.392,0.0
1985-12-04,11.6,83,0.84,11.8,0.373,0.0
1985-12-05,11.1,86,0.54,11.6,0.378,3.1
1985-12-06,9.3,87,0.56,10.6,0.367,0.0
1985-12-07,9.6,87,0.44,9.9,0.358,1.6
1985-12-08,7.8,79,0.58,9.4,0.352,0.0
1985-12-09,6.1,80,0.47,7.7,0.342,0.0
1985-12-10,5.4,79,0.52,6.7,0.335,0.0
1985-12-11,2.9,71,0.6,5.0,0.329,0.0
1985-12-12,3.9,69,0.62,4.4,0.322,0.0
1985-12-13,4.1,75,0.6,4.3,0.317,0.0
1985-12-14,5.3,81,0.66,5.8,0.312,0.0
1985-12-15,5.7,86,0.51,6.1,0.308,0.0
1985-12-16,6.1,84,0.7,6.7,0.304,0.0
1985-12-17,8.0,79,0.77,7.3,0.3,0.0
1985-12-18,7.8,83,0.79,7.7,0.295,0.0
1985-12-19,7.8,86,0.83,8.1,0.291,0.0
1985-12-20,8.0,87,0.82,8.7,0.287,0.0
1985-12-21,8.2,88,0.79,9.0,0.283,0.0
1985-12-22,8.3,87,0.74,9.2,0.28,0.0
1985-12-23,8.0,87,0.69,9.0,0.276,0.0
1985-12-24,8.8,79,0.83,8.8,0.273,0.0
1985-12-25,9.4,82,0.95,9.2,0.269,0.0
1985-12-26,9.0,85,0.83,9.3,0.266,0.0
1985-12-27,8.4,87,0.71,9.3,0.263,0.0
1985-12-28,8.5,85,0.73,9.2,0.261,0.0
1985-12-29,11.0,87,0.5,10.7,0.301,10.3
1985-12-30,13.0,88,0.56,12.5,0.389,11.2
1985-12-31,11.5,90,0.45,11.8,0.35,0.0
1986-01-01,11.0,88,0.56,11.4,0.336,0.0
1986-01-02,10.1,89,0.46,10.9,0.327,0.0
1986-01-03,9.5,90,0.44,10.3,0.32,0.0
1986-01-04,12.7,89,0.4,11.7,0.371,12.1
1986-01-05,14.1,92,0.3,13.7,0.411,16.2
1986-01-06,11.5,90,0.41,12.3,0.381,0.0
1986-01-07,10.6,87,0.68,11.0,0.367,0.0
1986-01-08,10.5,79,1.01,10.9,0.357,0.0
1986-01-09,10.2,80,0.76,10.0,0.347,0.0
1986-01-10,9.6,87,0.81,10.1,0.34,0.0
1986-01-11,10.2,89,0.65,11.0,0.333,0.0
1986-01-12,10.2,86,0.76,10.7,0.327,0.0
1986-01-13,10.2,81,0.83,10.6,0.323,0.0
1986-01-14,10.0,81,0.87,10.2,0.319,0.3
1986-01-15,10.8,81,0.63,11.3,0.322,0.4
1986-01-16,12.3,77,0.88,12.4,0.315,0.0
1986-01-17,13.3,81,0.79,12.3,0.308,0.0
1986-01-18,12.2,94,0.39,12.6,0.304,0.0
1986-01-19,11.7,91,0.54,12.6,0.301,0.0
1986-01-20,11.3,82,0.7,12.4,0.296,0.0
1986-01-21,8.5,82,0.6,10.1,0.291,0.0
1986-01-22,8.9,80,0.64,9.3,0.288,0.0
1986-01-23,10.4,76,0.69,10.2,0.286,0.2
1986-01-24,8.6,79,0.7,10.0,0.281,0.0
1986-01-25,10.1,80,0.84,10.3,0.276,0.0
1986-01-26,10.7,85,0.98,11.1,0.272,0.0
1986-01-27,11.7,83,1.08,11.6,0.267,0.0
1986-01-28,13.5,73,1.7,12.6,0.262,0.0
1986-01-29,12.2,76,0.79,12.0,0.283,10.7
1986-01-30,14.0,86,0.78,13.3,0.406,18.1
1986-01-31,10.5,91,0.23,11.1,0.401,12.7
1986-02-01,10.1,86,0.6,11.0,0.399,2.5
1986-02-02,11.7,85,0.47,11.8,0.409,8.6
1986-02-03,9.3,89,0.41,10.7,0.399,3.2
1986-02-04,9.0,80,0.62,10.1,0.386,0.0
1986-02-05,8.6,82,0.53,9.1,0.37,0.0
1986-02-06,8.5,71,0.78,9.6,0.359,0.0
1986-02-07,7.0,65,0.74,8.0,0.348,0.0
1986-02-08,5.8,74,0.67,7.4,0.34,0.0
1986-02-09,5.8,73,0.68,7.4,0.332,0.0
1986-02-10,7.2,69,0.84,7.7,0.325,0.0
1986-02-11,7.6,73,0.64,7.8,0.319,0.0
1986-02-12,9.7,89,0.22,9.2,0.385,25.7
1986-02-13,13.7,86,0.58,12.2,0.422,19.1
1986-02-14,15.1,85,0.98,13.4,0.422,21.5
1986-02-15,12.6,87,0.36,12.5,0.426,22.9
1986-02-16,12.0,93,0.14,11.9,0.43,26.9
1986-02-17,14.0,89,0.36,12.7,0.428,46.0
1986-02-18,14.5,91,0.26,13.6,0.416,30.2
1986-02-19,13.7,86,0.57,13.6,0.425,22.3
1986-02-20,10.9,78,0.91,12.4,0.406,3.5
1986-02-21,10.7,76,0.89,11.8,0.388,0.0
1986-02-22,11.6,82,0.73,12.1,0.376,0.0
1986-02-23,12.6,85,0.69,13.1,0.367,0.0
1986-02-24,14.8,85,1.05,14.2,0.358,0.0
1986-02-25,15.5,89,0.87,15.4,0.35,0.0
1986-02-26,15.9,89,0.85,16.1,0.343,0.0
1986-02-27,16.2,87,1.04,16.5,0.337,0.0
1986-02-28,16.6,87,1.12,17.0,0.33,0.0
1986-03-01,16.8,87,0.84,17.0,0.324,0.0
1986-03-02,15.8,82,1.02,16.7,0.318,0.0
1986-03-03,16.1,82,0.96,16.8,0.31,0.0
1986-03-04,17.1,83,1.1,17.3,0.303,0.0
1986-03-05,17.7,83,1.18,17.7,0.297,0.0
1986-03-06,17.1,84,0.98,17.5,0.29,0.0
1986-03-07,16.1,83,1.16,17.0,0.296,7.8
1986-03-08,14.6,85,0.62,15.7,0.41,31.3
1986-03-09,10.9,80,0.8,13.0,0.411,8.0
1986-03-10,10.9,87,0.34,12.5,0.421,27.9
1986-03-11,11.2,82,0.82,13.0,0.404,2.0
1986-03-12,11.4,76,0.89,13.0,0.408,4.0
1986-03-13,9.3,87,0.28,10.6,0.416,14.9
1986-03-14,9.1,75,0.8,11.1,0.406,0.0
1986-03-15,7.9,86,0.21,9.0,0.414,30.2
1986-03-16,9.7,82,0.46,10.9,0.423,8.1
1986-03-17,10.2,75,0.9,11.3,0.401,0.2
1986-03-18,11.3,69,0.87,12.0,0.384,0.0
1986-03-19,12.6,73,1.25,13.0,0.37,0.0
1986-03-20,14.7,72,1.58,14.5,0.357,0.0
1986-03-21,14.9,75,1.39,15.1,0.346,0.0
1986-03-22,15.6,77,1.42,15.8,0.335,0.0
1986-03-23,16.1,80,1.2,16.0,0.326,0.0
1986-03-24,15.5,77,1.03,16.3,0.319,0.0
1986-03-25,14.6,71,1.18,16.0,0.308,0.0
1986-03-26,16.9,76,1.38,17.0,0.299,0.0
1986-03-27,19.9,75,2.08,18.6,0.29,0.0
1986-03-28,19.7,75,1.75,19.4,0.281,0.0
1986-03-29,19.6,79,1.25,20.2,0.273,0.0
1986-03-30,18.8,78,1.32,19.9,0.265,0.0
1986-03-31,18.7,78,1.4,19.7,0.261,4.9
1986-04-01,15.6,76,0.94,17.6,0.331,4.3
1986-04-02,11.9,51,1.23,14.7,0.314,0.0
1986-04-03,11.9,64,1.23,14.4,0.293,0.0
1986-04-04,13.9,62,1.33,14.8,0.278,0.0
1986-04-05,13.6,78,0.85,15.1,0.274,2.6
1986-04-06,13.6,81,0.96,15.8,0.307,3.2
1986-04-07,14.1,73,1.18,15.7,0.319,0.1
1986-04-08,14.7,70,1.26,15.9,0.302,0.0
1986-04-09,15.4,72,1.37,16.7,0.283,0.0
1986-04-10,17.1,75,1.32,18.1,0.268,0.0
1986-04-11,18.4,70,1.77,19.0,0.255,0.0
1986-04-12,14.1,56,1.33,16.6,0.242,0.0
1986-04-13,12.4,57,1.33,15.2,0.231,0.0
1986-04-14,15.4,56,1.93,16.7,0.221,0.0
1986-04-15,15.2,56,1.75,17.3,0.212,0.1
1986-04-16,11.7,65,1.08,15.0,0.209,0.3
1986-04-17,12.7,62,1.29,15.1,0.206,0.0
1986-04-18,14.7,56,1.58,16.5,0.198,0.0
1986-04-19,17.7,54,2.38,18.4,0.19,0.0
1986-04-20,20.2,57,2.72,20.5,0.182,0.0
1986-04-21,22.2,58,2.94,22.2,0.175,0.0
1986-04-22,20.8,67,2.4,22.2,0.174,2.2
1986-04-23,18.4,61,1.96,20.9,0.182,0.6
1986-04-24,16.3,54,1.7,19.4,0.176,0.0
1986-04-25,16.0,47,1.59,18.7,0.169,0.0
1986-04-26,16.2,45,2.1,18.5,0.163,0.0
1986-04-27,18.8,41,2.35,19.8,0.157,0.0
1986-04-28,20.1,53,2.4,21.6,0.152,0.0
1986-04-29,17.9,42,2.4,20.7,0.147,0.0
1986-04-30,18.6,41,2.77,20.9,0.143,0.0
1986-05-01,18.9,46,2.55,20.9,0.14,0.0
1986-05-02,19.6,52,2.58,22.1,0.138,0.0
1986-05-03,16.8,67,1.5,20.2,0.143,1.8
1986-05-04,14.7,55,1.6,18.5,0.156,0.0
1986-05-05,15.1,55,1.74,18.5,0.151,0.0
1986-05-06,12.5,56,1.37,17.0,0.151,1.2
1986-05-07,13.8,54,1.75,17.5,0.155,0.0
1986-05-08,17.0,50,1.97,19.3,0.149,0.0
1986-05-09,19.5,45,2.65,21.2,0.144,0.0
1986-05-10,19.4,47,2.43,21.7,0.139,0.0
1986-05-11,17.9,44,2.35,21.5,0.136,0.0
1986-05-12,19.7,42,2.75,22.3,0.133,0.0
1986-05-13,22.0,40,3.44,23.8,0.132,0.0
1986-05-14,22.0,45,2.8,24.3,0.131,0.0
1986-05-15,20.5,37,2.78,23.7,0.129,0.0
1986-05-16,22.3,42,3.11,24.6,0.129,0.0
1986-05-17,24.7,40,3.88,26.1,0.128,0.0
1986-05-18,26.2,41,4.63,27.7,0.127,0.0
1986-05-19,25.2,38,3.77,27.9,0.126,0.0
1986-05-20,21.9,44,2.68,26.2,0.126,0.0
1986-05-21,17.6,44,2.17,22.5,0.126,0.0
1986-05-22,18.3,34,2.65,22.7,0.126,0.0
1986-05-23,19.8,33,2.84,22.9,0.125,0.0
1986-05-24,21.0,36,3.17,24.4,0.125,0.0
1986-05-25,25.4,44,3.96,27.6,0.125,0.0
1986-05-26,26.6,45,4.02,28.8,0.125,0.0
1986-05-27,25.9,44,3.63,28.9,0.125,0.0
1986-05-28,25.4,41,3.68,28.9,0.124,0.0
1986-05-29,26.8,42,4.08,29.8,0.124,0.0
1986-05-30,27.1,39,4.2,30.0,0.124,0.0
1986-05-31,26.1,39,3.78,29.7,0.124,0.0
1986-06-01,25.4,46,3.45,29.5,0.124,0.0
1986-06-02,24.6,48,3.13,29.1,0.124,0.0
1986-06-03,22.9,45,3.12,27.9,0.124,0.0
1986-06-04,22.5,50,2.66,27.1,0.124,0.0
1986-06-05,21.8,51,2.7,26.8,0.124,0.0
1986-06-06,21.3,48,2.71,26.4,0.124,0.0
1986-06-07,21.5,42,3.06,26.1,0.124,0.0
1986-06-08,24.0,40,3.63,28.0,0.124,0.0
1986-06-09,26.5,39,4.26,29.6,0.124,0.0
1986-06-10,28.8,40,5.43,31.3,0.124,0.0
1986-06-11,27.9,46,4.16,31.7,0.124,0.0
1986-06-12,27.2,42,4.28,31.5,0.124,0.0
1986-06-13,27.2,41,4.2,31.7,0.124,0.0
1986-06-14,25.3,42,3.49,30.2,0.124,0.0
1986-06-15,23.9,46,3.25,29.2,0.124,0.0
1986-06-16,24.2,41,3.4,29.2,0.124,0.0
1986-06-17,25.3,47,3.34,29.8,0.124,0.0
1986-06-18,22.7,42,2.99,27.8,0.124,0.0
1986-06-19,23.8,30,3.95,28.1,0.124,0.0
1986-06-20,24.6,34,3.94,28.9,0.124,0.0
1986-06-21,25.7,41,4.04,29.9,0.124,0.0
1986-06-22,28.8,38,4.92,31.7,0.124,0.0
1986-06-23,29.8,38,4.9,33.2,0.124,0.0
1986-06-24,30.1,38,5.0,34.0,0.124,0.0
1986-06-25,29.5,41,4.73,33.9,0.124,0.0
1986-06-26,29.3,43,4.57,33.7,0.124,0.0
1986-06-27,28.9,46,4.74,33.3,0.124,0.0
1986-06-28,26.6,40,3.69,31.3,0.124,0.0
1986-06-29,26.1,38,4.06,30.9,0.124,0.0
1986-06-30,27.3,36,4.64,31.7,0.124,0.0
1986-07-01,29.5,32,5.4,33.1,0.124,0.0
1986-07-02,30.7,32,5.74,34.3,0.124,0.0
1986-07-03,30.3,34,5.26,34.5,0.124,0.0
1986-07-04,27.7,33,4.5,32.7,0.124,0.0
1986-07-05,26.7,41,3.61,32.4,0.124,0.0
1986-07-06,26.4,42,3.42,32.0,0.124,0.0
1986-07-07,26.8,42,3.71,32.0,0.124,0.0
1986-07-08,28.0,39,4.22,32.9,0.124,0.0
1986-07-09,28.1,35,4.36,33.0,0.124,0.0
1986-07-10,27.5,35,4.55,32.3,0.124,0.0
1986-07-11,29.4,40,4.62,33.4,0.124,0.0
1986-07-12,30.2,38,4.93,34.6,0.124,0.0
1986-07-13,29.8,36,4.92,34.2,0.124,0.0
1986-07-14,29.9,38,5.04,34.6,0.124,0.0
1986-07-15,29.4,32,4.86,34.5,0.124,0.0
1986-07-16,25.0,30,3.76,31.5,0.124,0.0
1986-07-17,23.8,38,3.53,30.5,0.124,0.0
1986-07-18,24.0,42,3.57,30.0,0.124,0.0
1986-07-19,26.4,35,4.36,31.1,0.124,0.0
1986-07-20,28.0,35,4.74,32.4,0.124,0.0
1986-07-21,30.0,37,5.01,33.3,0.124,0.0
1986-07-22,27.8,42,3.62,31.9,0.124,0.0
1986-07-23,27.1,52,3.27,32.0,0.125,0.1
1986-07-24,28.0,49,3.71,32.8,0.126,0.0
1986-07-25,26.0,51,3.08,32.0,0.125,0.0
1986-07-26,26.0,48,3.37,31.6,0.124,0.0
1986-07-27,26.3,41,3.87,31.7,0.124,0.0
1986-07-28,26.3,39,3.87,31.7,0.124,0.0
1986-07-29,27.3,37,4.43,32.0,0.124,0.0
1986-07-30,28.3,33,5.1,32.6,0.124,0.0
1986-07-31,29.5,31,5.27,33.4,0.124,0.0
1986-08-01,29.8,32,5.3,33.8,0.124,0.0
1986-08-02,30.0,33,5.47,34.2,0.124,0.0
1986-08-03,30.7,35,5.62,34.8,0.124,0.0
1986-08-04,31.2,35,5.66,35.3,0.124,0.0
1986-08-05,31.0,35,5.37,35.6,0.124,0.0
1986-08-06,29.8,36,5.02,34.9,0.124,0.0
1986-08-07,29.4,37,4.95,34.4,0.124,0.0
1986-08-08,28.9,38,4.65,33.9,0.124,0.0
1986-08-09,29.0,38,4.77,33.9,0.124,0.0
1986-08-10,29.7,38,4.76,34.5,0.124,0.0
1986-08-11,30.2,38,4.96,34.8,0.124,0.0
1986-08-12,30.2,37,5.23,34.8,0.124,0.0
1986-08-13,29.4,36,4.87,34.3,0.124,0.0
1986-08-14,28.9,39,4.4,34.0,0.124,0.0
1986-08-15,27.9,44,4.02,33.4,0.124,0.0
1986-08-16,26.6,46,3.64,32.3,0.124,0.0
1986-08-17,25.9,45,3.81,31.5,0.124,0.0
1986-08-18,27.2,44,4.14,31.7,0.124,0.0
1986-08-19,31.0,37,5.35,34.5,0.124,0.0
1986-08-20,30.9,37,5.02,34.8,0.124,0.0
1986-08-21,29.9,38,4.72,34.5,0.124,0.0
1986-08-22,28.3,38,4.45,33.1,0.124,0.0
1986-08-23,26.1,40,3.9,31.6,0.124,0.0
1986-08-24,27.8,39,4.52,32.3,0.124,0.0
1986-08-25,28.5,36,4.68,32.8,0.124,0.0
1986-08-26,28.7,36,4.98,32.9,0.124,0.0
1986-08-27,28.6,37,4.44,33.2,0.124,0.0
1986-08-28,27.6,45,3.95,32.5,0.124,0.0
1986-08-29,26.6,44,3.64,31.7,0.124,0.0
1986-08-30,26.1,39,3.87,31.1,0.124,0.0
1986-08-31,25.6,42,3.79,30.7,0.124,0.0
1986-09-01,27.7,41,4.09,31.9,0.124,0.0
1986-09-02,27.5,43,3.98,31.9,0.124,0.0
1986-09-03,27.3,47,3.82,31.9,0.124,0.0
1986-09-04,28.0,49,4.12,32.3,0.124,0.0
1986-09-05,28.8,45,4.63,32.8,0.124,0.0
1986-09-06,28.7,44,4.43,32.8,0.124,0.0
1986-09-07,27.4,43,3.93,32.3,0.124,0.0
1986-09-08,24.6,43,3.23,30.4,0.124,0.0
1986-09-09,20.7,43,2.78,27.2,0.124,0.0
1986-09-10,22.0,44,2.93,27.2,0.124,0.0
1986-09-11,24.1,39,3.82,28.1,0.124,0.0
1986-09-12,22.7,43,2.85,27.8,0.124,0.0
1986-09-13,20.4,47,2.45,26.0,0.124,0.0
1986-09-14,19.0,45,2.22,24.6,0.124,0.0
1986-09-15,19.3,48,2.21,24.4,0.124,0.0
1986-09-16,20.6,44,2.68,24.7,0.124,0.0
1986-09-17,19.8,61,1.8,23.3,0.132,2.0
1986-09-18,18.4,58,2.11,22.7,0.141,0.2
1986-09-19,18.0,53,1.97,22.2,0.137,0.0
1986-09-20,17.6,49,2.04,22.0,0.134,0.0
1986-09-21,18.5,46,2.46,22.5,0.131,0.0
1986-09-22,19.0,47,2.52,23.2,0.13,0.0
1986-09-23,18.6,52,2.12,22.6,0.132,0.8
1986-09-24,15.9,76,0.75,19.1,0.181,15.3
1986-09-25,15.3,68,1.39,18.8,0.292,3.4
1986-09-26,16.2,58,1.73,19.0,0.259,0.0
1986-09-27,15.4,65,1.07,18.3,0.242,1.0
1986-09-28,16.2,56,1.92,18.8,0.228,0.0
1986-09-29,17.6,45,2.17,19.2,0.208,0.0
1986-09-30,19.0,52,2.23,20.4,0.191,0.0
1986-10-01,17.0,67,1.41,19.5,0.189,2.6
1986-10-02,16.5,62,1.83,19.4,0.196,0.0
1986-10-03,17.2,54,2.3,19.6,0.183,0.0
1986-10-04,18.9,46,2.89,20.5,0.171,0.0
1986-10-05,20.1,44,3.15,21.6,0.161,0.0
1986-10-06,21.7,45,3.47,22.9,0.153,0.0
1986-10-07,22.9,46,3.56,24.0,0.146,0.0
1986-10-08,23.8,44,3.6,24.6,0.141,0.0
1986-10-09,23.3,47,3.31,24.8,0.137,0.0
1986-10-10,21.6,51,2.56,24.1,0.134,0.0
1986-10-11,18.8,57,2.03,22.4,0.132,0.0
1986-10-12,18.5,58,2.04,22.0,0.131,0.0
1986-10-13,19.1,57,2.55,22.1,0.13,0.0
1986-10-14,19.8,51,2.64,22.4,0.129,0.0
1986-10-15,20.4,49,2.81,22.5,0.128,0.0
1986-10-16,19.1,52,2.27,21.4,0.128,0.0
1986-10-17,16.7,57,1.75,20.2,0.127,0.0
1986-10-18,15.4,61,1.48,18.7,0.127,0.0
1986-10-19,15.1,56,1.72,18.4,0.127,0.0
1986-10-20,16.3,55,1.98,19.1,0.126,0.0
1986-10-21,17.8,52,2.46,19.9,0.126,0.0
1986-10-22,18.6,49,2.61,20.6,0.126,0.0
1986-10-23,18.4,50,2.23,20.3,0.126,0.0
1986-10-24,19.3,53,2.23,21.6,0.126,0.0
1986-10-25,18.8,63,2.07,21.4,0.125,0.0
1986-10-26,20.4,61,2.57,21.9,0.125,0.0
1986-10-27,20.1,65,2.13,22.3,0.125,0.0
1986-10-28,19.4,62,1.99,21.6,0.125,0.2
1986-10-29,20.3,60,2.12,22.5,0.128,0.0
1986-10-30,17.9,54,1.76,20.6,0.127,0.0
1986-10-31,15.9,53,1.65,19.0,0.127,0.0
1986-11-01,15.6,51,1.89,17.9,0.127,0.0
1986-11-02,14.8,49,2.03,17.4,0.126,0.0
1986-11-03,15.0,49,2.16,17.3,0.126,0.0
1986-11-04,16.2,49,2.38,17.8,0.126,0.0
1986-11-05,16.9,48,2.51,18.1,0.126,0.0
1986-11-06,15.1,37,2.19,17.0,0.125,0.0
1986-11-07,12.7,37,1.57,14.8,0.125,0.0
1986-11-08,12.1,57,1.43,14.8,0.125,0.0
1986-11-09,12.5,43,1.64,14.2,0.125,0.0
1986-11-10,12.9,54,1.59,14.6,0.125,0.0
1986-11-11,13.9,55,2.07,15.3,0.125,0.0
1986-11-12,15.2,49,2.21,15.9,0.125,0.0
1986-11-13,16.1,46,2.61,16.4,0.125,0.0
1986-11-14,14.5,55,1.49,16.0,0.125,0.0
1986-11-15,14.0,62,1.54,15.9,0.125,0.0
1986-11-16,14.1,60,1.74,15.6,0.125,0.0
1986-11-17,14.7,55,1.64,15.3,0.125,0.1
1986-11-18,14.0,70,0.77,14.9,0.134,1.8
1986-11-19,15.1,69,1.31,15.9,0.142,0.0
1986-11-20,14.3,71,1.43,15.7,0.14,0.0
1986-11-21,14.4,63,1.37,15.7,0.139,0.0
1986-11-22,12.7,52,1.29,14.4,0.137,0.0
1986-11-23,12.2,61,1.28,14.0,0.136,0.0
1986-11-24,12.8,59,1.75,14.0,0.135,0.0
1986-11-25,11.5,69,1.15,13.9,0.134,0.0
1986-11-26,11.3,62,1.58,12.6,0.133,0.0
1986-11-27,12.6,58,2.21,13.4,0.132,0.0
1986-11-28,12.9,46,2.01,13.5,0.131,0.0
1986-11-29,11.2,62,1.14,13.4,0.13,0.0
1986-11-30,9.2,63,1.19,11.4,0.13,0.0
1986-12-01,10.8,57,1.64,11.5,0.13,0.0
1986-12-02,12.1,51,1.85,11.9,0.129,0.0
1986-12-03,12.3,45,2.09,12.1,0.129,0.0
1986-12-04,13.7,41,1.81,13.5,0.128,0.0
1986-12-05,12.0,69,0.88,13.4,0.135,3.8
1986-12-06,10.9,88,0.39,12.3,0.185,3.3
1986-12-07,10.3,77,0.82,11.7,0.194,0.0
1986-12-08,9.1,73,0.93,10.6,0.19,0.0
1986-12-09,9.0,69,1.01,9.8,0.185,0.0
1986-12-10,8.6,73,0.99,9.8,0.18,0.0
1986-12-11,7.9,73,0.91,9.5,0.176,0.0
1986-12-12,7.8,73,0.91,9.3,0.173,0.0
1986-12-13,9.2,68,0.98,10.2,0.169,0.0
1986-12-14,8.5,78,0.71,9.7,0.166,0.0
1986-12-15,8.9,77,0.92,9.8,0.164,0.0
1986-12-16,10.5,71,1.0,11.1,0.163,0.0
1986-12-17,9.9,76,1.02,10.6,0.16,0.0
1986-12-18,11.2,72,1.22,11.8,0.159,0.1
1986-12-19,10.5,85,0.51,11.7,0.17,4.1
1986-12-20,8.3,88,0.35,10.2,0.291,6.7
1986-12-21,7.6,85,0.61,9.3,0.274,0.0
1986-12-22,8.4,80,0.74,8.9,0.258,0.5
1986-12-23,9.3,86,0.49,10.4,0.258,0.7
1986-12-24,8.0,77,0.76,9.0,0.246,0.0
1986-12-25,6.8,82,0.62,8.2,0.236,0.0
1986-12-26,7.7,78,0.79,8.4,0.228,0.0
1986-12-27,7.5,79,0.75,8.3,0.22,0.0
1986-12-28,7.1,82,0.72,8.0,0.214,0.0
1986-12-29,7.6,79,0.74,7.9,0.209,0.0
1986-12-30,6.7,84,0.68,7.7,0.204,0.0
1986-12-31,7.7,81,0.62,8.4,0.2,0.0
1987-01-01,8.9,80,0.62,8.6,0.204,2.7
1987-01-02,8.8,89,0.31,9.4,0.216,0.0
1987-01-03,10.6,83,0.69,10.1,0.251,18.4
1987-01-04,10.0,89,0.4,10.9,0.372,8.8
1987-01-05,8.0,83,0.54,9.3,0.327,0.5
1987-01-06,6.5,87,0.37,7.4,0.33,8.0
1987-01-07,6.9,81,0.5,8.2,0.376,6.9
1987-01-08,5.5,80,0.5,6.6,0.336,0.0
1987-01-09,4.9,87,0.47,6.3,0.32,0.0
1987-01-10,5.2,86,0.49,6.1,0.309,0.0
1987-01-11,5.8,86,0.66,7.0,0.301,0.0
1987-01-12,6.1,82,0.65,7.1,0.294,0.0
1987-01-13,6.7,76,0.6,7.9,0.287,0.0
1987-01-14,5.0,67,0.58,6.7,0.28,0.0
1987-01-15,4.2,55,0.78,5.1,0.273,0.0
1987-01-16,1.4,49,0.62,3.5,0.267,0.0
1987-01-17,1.1,63,0.58,2.5,0.262,0.0
1987-01-18,3.8,60,0.77,3.3,0.258,0.0
1987-01-19,4.6,72,0.51,3.8,0.254,0.0
1987-01-20,4.6,70,0.84,4.9,0.251,0.0
1987-01-21,5.6,66,0.81,5.4,0.246,0.0
1987-01-22,6.7,73,0.85,6.2,0.243,0.0
1987-01-23,7.9,79,0.59,8.0,0.279,4.3
1987-01-24,8.2,77,0.72,7.7,0.284,0.0
1987-01-25,10.0,80,0.73,9.5,0.275,0.0
1987-01-26,10.9,82,1.05,10.3,0.266,0.0
1987-01-27,12.0,76,1.11,10.9,0.26,0.9
1987-01-28,11.3,75,0.94,11.7,0.331,6.4
1987-01-29,9.2,72,0.84,10.3,0.309,0.0
1987-01-30,8.9,74,0.48,9.6,0.325,3.9
1987-01-31,8.0,82,0.58,9.5,0.322,0.0
1987-02-01,8.9,80,0.86,9.4,0.303,0.0
1987-02-02,10.8,76,1.23,10.4,0.303,6.8
1987-02-03,10.1,84,0.7,10.8,0.35,0.0
1987-02-04,10.5,81,0.75,10.5,0.32,0.0
1987-02-05,10.8,79,0.95,10.6,0.303,0.0
1987-02-06,11.0,74,1.07,11.1,0.29,0.0
1987-02-07,12.5,67,1.4,12.1,0.278,0.0
1987-02-08,13.8,72,1.36,12.7,0.269,0.0
1987-02-09,14.2,75,1.21,13.9,0.276,5.1
1987-02-10,15.4,82,1.02,15.2,0.333,1.8
1987-02-11,14.9,83,0.87,15.3,0.36,6.9
1987-02-12,13.6,84,0.91,14.0,0.352,12.5
1987-02-13,13.3,89,0.31,13.6,0.426,37.7
1987-02-14,10.3,75,0.86,11.9,0.396,0.0
1987-02-15,10.6,75,0.62,12.1,0.399,6.4
1987-02-16,8.9,74,0.71,10.8,0.375,0.0
1987-02-17,9.9,70,0.85,10.4,0.357,0.0
1987-02-18,9.8,68,0.87,10.2,0.343,0.0
1987-02-19,8.6,63,0.81,9.6,0.331,0.0
1987-02-20,8.5,62,1.05,9.3,0.32,0.0
1987-02-21,7.2,72,0.99,8.8,0.316,3.1
1987-02-22,8.3,76,0.86,9.5,0.346,1.4
1987-02-23,6.6,70,0.91,8.2,0.335,2.0
1987-02-24,5.0,72,0.61,7.6,0.328,0.2
1987-02-25,6.0,70,0.62,7.4,0.317,0.0
1987-02-26,5.9,71,0.78,7.7,0.306,0.0
1987-02-27,6.9,69,0.87,8.3,0.295,0.0
1987-02-28,8.7,73,0.92,9.5,0.285,0.0
1987-03-01,10.4,74,1.21,10.9,0.276,0.0
1987-03-02,12.1,75,1.11,12.5,0.267,0.0
1987-03-03,14.9,67,1.8,14.2,0.257,0.0
1987-03-04,16.5,60,1.92,15.0,0.248,0.0
1987-03-05,13.8,83,0.83,13.6,0.355,31.7
1987-03-06,13.6,85,0.56,13.9,0.403,5.9
1987-03-07,13.2,75,0.87,13.9,0.374,0.0
1987-03-08,13.0,74,0.86,13.8,0.357,0.0
1987-03-09,12.9,73,1.04,14.0,0.341,0.0
1987-03-10,12.7,76,0.95,12.8,0.329,0.0
1987-03-11,13.7,75,1.08,14.0,0.319,0.0
1987-03-12,14.4,76,1.27,14.5,0.308,0.0
1987-03-13,13.3,74,1.07,14.7,0.359,7.2
1987-03-14,10.6,79,0.86,12.7,0.358,12.9
1987-03-15,8.7,74,0.8,10.9,0.375,0.5
1987-03-16,10.5,67,0.97,11.1,0.352,0.0
1987-03-17,11.5,72,1.01,12.3,0.334,0.0
1987-03-18,11.4,69,0.91,12.7,0.32,0.0
1987-03-19,8.5,65,0.85,11.2,0.312,0.8
1987-03-20,8.5,68,0.79,10.2,0.307,0.0
1987-03-21,7.5,83,0.37,9.5,0.366,13.9
1987-03-22,7.8,74,0.83,9.6,0.371,0.0
1987-03-23,8.6,80,0.41,9.5,0.362,3.3
1987-03-24,10.3,73,0.87,11.2,0.35,0.0
1987-03-25,11.3,71,1.1,12.1,0.33,0.0
1987-03-26,12.8,70,1.4,13.4,0.312,0.0
1987-03-27,13.9,61,1.41,13.9,0.297,0.0
1987-03-28,13.8,56,1.34,13.9,0.283,0.0
1987-03-29,14.7,64,1.7,14.9,0.27,0.0
1987-03-30,16.1,60,2.15,16.0,0.257,0.0
1987-03-31,16.6,67,1.7,16.4,0.246,0.0
1987-04-01,16.9,69,1.93,17.3,0.237,0.0
1987-04-02,16.0,66,1.5,17.4,0.226,0.8
1987-04-03,12.1,74,0.88,15.5,0.34,14.5
1987-04-04,13.3,66,1.24,14.7,0.332,0.0
1987-04-05,14.2,64,1.46,15.1,0.301,0.0
1987-04-06,15.0,67,1.51,16.2,0.277,0.0
1987-04-07,16.5,68,1.67,17.4,0.257,0.0
1987-04-08,17.6,67,1.78,18.2,0.24,0.0
1987-04-09,19.1,65,1.96,19.3,0.225,0.0
1987-04-10,19.9,60,2.22,20.2,0.211,0.0
1987-04-11,16.8,59,1.57,19.0,0.199,0.0
1987-04-12,16.2,51,1.83,18.5,0.189,0.0
1987-04-13,18.9,54,2.66,19.7,0.18,0.0
1987-04-14,20.8,55,3.1,21.2,0.172,0.0
1987-04-15,21.2,55,3.35,22.1,0.164,0.0
1987-04-16,22.2,54,3.22,22.7,0.157,0.0
1987-04-17,20.7,53,2.74,22.7,0.151,0.0
1987-04-18,14.9,44,1.67,19.1,0.146,0.0
1987-04-19,14.2,33,1.84,18.3,0.143,0.0
1987-04-20,17.9,45,2.55,19.9,0.14,0.0
1987-04-21,20.6,51,3.27,22.2,0.137,0.0
1987-04-22,22.8,49,3.98,23.8,0.135,0.0
1987-04-23,21.8,46,3.12,23.7,0.133,0.0
1987-04-24,20.8,48,2.79,23.9,0.132,0.0
1987-04-25,22.7,52,3.45,25.2,0.131,0.0
1987-04-26,24.4,53,3.56,26.5,0.13,0.0
1987-04-27,24.7,53,3.55,27.3,0.129,0.0
1987-04-28,24.0,54,2.74,26.7,0.128,0.0
1987-04-29,23.4,46,3.33,26.9,0.13,0.9
1987-04-30,18.5,53,2.02,22.9,0.142,1.4
1987-05-01,16.5,46,1.71,20.8,0.139,0.0
1987-05-02,16.6,45,2.08,20.8,0.136,0.0
1987-05-03,20.2,48,2.51,23.3,0.133,0.0
1987-05-04,23.6,50,3.34,25.8,0.13,0.0
1987-05-05,25.7,53,4.23,28.0,0.128,0.0
1987-05-06,26.5,50,4.58,28.6,0.13,1.1
1987-05-07,27.3,41,5.27,28.5,0.138,0.2
1987-05-08,26.5,46,4.14,29.2,0.136,0.5
1987-05-09,25.4,53,3.62,28.6,0.138,0.1
1987-05-10,25.7,53,3.2,29.0,0.134,0.0
1987-05-11,26.7,54,3.59,29.8,0.131,0.0
1987-05-12,26.9,49,4.15,30.4,0.129,0.0
1987-05-13,27.0,52,3.58,30.4,0.128,0.0
1987-05-14,28.0,52,3.89,30.7,0.127,0.0
1987-05-15,26.9,55,3.38,30.1,0.131,1.4
1987-05-16,24.9,47,3.1,29.3,0.136,0.0
1987-05-17,22.8,43,3.0,28.2,0.131,0.0
1987-05-18,20.7,45,2.8,26.9,0.129,0.0
1987-05-19,19.6,50,2.11,25.1,0.128,0.0
1987-05-20,17.7,55,1.39,23.0,0.133,1.0
1987-05-21,18.9,56,1.92,23.7,0.136,0.0
1987-05-22,20.4,45,2.61,24.7,0.134,0.2
1987-05-23,21.2,42,2.81,25.8,0.132,0.0
1987-05-24,17.4,45,2.0,23.2,0.13,0.0
1987-05-25,15.2,51,1.82,20.8,0.129,0.0
1987-05-26,15.5,58,1.58,19.8,0.132,0.9
1987-05-27,17.7,52,2.15,21.9,0.133,0.0
1987-05-28,19.6,47,2.69,23.9,0.13,0.0
1987-05-29,20.2,45,2.56,24.7,0.129,0.0
1987-05-30,20.8,38,3.12,25.3,0.128,0.0
1987-05-31,21.9,46,2.92,26.0,0.127,0.0
1987-06-01,23.6,35,3.76,27.7,0.126,0.0
1987-06-02,27.5,36,5.16,30.3,0.125,0.0
1987-06-03,29.2,44,4.73,32.2,0.125,0.0
1987-06-04,28.5,44,4.7,32.6,0.124,0.0
1987-06-05,26.1,45,4.01,30.5,0.125,0.2
1987-06-06,25.3,57,3.3,29.4,0.139,4.8
1987-06-07,25.7,63,3.08,29.3,0.183,0.7
1987-06-08,26.0,51,3.62,29.3,0.17,0.0
1987-06-09,25.9,44,3.89,29.7,0.153,0.0
1987-06-10,26.4,42,3.81,30.5,0.141,0.0
1987-06-11,27.1,44,3.86,31.4,0.134,0.0
1987-06-12,28.9,40,5.21,32.9,0.13,0.0
1987-06-13,29.6,39,4.56,33.8,0.128,0.0
1987-06-14,26.1,41,3.49,32.3,0.127,0.0
1987-06-15,21.4,44,2.69,28.8,0.126,0.0
1987-06-16,22.7,45,3.07,28.6,0.126,0.0
1987-06-17,23.0,40,3.3,28.7,0.125,0.0
1987-06-18,22.8,40,3.28,28.5,0.125,0.0
1987-06-19,23.7,41,3.54,29.1,0.125,0.0
1987-06-20,22.7,43,3.32,28.2,0.124,0.0
1987-06-21,22.2,50,2.69,27.5,0.124,0.0
1987-06-22,23.3,40,3.51,28.2,0.124,0.0
1987-06-23,26.5,34,4.51,30.4,0.124,0.0
1987-06-24,28.0,38,4.78,32.1,0.124,0.0
1987-06-25,30.0,37,5.07,34.1,0.124,0.0
1987-06-26,30.2,35,5.02,34.8,0.124,0.0
1987-06-27,29.0,34,4.66,34.1,0.124,0.0
1987-06-28,27.4,38,4.07,33.3,0.124,0.0
1987-06-29,26.8,45,3.49,32.8,0.124,0.0
1987-06-30,26.1,45,3.42,32.3,0.124,0.0
1987-07-01,24.4,45,3.03,31.1,0.124,0.0
1987-07-02,25.1,44,3.54,31.0,0.124,0.0
1987-07-03,24.1,44,3.19,30.2,0.124,0.0
1987-07-04,23.2,41,3.49,29.1,0.124,0.0
1987-07-05,24.2,42,3.74,29.7,0.124,0.0
1987-07-06,25.4,36,4.31,30.5,0.124,0.0
1987-07-07,27.7,40,4.63,32.0,0.124,0.0
1987-07-08,26.6,40,3.69,32.1,0.124,0.0
1987-07-09,28.2,43,4.0,33.2,0.124,0.0
1987-07-10,28.0,44,3.74,33.6,0.124,0.0
1987-07-11,25.9,47,3.17,32.6,0.124,0.0
1987-07-12,27.8,45,3.76,33.1,0.124,0.0
1987-07-13,29.1,40,4.35,34.1,0.124,0.0
1987-07-14,30.6,39,4.88,35.0,0.124,0.0
1987-07-15,31.9,38,5.63,36.2,0.124,0.0
1987-07-16,29.8,37,4.47,35.7,0.124,0.0
1987-07-17,20.4,37,2.39,29.0,0.124,0.0
1987-07-18,20.5,46,2.73,27.6,0.124,0.0
1987-07-19,23.0,40,3.2,28.6,0.124,0.0
1987-07-20,22.8,40,3.17,28.2,0.124,0.0
1987-07-21,21.1,42,2.68,27.9,0.124,0.0
1987-07-22,22.1,39,3.1,27.9,0.124,0.0
1987-07-23,24.0,39,3.48,29.0,0.124,0.0
1987-07-24,24.7,39,3.67,29.6,0.124,0.0
1987-07-25,25.0,38,3.9,29.9,0.124,0.0
1987-07-26,25.7,36,4.26,30.5,0.124,0.0
1987-07-27,26.3,36,4.43,31.1,0.124,0.0
1987-07-28,26.8,38,4.39,31.7,0.124,0.0
1987-07-29,26.4,36,4.15,31.4,0.124,0.0
1987-07-30,25.7,38,4.25,30.9,0.124,0.0
1987-07-31,27.1,35,4.79,31.9,0.124,0.0
1987-08-01,29.7,32,5.82,33.4,0.124,0.0
1987-08-02,30.9,34,5.69,34.9,0.124,0.0
1987-08-03,31.5,32,5.67,35.7,0.123,0.0
1987-08-04,31.8,29,6.03,36.0,0.123,0.0
1987-08-05,31.4,30,5.96,35.8,0.123,0.0
1987-08-06,30.8,31,5.83,35.5,0.123,0.0
1987-08-07,29.4,32,4.78,34.7,0.123,0.0
1987-08-08,28.3,42,4.22,33.9,0.123,0.0
1987-08-09,28.8,42,4.34,34.2,0.123,0.0
1987-08-10,28.7,43,4.58,34.1,0.123,0.0
1987-08-11,27.5,40,4.04,33.5,0.123,0.0
1987-08-12,27.2,39,3.87,33.1,0.123,0.0
1987-08-13,26.1,40,3.45,32.5,0.123,0.0
1987-08-14,22.6,46,2.72,29.9,0.123,0.0
1987-08-15,21.8,48,2.67,28.7,0.123,0.0
1987-08-16,25.4,41,3.71,30.4,0.123,0.0
1987-08-17,27.9,37,4.71,32.2,0.123,0.0
1987-08-18,27.5,38,4.19,32.6,0.123,0.0
1987-08-19,25.0,48,3.24,30.9,0.123,0.0
1987-08-20,24.5,46,3.24,30.4,0.123,0.0
1987-08-21,24.6,45,3.29,30.4,0.123,0.0
1987-08-22,24.6,44,3.56,30.2,0.123,0.0
1987-08-23,23.8,45,3.29,29.3,0.123,0.0
1987-08-24,24.9,39,3.86,29.7,0.123,0.0
1987-08-25,26.8,39,4.04,31.0,0.123,0.0
1987-08-26,27.5,42,4.29,32.0,0.123,0.0
1987-08-27,28.0,41,4.59,32.5,0.123,0.0
1987-08-28,29.1,38,5.27,33.0,0.123,0.0
1987-08-29,30.1,36,5.63,33.8,0.123,0.0
1987-08-30,30.8,35,5.29,34.1,0.123,0.0
1987-08-31,30.3,38,5.09,34.3,0.123,0.0
1987-09-01,30.8,38,5.29,34.4,0.123,0.0
1987-09-02,30.6,38,5.63,34.4,0.123,0.0
1987-09-03,30.1,35,4.74,34.0,0.129,1.6
1987-09-04,26.6,37,4.13,31.5,0.136,0.0
1987-09-05,24.3,42,3.73,29.8,0.131,0.0
1987-09-06,22.9,50,3.1,28.5,0.128,0.0
1987-09-07,23.3,48,3.12,28.5,0.127,0.0
1987-09-08,25.2,42,4.12,29.4,0.126,0.0
1987-09-09,26.0,40,4.07,29.8,0.125,0.0
1987-09-10,22.7,47,2.85,28.1,0.125,0.0
1987-09-11,21.7,47,3.0,26.9,0.125,0.0
1987-09-12,20.3,49,2.51,25.8,0.124,0.0
1987-09-13,20.3,51,2.29,26.0,0.124,0.0
1987-09-14,21.4,52,2.52,26.1,0.124,0.0
1987-09-15,22.9,49,3.12,27.2,0.124,0.0
1987-09-16,23.7,43,3.52,27.6,0.124,0.0
1987-09-17,24.0,36,4.01,27.6,0.124,0.0
1987-09-18,24.5,38,3.94,28.3,0.124,0.0
1987-09-19,24.7,38,4.04,28.7,0.124,0.0
1987-09-20,25.3,34,4.3,28.7,0.124,0.0
1987-09-21,26.0,36,4.51,28.8,0.124,0.0
1987-09-22,26.5,38,4.6,29.2,0.124,0.0
1987-09-23,25.4,45,3.63,28.7,0.124,0.0
1987-09-24,24.0,46,3.13,28.2,0.124,0.0
1987-09-25,22.2,48,2.79,26.8,0.124,0.0
1987-09-26,21.9,52,2.66,26.3,0.124,0.0
1987-09-27,24.1,47,3.3,27.3,0.124,0.0
1987-09-28,25.1,45,3.97,28.2,0.124,0.0
1987-09-29,25.9,44,4.0,29.1,0.124,0.0
1987-09-30,26.4,43,4.11,29.3,0.124,0.0
1987-10-01,26.7,41,4.37,29.3,0.124,0.0
1987-10-02,25.5,47,3.95,29.0,0.124,0.0
1987-10-03,26.3,44,4.38,29.0,0.124,0.0
1987-10-04,26.4,40,4.64,28.8,0.124,0.0
1987-10-05,26.0,39,4.56,28.2,0.124,0.0
1987-10-06,26.1,38,4.84,28.3,0.124,0.0
1987-10-07,24.0,40,3.47,27.3,0.124,0.0
1987-10-08,21.8,49,2.67,26.3,0.124,0.0
1987-10-09,21.2,55,2.26,25.4,0.124,0.0
1987-10-10,21.6,53,2.37,25.6,0.124,0.0
1987-10-11,22.6,51,3.0,26.1,0.124,0.0
1987-10-12,19.9,68,1.4,23.0,0.144,2.8
1987-10-13,19.2,63,1.84,22.8,0.155,0.0
1987-10-14,19.7,62,1.97,22.7,0.149,0.0
1987-10-15,20.4,53,2.69,22.8,0.144,0.0
1987-10-16,20.0,53,2.85,22.5,0.14,0.0
1987-10-17,20.1,47,2.83,22.8,0.136,0.0
1987-10-18,20.6,40,3.04,22.7,0.133,0.0
1987-10-19,19.5,45,2.75,22.3,0.132,0.0
1987-10-20,19.6,50,2.4,22.2,0.13,0.0
1987-10-21,20.2,54,2.25,22.8,0.131,0.5
1987-10-22,18.4,81,0.97,21.1,0.22,15.4
1987-10-23,17.4,85,1.04,20.4,0.332,3.7
1987-10-24,17.7,80,1.2,19.8,0.314,1.7
1987-10-25,18.6,74,1.53,20.0,0.278,0.0
1987-10-26,19.8,71,1.69,20.8,0.254,0.1
1987-10-27,20.4,74,1.64,21.2,0.24,1.8
1987-10-28,18.5,87,0.95,20.7,0.355,21.5
1987-10-29,16.4,90,0.58,19.1,0.393,12.4
1987-10-30,16.4,79,1.15,18.1,0.344,0.0
1987-10-31,15.2,87,0.39,16.5,0.343,4.6
1987-11-01,16.0,80,0.93,17.5,0.346,0.4
1987-11-02,13.2,69,1.0,16.0,0.327,0.2
1987-11-03,12.2,69,1.16,14.5,0.309,0.0
1987-11-04,13.4,75,0.91,14.8,0.301,1.5
1987-11-05,13.9,83,0.82,15.5,0.368,7.8
1987-11-06,14.0,83,0.7,15.5,0.353,0.0
1987-11-07,13.8,77,1.04,15.1,0.332,0.0
1987-11-08,15.0,73,1.01,14.9,0.316,0.0
1987-11-09,14.6,76,1.05,14.8,0.304,0.0
1987-11-10,13.8,80,0.92,14.8,0.295,0.0
1987-11-11,14.5,74,1.33,15.0,0.286,0.0
1987-11-12,14.4,75,1.23,14.9,0.277,0.0
1987-11-13,13.7,87,0.66,15.2,0.303,11.3
1987-11-14,11.8,74,0.92,13.9,0.358,0.0
1987-11-15,9.9,63,0.85,11.8,0.328,0.0
1987-11-16,10.4,72,0.66,12.0,0.313,0.0
1987-11-17,11.0,84,0.47,12.1,0.313,2.6
1987-11-18,12.2,85,0.81,12.8,0.313,0.0
1987-11-19,12.9,83,1.01,13.6,0.302,0.0
1987-11-20,11.9,80,1.47,13.0,0.311,6.2
1987-11-21,9.7,82,0.5,11.6,0.34,0.0
1987-11-22,10.0,78,0.72,11.7,0.32,0.0
1987-11-23,8.9,80,0.61,10.3,0.306,0.0
1987-11-24,9.5,77,0.81,10.3,0.297,0.0
1987-11-25,9.0,65,0.83,10.4,0.288,0.0
1987-11-26,8.4,64,0.81,9.1,0.28,0.0
1987-11-27,7.6,74,0.82,8.6,0.274,0.0
1987-11-28,7.5,77,0.7,8.9,0.268,0.0
1987-11-29,7.1,77,0.72,8.4,0.263,0.0
1987-11-30,8.8,70,0.88,9.1,0.259,0.2
1987-12-01,11.6,83,0.53,12.0,0.273,1.4
1987-12-02,11.7,81,0.88,12.3,0.271,0.0
1987-12-03,12.3,78,0.93,12.3,0.264,0.0
1987-12-04,11.7,83,0.68,12.0,0.29,12.1
1987-12-05,10.4,83,0.63,11.4,0.357,0.0
1987-12-06,10.9,82,0.6,10.8,0.358,11.2
1987-12-07,9.6,79,0.84,10.6,0.372,2.6
1987-12-08,7.1,87,0.24,8.0,0.365,5.0
1987-12-09,10.5,87,0.44,10.4,0.36,0.0
1987-12-10,12.1,89,0.53,11.3,0.343,0.0
1987-12-11,10.3,75,0.67,11.4,0.331,0.0
1987-12-12,5.7,57,0.66,8.1,0.32,0.0
1987-12-13,4.3,47,0.81,6.1,0.311,0.0
1987-12-14,3.4,66,0.58,4.7,0.304,0.0
1987-12-15,3.4,69,0.48,4.1,0.301,0.0
1987-12-16,7.5,64,0.5,6.9,0.304,0.9
1987-12-17,7.0,82,0.51,7.2,0.302,0.0
1987-12-18,6.8,86,0.46,7.2,0.297,0.2
1987-12-19,7.7,80,0.56,8.3,0.293,0.0
1987-12-20,6.7,81,0.57,7.4,0.288,0.0
1987-12-21,7.0,83,0.55,7.5,0.283,0.0
1987-12-22,7.5,85,0.27,8.1,0.295,3.4
1987-12-23,5.0,54,0.75,6.5,0.305,0.0
1987-12-24,2.3,53,0.69,3.2,0.294,0.0
1987-12-25,0.5,62,0.52,2.0,0.286,0.0
1987-12-26,2.1,62,0.7,2.2,0.281,0.0
1987-12-27,3.1,66,0.51,2.6,0.276,0.0
1987-12-28,4.6,84,0.24,4.2,0.321,7.3
1987-12-29,3.5,95,0.15,4.6,0.37,12.0
1987-12-30,3.6,85,0.41,5.0,0.373,0.9
1987-12-31,2.4,82,0.42,3.6,0.348,0.0
1988-01-01,2.7,80,0.49,3.2,0.336,0.0
1988-01-02,4.9,78,0.5,4.8,0.33,0.0
1988-01-03,7.4,94,0.09,6.7,0.377,25.3
1988-01-04,9.3,89,0.37,8.3,0.407,5.2
1988-01-05,9.8,90,0.26,9.5,0.417,10.1
1988-01-06,6.7,85,0.49,7.9,0.39,0.0
1988-01-07,6.2,86,0.51,7.1,0.373,0.0
1988-01-08,8.4,82,0.57,8.5,0.362,0.1
1988-01-09,8.5,84,0.6,8.4,0.353,0.0
1988-01-10,8.6,92,0.31,8.6,0.345,0.0
1988-01-11,7.9,79,0.66,8.5,0.346,1.7
1988-01-12,5.9,75,0.62,7.2,0.338,0.0
1988-01-13,6.7,75,0.71,6.7,0.33,0.0
1988-01-14,7.1,77,0.85,6.8,0.323,0.0
1988-01-15,8.9,79,0.53,8.4,0.366,11.9
1988-01-16,6.1,89,0.29,6.5,0.389,6.3
1988-01-17,8.1,88,0.22,7.9,0.418,17.3
1988-01-18,6.1,61,0.65,7.2,0.394,0.0
1988-01-19,5.0,75,0.5,6.1,0.376,0.0
1988-01-20,4.9,75,0.62,5.6,0.365,0.0
1988-01-21,4.9,81,0.46,5.6,0.355,0.0
1988-01-22,6.1,81,0.75,6.6,0.347,0.0
1988-01-23,7.0,82,0.63,7.4,0.34,0.0
1988-01-24,8.9,84,0.76,8.3,0.334,0.0
1988-01-25,9.6,84,0.84,9.2,0.328,0.0
1988-01-26,9.3,86,0.8,9.1,0.323,0.0
1988-01-27,11.3,80,1.01,10.5,0.318,0.0
1988-01-28,12.5,71,1.16,11.2,0.312,0.0
1988-01-29,10.2,74,0.65,10.0,0.322,1.5
1988-01-30,10.1,78,0.78,10.5,0.325,0.1
1988-01-31,7.7,74,0.7,9.2,0.314,0.0
1988-02-01,6.8,75,0.63,8.1,0.306,0.0
1988-02-02,7.3,67,0.75,8.5,0.299,0.0
1988-02-03,6.7,71,0.79,7.9,0.292,0.0
1988-02-04,7.2,73,0.84,8.0,0.287,0.0
1988-02-05,7.8,74,0.93,8.3,0.281,0.0
1988-02-06,8.0,76,0.98,8.7,0.276,0.0
1988-02-07,9.3,76,0.96,9.4,0.271,0.0
1988-02-08,10.6,78,0.88,10.2,0.266,0.0
1988-02-09,12.0,82,0.99,11.3,0.261,0.0
1988-02-10,11.7,82,0.75,11.7,0.256,0.0
1988-02-11,11.6,73,1.19,11.8,0.251,0.0
1988-02-12,12.5,74,1.46,12.2,0.246,0.0
1988-02-13,12.2,73,1.27,12.2,0.24,0.0
1988-02-14,11.9,70,1.08,12.2,0.234,0.0
1988-02-15,12.7,72,1.41,12.4,0.23,0.0
1988-02-16,11.1,65,1.26,12.0,0.224,0.0
1988-02-17,9.5,54,1.23,10.6,0.218,0.0
1988-02-18,10.2,53,1.56,10.2,0.213,0.0
1988-02-19,9.3,50,1.32,10.1,0.206,0.0
1988-02-20,11.0,59,1.63,11.0,0.201,0.0
1988-02-21,12.4,63,1.6,12.1,0.197,0.0
1988-02-22,12.3,71,1.36,12.9,0.193,0.0
1988-02-23,13.2,72,1.41,13.5,0.189,0.0
1988-02-24,13.5,75,1.44,14.2,0.186,0.0
1988-02-25,14.4,74,1.63,15.0,0.182,0.0
1988-02-26,16.3,68,1.95,16.5,0.178,0.0
1988-02-27,16.6,63,1.17,16.4,0.179,2.4
1988-02-28,14.7,81,0.94,15.9,0.336,17.3
1988-02-29,12.5,88,0.39,13.5,0.398,21.3
1988-03-01,11.0,86,0.38,12.5,0.384,9.2
1988-03-02,9.6,77,0.75,11.5,0.359,0.0
1988-03-03,11.7,78,0.97,12.5,0.343,0.0
1988-03-04,13.7,78,1.03,13.5,0.33,0.0
1988-03-05,13.8,80,1.0,14.6,0.319,0.0
1988-03-06,13.1,69,1.12,14.3,0.307,0.0
1988-03-07,12.7,76,0.98,14.1,0.296,0.0
1988-03-08,15.3,73,1.71,15.2,0.287,0.0
1988-03-09,13.3,56,1.3,14.6,0.275,0.0
1988-03-10,9.9,43,1.27,12.0,0.263,0.0
1988-03-11,9.7,46,1.18,11.1,0.253,0.0
1988-03-12,9.7,52,1.27,11.4,0.245,0.0
1988-03-13,11.1,60,1.55,12.3,0.237,0.0
1988-03-14,12.5,60,1.71,13.3,0.229,0.0
1988-03-15,13.8,57,1.65,13.9,0.221,0.0
1988-03-16,12.9,60,1.61,14.0,0.212,0.0
1988-03-17,13.7,59,1.67,14.5,0.205,0.0
1988-03-18,14.9,62,1.97,15.6,0.198,0.0
1988-03-19,16.7,62,2.48,16.9,0.19,0.0
1988-03-20,17.7,59,2.61,17.8,0.183,0.0
1988-03-21,16.7,51,2.2,17.6,0.176,0.0
1988-03-22,16.5,48,2.24,17.7,0.17,0.0
1988-03-23,16.4,51,1.76,17.7,0.164,0.0
1988-03-24,16.2,45,2.33,17.8,0.159,0.0
1988-03-25,18.4,45,2.42,18.7,0.154,0.0
1988-03-26,20.5,46,3.1,20.2,0.149,0.0
1988-03-27,16.8,42,1.96,18.9,0.146,0.0
1988-03-28,14.8,29,2.01,17.3,0.142,0.0
1988-03-29,16.5,36,2.42,17.9,0.14,0.0
1988-03-30,15.4,38,1.95,17.6,0.138,0.0
1988-03-31,15.2,40,1.98,17.5,0.136,0.0
1988-04-01,16.3,49,2.38,18.4,0.135,0.0
1988-04-02,17.8,45,2.68,19.5,0.133,0.0
1988-04-03,17.8,41,2.61,20.0,0.132,0.0
1988-04-04,17.3,53,2.37,20.2,0.131,0.0
1988-04-05,18.4,49,2.44,21.1,0.131,0.0
1988-04-06,21.5,48,3.18,22.2,0.13,0.0
1988-04-07,20.4,47,2.62,22.2,0.129,0.0
1988-04-08,17.7,29,2.65,21.0,0.129,0.0
1988-04-09,20.0,41,3.2,22.2,0.128,0.0
1988-04-10,22.1,48,3.72,23.6,0.127,0.0
1988-04-11,23.2,47,3.9,24.6,0.127,0.0
1988-04-12,21.6,40,3.24,23.5,0.126,0.0
1988-04-13,18.0,54,1.49,20.8,0.128,0.6
1988-04-14,12.7,85,0.73,16.8,0.287,25.2
1988-04-15,12.1,82,0.64,15.1,0.355,3.6
1988-04-16,14.3,73,0.83,15.9,0.311,0.0
1988-04-17,15.4,64,1.37,17.0,0.281,0.0
1988-04-18,15.6,63,1.58,17.8,0.254,0.0
1988-04-19,14.6,72,1.1,16.2,0.266,17.3
1988-04-20,13.1,77,0.93,15.9,0.361,4.6
1988-04-21,13.0,72,1.18,15.4,0.325,0.4
1988-04-22,12.4,71,1.0,15.1,0.304,2.5
1988-04-23,12.3,76,0.93,14.9,0.342,5.4
1988-04-24,14.5,64,1.35,16.4,0.314,0.0
1988-04-25,15.6,63,1.75,17.3,0.282,0.0
1988-04-26,18.2,62,1.95,18.9,0.257,0.0
1988-04-27,19.8,57,2.34,19.8,0.238,0.0
1988-04-28,16.4,63,1.48,18.9,0.223,0.0
1988-04-29,17.4,54,2.06,19.4,0.209,0.0
1988-04-30,13.0,42,1.43,16.7,0.195,0.2
1988-05-01,13.2,36,1.79,16.2,0.185,0.0
1988-05-02,16.1,38,2.14,17.7,0.176,0.0
1988-05-03,17.3,48,2.36,19.2,0.167,0.0
1988-05-04,16.0,45,2.15,19.4,0.16,0.2
1988-05-05,11.5,53,1.37,16.5,0.164,2.5
1988-05-06,12.2,61,1.45,15.9,0.186,0.2
1988-05-07,13.6,63,0.96,16.0,0.191,2.7
1988-05-08,15.4,58,1.77,17.7,0.192,0.0
1988-05-09,17.4,51,2.22,19.1,0.18,0.0
1988-05-10,21.2,50,3.28,22.2,0.167,0.0
1988-05-11,24.5,49,3.99,25.1,0.156,0.0
1988-05-12,24.0,48,3.81,26.0,0.146,0.0
1988-05-13,20.1,41,3.08,23.8,0.14,0.0
1988-05-14,22.0,39,3.47,24.8,0.136,0.0
1988-05-15,24.3,43,3.91,26.7,0.132,0.0
1988-05-16,20.0,48,2.32,24.2,0.131,0.2
1988-05-17,17.3,49,2.02,21.7,0.131,0.0
1988-05-18,19.5,44,2.78,23.2,0.13,0.0
1988-05-19,22.9,42,3.46,25.6,0.129,0.0
1988-05-20,25.5,43,4.63,27.8,0.128,0.0
1988-05-21,27.0,36,5.25,29.2,0.126,0.0
1988-05-22,26.6,27,4.62,29.6,0.126,0.0
1988-05-23,25.7,35,4.21,29.5,0.125,0.0
1988-05-24,24.5,36,3.91,29.1,0.125,0.0
1988-05-25,22.2,41,3.23,27.6,0.125,0.0
1988-05-26,21.9,38,3.18,26.8,0.124,0.0
1988-05-27,21.2,46,2.97,26.0,0.124,0.0
1988-05-28,20.5,56,2.57,26.1,0.125,1.3
1988-05-29,15.0,46,1.85,20.7,0.15,1.8
1988-05-30,16.8,42,2.39,21.7,0.145,0.0
1988-05-31,19.8,45,2.7,24.1,0.138,0.0
1988-06-01,22.9,47,3.22,26.0,0.134,0.0
1988-06-02,25.7,41,4.28,28.6,0.13,0.0
1988-06-03,23.8,47,3.29,28.4,0.128,0.0
1988-06-04,19.0,40,2.43,25.1,0.127,0.0
1988-06-05,16.4,43,2.15,22.7,0.126,0.1
1988-06-06,15.6,46,2.04,21.6,0.128,1.1
1988-06-07,16.8,45,2.14,21.9,0.136,0.1
1988-06-08,18.1,43,2.45,23.0,0.133,0.0
1988-06-09,20.9,38,3.08,25.0,0.13,0.0
1988-06-10,22.3,43,3.13,26.3,0.128,0.0
1988-06-11,23.5,38,3.62,27.5,0.127,0.0
1988-06-12,23.1,41,3.32,27.8,0.126,0.0
1988-06-13,26.8,40,4.29,30.5,0.125,0.0
1988-06-14,28.7,43,4.84,32.3,0.125,0.0
1988-06-15,28.7,42,4.14,32.7,0.124,0.0
1988-06-16,26.2,43,3.64,32.0,0.124,0.0
1988-06-17,25.3,42,3.83,30.5,0.124,0.0
1988-06-18,28.3,42,4.9,32.2,0.124,0.0
1988-06-19,31.0,40,5.77,34.2,0.124,0.0
1988-06-20,27.7,48,4.0,32.7,0.125,0.6
1988-06-21,25.8,59,3.06,30.9,0.133,0.0
1988-06-22,28.6,45,4.27,32.8,0.13,0.0
1988-06-23,30.4,46,4.3,33.1,0.128,0.0
1988-06-24,28.7,53,3.6,33.2,0.127,0.0
1988-06-25,25.4,52,3.04,31.0,0.128,0.2
1988-06-26,27.2,40,4.39,32.0,0.127,0.0
1988-06-27,28.1,32,4.94,32.1,0.126,0.0
1988-06-28,26.8,34,4.33,31.7,0.125,0.0
1988-06-29,25.9,26,4.29,31.0,0.125,0.0
1988-06-30,27.4,27,4.88,31.9,0.124,0.0
1988-07-01,29.3,33,5.61,33.2,0.124,0.0
1988-07-02,30.0,37,5.3,34.1,0.124,0.0
1988-07-03,29.8,38,4.72,34.8,0.124,0.0
1988-07-04,26.4,34,4.06,33.1,0.124,0.0
1988-07-05,25.6,29,4.09,31.5,0.124,0.0
1988-07-06,27.0,31,4.33,32.3,0.124,0.0
1988-07-07,29.1,32,5.22,33.7,0.124,0.0
1988-07-08,29.3,31,5.15,34.2,0.124,0.0
1988-07-09,29.5,33,5.25,34.6,0.124,0.0
1988-07-10,32.0,32,6.35,35.8,0.124,0.0
1988-07-11,28.2,34,4.62,34.4,0.124,0.0
1988-07-12,26.4,40,3.89,32.4,0.124,0.0
1988-07-13,26.3,43,4.03,32.2,0.124,0.0
1988-07-14,27.7,42,4.35,32.8,0.124,0.0
1988-07-15,27.4,43,4.02,32.6,0.124,0.0
1988-07-16,29.7,39,5.13,34.3,0.124,0.0
1988-07-17,32.9,33,6.4,36.2,0.124,0.0
1988-07-18,32.8,35,6.68,36.9,0.124,0.0
1988-07-19,31.5,33,6.02,36.4,0.123,0.0
1988-07-20,31.9,36,5.79,36.7,0.123,0.0
1988-07-21,32.3,40,5.54,37.2,0.123,0.0
1988-07-22,33.1,40,5.34,38.2,0.123,0.0
1988-07-23,33.7,40,5.5,38.4,0.124,0.6
1988-07-24,33.2,44,5.09,37.9,0.129,0.5
1988-07-25,32.7,42,5.17,37.6,0.129,0.0
1988-07-26,32.5,43,5.62,37.7,0.126,0.0
1988-07-27,32.6,39,5.96,37.5,0.125,0.0
1988-07-28,31.5,35,5.98,36.7,0.124,0.0
1988-07-29,31.3,35,5.88,36.3,0.124,0.0
1988-07-30,32.3,35,5.89,37.2,0.124,0.0
1988-07-31,30.2,41,4.57,36.2,0.124,0.0
1988-08-01,29.3,43,4.41,35.2,0.124,0.0
1988-08-02,29.1,40,4.27,35.2,0.124,0.0
1988-08-03,28.1,44,3.89,34.2,0.123,0.0
1988-08-04,28.4,44,4.1,34.0,0.123,0.0
1988-08-05,28.4,43,4.04,34.2,0.123,0.0
1988-08-06,25.3,45,3.23,32.1,0.124,0.0
1988-08-07,25.3,42,3.87,31.4,0.124,0.0
1988-08-08,26.9,39,4.3,32.2,0.124,0.0
1988-08-09,28.2,39,4.49,33.2,0.124,0.0
1988-08-10,28.1,36,4.25,33.8,0.124,0.0
1988-08-11,27.3,41,3.87,33.4,0.124,0.0
1988-08-12,25.3,44,3.34,32.0,0.124,0.0
1988-08-13,23.8,43,3.34,30.4,0.124,0.0
1988-08-14,24.4,42,3.45,30.4,0.124,0.0
1988-08-15,23.8,42,3.51,29.4,0.124,0.0
1988-08-16,25.3,44,3.82,30.6,0.124,0.0
1988-08-17,27.7,39,4.77,32.1,0.124,0.0
1988-08-18,28.8,36,5.17,33.0,0.124,0.0
1988-08-19,29.6,34,5.23,34.0,0.124,0.0
1988-08-20,28.7,38,5.09,33.5,0.124,0.0
1988-08-21,27.5,43,3.79,33.1,0.124,0.0
1988-08-22,27.3,44,3.99,32.9,0.124,0.0
1988-08-23,28.4,42,4.06,33.0,0.124,0.0
1988-08-24,29.9,38,4.24,33.9,0.124,0.0
1988-08-25,30.9,36,4.42,34.4,0.124,0.0
1988-08-26,32.6,38,5.63,36.1,0.124,0.0
1988-08-27,32.2,42,5.19,36.1,0.124,0.0
1988-08-28,31.6,32,5.73,35.9,0.124,0.0
1988-08-29,31.6,30,5.84,35.9,0.123,0.0
1988-08-30,31.2,41,5.15,35.1,0.123,0.0
1988-08-31,31.8,37,5.62,35.8,0.123,0.0
1988-09-01,31.0,33,5.44,35.2,0.123,0.0
1988-09-02,30.5,32,5.52,34.9,0.123,0.0
1988-09-03,30.7,35,5.16,35.1,0.123,0.0
1988-09-04,31.9,40,5.68,35.7,0.123,0.0
1988-09-05,32.4,38,5.36,35.9,0.123,0.0
1988-09-06,31.6,40,5.47,35.8,0.123,0.0
1988-09-07,29.9,33,5.31,34.6,0.123,0.0
1988-09-08,28.4,37,4.43,33.5,0.123,0.0
1988-09-09,26.8,44,3.57,32.3,0.123,0.0
1988-09-10,25.7,47,3.48,31.2,0.123,0.0
1988-09-11,25.1,42,3.66,30.2,0.123,0.0
1988-09-12,24.5,33,3.6,29.3,0.123,0.0
1988-09-13,23.9,39,3.74,28.8,0.123,0.0
1988-09-14,24.6,40,3.82,29.2,0.123,0.0
1988-09-15,24.5,43,3.62,29.0,0.123,0.0
1988-09-16,23.9,45,3.31,28.8,0.123,0.0
1988-09-17,23.2,39,3.44,28.0,0.123,0.0
1988-09-18,22.0,32,3.35,27.0,0.123,0.0
1988-09-19,23.0,34,3.84,26.9,0.123,0.0
1988-09-20,18.1,57,1.71,23.9,0.124,0.7
1988-09-21,19.9,52,2.09,24.0,0.13,0.2
1988-09-22,20.7,49,2.61,25.0,0.128,0.0
1988-09-23,22.8,42,3.4,26.3,0.127,0.0
1988-09-24,23.3,40,3.32,26.9,0.126,0.0
1988-09-25,20.3,54,2.22,25.4,0.125,0.0
1988-09-26,20.8,48,2.82,25.2,0.125,0.0
1988-09-27,21.7,49,3.01,25.2,0.125,0.0
1988-09-28,22.8,43,3.3,26.1,0.124,0.0
1988-09-29,24.8,39,4.25,27.3,0.124,0.0
1988-09-30,25.6,38,4.62,28.0,0.124,0.0
1988-10-01,24.9,43,4.04,28.0,0.124,0.0
1988-10-02,22.8,46,3.02,27.0,0.124,0.0
1988-10-03,23.2,49,3.22,27.1,0.124,0.0
1988-10-04,23.1,51,3.14,26.7,0.124,0.0
1988-10-05,22.3,53,2.59,26.4,0.124,0.0
1988-10-06,20.9,60,2.01,25.7,0.124,0.0
1988-10-07,20.1,59,2.11,24.8,0.124,0.0
1988-10-08,21.7,57,2.83,25.4,0.124,0.0
1988-10-09,22.5,53,3.03,25.6,0.124,0.0
1988-10-10,22.6,48,3.15,25.8,0.124,0.0
1988-10-11,20.6,51,2.26,24.7,0.124,0.0
1988-10-12,19.5,56,2.14,23.8,0.124,0.0
1988-10-13,18.8,58,1.9,22.3,0.124,0.0
1988-10-14,18.4,61,1.8,22.0,0.125,0.0
1988-10-15,19.3,62,1.97,22.7,0.125,0.0
1988-10-16,21.3,59,2.95,23.8,0.125,0.0
1988-10-17,22.7,53,3.25,24.9,0.125,0.0
1988-10-18,23.8,50,3.53,25.3,0.124,0.0
1988-10-19,21.9,54,2.78,24.8,0.124,0.0
1988-10-20,21.9,55,2.67,24.7,0.124,0.0
1988-10-21,21.9,57,2.84,24.6,0.124,0.0
1988-10-22,20.8,53,2.72,24.0,0.124,0.0
1988-10-23,21.2,47,2.67,23.4,0.124,0.0
1988-10-24,19.9,54,2.56,22.9,0.124,0.0
1988-10-25,19.5,57,2.53,22.5,0.124,0.0
1988-10-26,19.0,56,2.38,22.1,0.124,0.0
1988-10-27,17.2,57,1.9,20.5,0.124,0.0
1988-10-28,15.7,64,1.42,19.3,0.124,0.0
1988-10-29,15.8,66,1.47,19.3,0.124,0.0
1988-10-30,16.6,65,1.86,19.6,0.124,0.0
1988-10-31,18.7,61,2.4,20.6,0.124,0.0
1988-11-01,18.8,57,1.83,21.2,0.124,0.0
1988-11-02,16.8,62,1.5,20.2,0.125,0.1
1988-11-03,17.9,64,1.99,20.4,0.125,0.0
1988-11-04,18.2,72,1.75,20.6,0.125,0.0
1988-11-05,18.4,64,1.99,20.7,0.124,0.0
1988-11-06,17.9,63,1.46,20.3,0.124,0.0
1988-11-07,15.2,55,1.58,18.4,0.124,0.0
1988-11-08,12.7,65,1.07,15.8,0.126,0.3
1988-11-09,13.4,69,1.18,16.3,0.128,0.0
1988-11-10,15.1,61,1.16,16.7,0.129,0.2
1988-11-11,14.5,61,1.39,17.2,0.13,0.0
1988-11-12,14.3,60,1.54,16.6,0.13,0.0
1988-11-13,14.2,76,0.59,15.5,0.153,12.6
1988-11-14,10.6,71,0.97,13.7,0.321,8.1
1988-11-15,10.4,68,0.98,12.4,0.285,0.0
1988-11-16,10.8,72,0.77,12.0,0.267,3.2
1988-11-17,10.0,70,0.9,12.1,0.285,0.1
1988-11-18,8.4,60,0.91,10.8,0.262,0.0
1988-11-19,9.4,54,1.11,10.6,0.246,0.0
1988-11-20,9.4,59,1.14,10.1,0.234,0.0
1988-11-21,9.9,73,0.94,10.8,0.224,0.0
1988-11-22,13.2,58,1.38,13.0,0.217,0.0
1988-11-23,11.8,76,0.68,12.3,0.296,16.5
1988-11-24,8.1,65,0.96,10.3,0.323,0.0
1988-11-25,8.1,89,0.23,9.9,0.352,7.9
1988-11-26,9.6,81,0.58,10.6,0.319,0.0
1988-11-27,8.7,81,0.7,10.2,0.297,0.0
1988-11-28,9.7,81,0.73,10.5,0.282,0.0
1988-11-29,9.7,80,0.78,10.5,0.271,0.0
1988-11-30,10.4,75,1.12,10.5,0.261,0.0
1988-12-01,10.3,75,1.29,10.7,0.253,0.0
1988-12-02,10.6,75,1.23,10.8,0.246,0.0
1988-12-03,11.5,74,1.37,11.6,0.24,0.0
1988-12-04,10.1,74,1.12,10.7,0.234,0.0
1988-12-05,10.2,75,1.06,10.8,0.229,0.0
1988-12-06,10.8,73,0.99,10.9,0.224,0.0
1988-12-07,10.5,73,0.9,10.2,0.219,0.0
1988-12-08,8.7,68,0.96,9.5,0.215,0.0
1988-12-09,8.8,67,1.16,9.5,0.211,0.0
1988-12-10,9.8,68,1.41,10.1,0.207,0.0
1988-12-11,9.5,73,1.32,10.3,0.203,0.0
1988-12-12,10.2,73,1.41,10.6,0.199,0.0
1988-12-13,10.9,73,1.21,10.7,0.196,0.0
1988-12-14,10.1,75,1.02,10.6,0.193,0.0
1988-12-15,5.8,64,0.48,7.8,0.206,2.9
1988-12-16,5.2,87,0.26,7.1,0.318,11.8
1988-12-17,6.8,86,0.59,7.5,0.336,2.0
1988-12-18,7.3,79,0.66,7.8,0.319,0.5
1988-12-19,7.6,81,0.42,8.3,0.303,0.6
1988-12-20,9.3,83,0.38,9.4,0.317,8.0
1988-12-21,7.4,76,0.66,8.8,0.371,7.1
1988-12-22,5.0,85,0.29,5.6,0.358,7.9
1988-12-23,4.8,78,0.62,6.1,0.36,0.0
1988-12-24,7.7,85,0.3,7.8,0.403,23.7
1988-12-25,3.7,83,0.32,5.9,0.393,2.8
1988-12-26,1.8,77,0.46,4.0,0.376,0.0
1988-12-27,0.2,78,0.27,1.8,0.363,0.5
1988-12-28,2.2,83,0.33,3.7,0.358,0.1
1988-12-29,1.6,81,0.42,3.5,0.351,0.0
1988-12-30,2.0,75,0.51,3.1,0.345,3.2
1988-12-31,4.5,88,0.33,5.3,0.381,2.9
1989-01-01,3.4,85,0.45,5.1,0.358,0.0
1989-01-02,3.5,83,0.55,4.1,0.345,0.0
1989-01-03,4.6,81,0.7,4.7,0.336,0.0
1989-01-04,5.9,82,0.65,5.7,0.329,0.0
1989-01-05,6.2,89,0.18,6.0,0.358,10.2
1989-01-06,3.5,75,0.58,4.7,0.367,0.0
1989-01-07,3.4,79,0.44,4.6,0.365,2.3
1989-01-08,2.7,79,0.5,4.2,0.351,0.0
1989-01-09,3.9,77,0.41,5.1,0.339,0.0
1989-01-10,6.8,89,0.35,6.6,0.333,0.7
1989-01-11,5.5,69,0.58,6.4,0.33,0.0
1989-01-12,4.6,73,0.63,5.3,0.321,0.0
1989-01-13,4.9,75,0.75,5.1,0.314,0.0
1989-01-14,5.7,74,0.49,6.5,0.307,0.0
1989-01-15,4.5,72,0.63,5.6,0.301,0.0
1989-01-16,5.6,78,0.6,5.9,0.296,0.0
1989-01-17,5.5,87,0.52,6.5,0.291,0.0
1989-01-18,6.2,86,0.72,7.2,0.286,0.0
1989-01-19,7.2,85,0.89,8.2,0.281,0.0
1989-01-20,8.3,83,0.91,8.5,0.277,0.0
1989-01-21,9.9,76,1.11,9.2,0.272,0.0
1989-01-22,9.3,74,0.89,9.0,0.267,0.0
1989-01-23,7.7,88,0.48,8.4,0.28,1.9
1989-01-24,7.4,80,0.63,8.6,0.286,0.0
1989-01-25,6.0,74,0.64,7.2,0.278,0.0
1989-01-26,6.8,75,0.87,7.6,0.271,0.0
1989-01-27,7.5,76,0.84,8.1,0.264,0.0
1989-01-28,6.3,85,0.44,7.6,0.259,0.0
1989-01-29,7.7,82,0.79,8.3,0.254,0.0
1989-01-30,10.0,72,1.16,9.6,0.248,0.0
1989-01-31,10.7,74,1.18,10.4,0.242,0.0
1989-02-01,8.7,77,0.64,9.7,0.237,0.0
1989-02-02,7.2,60,0.73,9.1,0.234,0.0
1989-02-03,6.7,82,0.43,7.8,0.264,8.4
1989-02-04,4.5,74,0.58,6.9,0.352,5.9
1989-02-05,1.6,59,0.59,4.3,0.324,0.0
1989-02-06,1.1,57,0.62,3.1,0.304,0.0
1989-02-07,1.8,60,0.67,3.2,0.291,0.0
1989-02-08,1.9,81,0.27,3.3,0.313,12.3
1989-02-09,7.4,85,0.52,7.0,0.382,5.7
1989-02-10,8.7,82,0.62,8.6,0.352,0.4
1989-02-11,7.4,75,0.68,8.5,0.33,0.0
1989-02-12,6.4,77,0.67,7.6,0.316,0.0
1989-02-13,7.0,72,0.72,7.3,0.307,0.0
1989-02-14,6.9,72,0.76,7.5,0.298,0.0
1989-02-15,7.6,68,0.99,8.0,0.289,0.0
1989-02-16,8.9,70,1.02,9.3,0.28,0.0
1989-02-17,10.2,74,0.92,10.0,0.272,0.0
1989-02-18,10.2,80,0.73,10.2,0.267,0.0
1989-02-19,11.3,81,0.67,11.2,0.267,0.5
1989-02-20,10.8,75,0.98,11.4,0.261,0.0
1989-02-21,12.1,73,1.33,12.1,0.253,0.0
1989-02-22,15.4,69,1.87,14.4,0.245,0.0
1989-02-23,13.7,78,1.16,14.5,0.236,0.0
1989-02-24,13.8,76,1.05,14.3,0.23,0.0
1989-02-25,15.0,71,1.71,15.1,0.224,0.0
1989-02-26,15.9,70,1.6,15.5,0.217,0.0
1989-02-27,14.4,65,1.59,15.5,0.209,0.0
1989-02-28,10.7,63,1.22,12.7,0.201,0.0
1989-03-01,10.8,68,1.15,12.8,0.197,1.8
1989-03-02,11.1,82,0.42,12.2,0.375,28.6
1989-03-03,7.3,59,0.82,9.9,0.352,0.3
1989-03-04,7.0,67,0.76,8.7,0.324,0.0
1989-03-05,12.5,69,1.14,12.6,0.309,0.0
1989-03-06,13.5,80,0.9,13.5,0.303,1.7
1989-03-07,16.4,83,1.12,16.1,0.321,2.8
1989-03-08,17.2,76,1.36,16.3,0.331,0.4
1989-03-09,16.4,69,1.52,15.8,0.312,0.0
1989-03-10,15.5,71,1.41,15.2,0.295,0.0
1989-03-11,17.6,77,1.31,17.4,0.347,8.4
1989-03-12,15.6,68,1.28,16.7,0.324,0.0
1989-03-13,13.6,66,1.15,15.3,0.299,0.0
1989-03-14,11.8,60,1.28,14.0,0.279,0.0
1989-03-15,12.8,67,1.38,14.4,0.263,0.0
1989-03-16,10.7,83,0.61,12.2,0.28,6.3
1989-03-17,11.3,63,1.34,12.8,0.304,0.0
1989-03-18,13.3,60,1.43,13.8,0.282,0.0
1989-03-19,15.2,73,1.17,15.4,0.266,0.0
1989-03-20,15.1,71,1.43,16.4,0.252,0.0
1989-03-21,15.7,63,1.84,16.6,0.237,0.0
1989-03-22,16.3,75,1.44,17.5,0.224,0.0
1989-03-23,16.1,70,1.51,17.5,0.214,0.3
1989-03-24,14.8,76,0.83,15.9,0.283,7.9
1989-03-25,12.4,86,0.45,14.2,0.366,22.1
1989-03-26,10.9,63,1.1,13.0,0.362,0.0
1989-03-27,13.2,64,1.18,14.6,0.325,0.0
1989-03-28,16.2,70,1.45,16.5,0.302,0.2
1989-03-29,15.4,66,1.62,16.8,0.283,0.0
1989-03-30,15.1,63,1.86,16.4,0.265,0.0
1989-03-31,16.3,67,1.46,17.1,0.25,0.0
1989-04-01,15.0,53,1.65,16.9,0.236,0.0
1989-04-02,16.2,62,1.69,17.5,0.223,0.0
1989-04-03,16.0,62,1.81,17.6,0.211,0.0
1989-04-04,17.4,58,1.93,18.6,0.2,0.0
1989-04-05,21.3,59,2.82,20.8,0.19,0.0
1989-04-06,22.2,62,3.3,22.3,0.181,0.0
1989-04-07,23.1,57,3.57,23.2,0.172,0.0
1989-04-08,23.4,59,3.21,23.8,0.164,0.0
1989-04-09,24.0,61,3.28,24.8,0.157,0.0
1989-04-10,24.0,53,3.87,25.1,0.15,0.0
1989-04-11,21.2,49,2.99,23.9,0.144,0.0
1989-04-12,21.6,57,2.65,24.0,0.141,0.0
1989-04-13,22.5,58,3.06,25.1,0.138,0.0
1989-04-14,22.3,58,2.93,25.3,0.135,0.0
1989-04-15,21.6,55,2.86,24.9,0.133,0.0
1989-04-16,21.6,57,2.78,24.6,0.132,0.0
1989-04-17,21.7,55,2.51,25.0,0.131,0.0
1989-04-18,21.3,55,2.83,24.6,0.13,0.0
1989-04-19,22.1,54,2.63,25.1,0.129,0.0
1989-04-20,21.8,55,2.6,25.2,0.129,0.0
1989-04-21,19.3,48,2.6,24.3,0.129,0.0
1989-04-22,15.6,46,1.88,20.8,0.128,0.0
1989-04-23,15.5,49,1.88,20.0,0.128,0.0
1989-04-24,11.8,65,1.07,17.6,0.149,5.1
1989-04-25,12.5,64,1.42,16.7,0.188,2.4
1989-04-26,14.0,64,1.46,17.6,0.209,0.6
1989-04-27,15.8,51,2.03,18.9,0.194,0.0
1989-04-28,17.9,46,2.59,20.7,0.176,0.0
1989-04-29,19.2,46,3.09,21.2,0.163,0.0
1989-04-30,19.3,46,2.45,22.2,0.154,0.0
1989-05-01,20.2,48,2.9,23.2,0.146,0.0
1989-05-02,22.2,44,3.52,24.8,0.139,0.0
1989-05-03,23.6,43,3.83,25.9,0.134,0.0
1989-05-04,25.5,45,3.88,28.0,0.131,0.0
1989-05-05,26.4,49,3.81,29.3,0.129,0.0
1989-05-06,27.4,47,4.13,29.9,0.128,0.0
1989-05-07,27.4,49,3.85,30.8,0.127,0.0
1989-05-08,26.8,43,3.97,30.3,0.126,0.0
1989-05-09,20.0,59,1.98,25.4,0.139,5.6
1989-05-10,13.8,58,1.22,18.8,0.203,2.1
1989-05-11,15.2,56,1.44,18.8,0.194,0.2
1989-05-12,17.3,55,1.97,20.8,0.181,0.0
1989-05-13,18.0,53,2.06,21.8,0.166,0.0
1989-05-14,19.3,54,2.32,23.4,0.156,0.4
1989-05-15,19.1,54,2.13,22.9,0.15,0.0
1989-05-16,21.7,52,2.97,25.0,0.143,0.0
1989-05-17,23.7,46,3.83,26.9,0.137,0.0
1989-05-18,20.2,40,3.02,25.2,0.132,0.0
1989-05-19,20.9,28,3.29,25.4,0.13,0.0
1989-05-20,22.7,30,3.81,26.6,0.128,0.0
1989-05-21,21.0,38,3.33,26.2,0.127,0.0
1989-05-22,19.4,39,2.79,25.0,0.126,0.0
1989-05-23,18.3,42,2.11,23.4,0.126,0.0
1989-05-24,18.0,38,2.61,22.7,0.126,0.0
1989-05-25,19.4,42,2.72,23.8,0.125,0.0
1989-05-26,21.7,40,3.27,25.9,0.125,0.0
1989-05-27,21.3,42,3.14,26.2,0.125,0.0
1989-05-28,18.6,41,2.69,24.1,0.125,0.0
1989-05-29,18.0,45,2.26,23.5,0.124,0.0
1989-05-30,19.7,42,2.86,24.7,0.124,0.0
1989-05-31,22.7,37,3.79,26.8,0.124,0.0
1989-06-01,25.5,32,4.85,28.9,0.124,0.0
1989-06-02,26.3,38,4.38,30.0,0.124,0.0
1989-06-03,25.8,38,4.56,30.1,0.124,0.0
1989-06-04,20.8,48,2.56,27.5,0.124,0.0
1989-06-05,21.3,49,2.54,27.0,0.124,0.0
1989-06-06,23.6,50,3.07,28.5,0.124,0.0
1989-06-07,23.9,49,2.77,28.5,0.124,0.0
1989-06-08,23.7,50,2.79,29.1,0.125,0.0
1989-06-09,24.0,43,3.49,29.4,0.125,0.0
1989-06-10,22.9,46,3.14,28.9,0.124,0.0
1989-06-11,23.6,45,3.33,28.9,0.124,0.0
1989-06-12,23.5,45,3.5,29.0,0.124,0.0
1989-06-13,25.8,40,4.36,30.2,0.124,0.0
1989-06-14,27.2,37,4.91,31.3,0.124,0.0
1989-06-15,27.6,46,4.21,32.3,0.124,0.0
1989-06-16,25.8,45,3.8,31.4,0.124,0.0
1989-06-17,26.7,28,4.96,31.3,0.124,0.0
1989-06-18,28.4,30,5.28,32.6,0.124,0.0
1989-06-19,27.1,29,4.99,31.9,0.124,0.0
1989-06-20,26.1,29,4.47,31.0,0.124,0.0
1989-06-21,27.2,24,4.8,32.0,0.124,0.0
1989-06-22,29.3,34,5.64,33.6,0.124,0.0
1989-06-23,27.8,33,4.63,33.1,0.124,0.0
1989-06-24,24.9,42,3.03,31.7,0.124,0.0
1989-06-25,24.5,47,3.12,30.9,0.124,0.0
1989-06-26,26.1,43,3.59,31.8,0.124,0.0
1989-06-27,26.6,40,4.27,32.1,0.124,0.0
1989-06-28,24.7,43,3.94,30.9,0.124,0.0
1989-06-29,22.6,48,2.96,29.7,0.124,0.0
1989-06-30,23.7,49,3.1,29.5,0.124,0.0
1989-07-01,24.6,34,4.17,29.9,0.124,0.0
1989-07-02,25.2,30,4.53,30.3,0.124,0.0
1989-07-03,26.8,32,5.03,31.4,0.124,0.0
1989-07-04,27.9,30,5.36,32.4,0.124,0.0
1989-07-05,29.3,29,5.94,33.7,0.124,0.0
1989-07-06,31.2,26,7.05,35.0,0.124,0.0
1989-07-07,32.0,25,6.51,36.1,0.123,0.0
1989-07-08,31.8,26,6.21,35.8,0.123,0.0
1989-07-09,27.7,27,4.69,33.6,0.123,0.0
1989-07-10,28.0,35,4.74,33.7,0.123,0.0
1989-07-11,27.8,35,4.58,33.3,0.123,0.0
1989-07-12,27.1,40,4.15,33.2,0.123,0.0
1989-07-13,27.7,40,4.43,33.1,0.123,0.0
1989-07-14,27.9,34,4.98,33.1,0.123,0.0
1989-07-15,25.5,34,4.32,31.4,0.123,0.0
1989-07-16,25.4,36,4.33,31.3,0.123,0.0
1989-07-17,28.0,43,4.25,32.9,0.123,0.0
1989-07-18,30.2,43,4.76,34.7,0.123,0.0
1989-07-19,30.6,39,5.15,35.3,0.123,0.0
1989-07-20,31.1,37,5.32,35.8,0.123,0.0
1989-07-21,31.5,37,5.47,36.4,0.123,0.0
1989-07-22,32.2,33,5.71,36.8,0.123,0.0
1989-07-23,31.0,34,5.31,36.5,0.123,0.0
1989-07-24,30.2,31,5.24,35.7,0.123,0.0
1989-07-25,29.8,29,5.66,35.3,0.123,0.0
1989-07-26,27.5,31,4.76,33.4,0.123,0.0
1989-07-27,28.1,32,5.1,33.4,0.123,0.0
1989-07-28,29.0,31,5.37,34.1,0.123,0.0
1989-07-29,28.4,33,4.78,34.0,0.123,0.0
1989-07-30,27.1,37,4.43,32.8,0.123,0.0
1989-07-31,24.9,31,4.0,30.7,0.123,0.0
1989-08-01,24.1,36,3.98,30.0,0.123,0.0
1989-08-02,25.4,31,4.29,30.9,0.123,0.0
1989-08-03,26.8,37,4.45,32.0,0.123,0.0
1989-08-04,27.8,40,4.37,33.0,0.123,0.0
1989-08-05,28.5,43,4.44,33.7,0.123,0.0
1989-08-06,29.0,39,4.39,33.8,0.123,0.0
1989-08-07,28.9,40,4.46,32.7,0.134,1.3
1989-08-08,27.5,58,3.12,30.6,0.223,12.9
1989-08-09,28.3,54,3.25,31.3,0.235,0.0
1989-08-10,28.3,45,3.85,31.5,0.196,0.0
1989-08-11,27.2,40,3.98,31.4,0.169,0.0
1989-08-12,27.2,38,4.17,31.3,0.152,0.0
1989-08-13,28.2,33,5.27,32.0,0.14,0.0
1989-08-14,29.3,29,5.73,33.0,0.133,0.0
1989-08-15,29.5,30,5.79,33.6,0.129,0.0
1989-08-16,28.4,32,5.1,32.9,0.128,0.0
1989-08-17,25.5,41,3.86,31.7,0.127,0.0
1989-08-18,25.8,44,3.75,31.4,0.126,0.0
1989-08-19,26.2,44,3.81,31.5,0.125,0.0
1989-08-20,26.1,43,3.7,31.7,0.125,0.0
1989-08-21,25.4,48,3.27,31.2,0.125,0.0
1989-08-22,26.2,45,3.7,31.5,0.124,0.0
1989-08-23,23.6,50,2.73,29.4,0.124,0.0
1989-08-24,23.8,39,3.52,29.2,0.124,0.0
1989-08-25,24.8,34,3.98,29.7,0.124,0.0
1989-08-26,25.1,37,4.04,30.0,0.124,0.0
1989-08-27,25.5,39,3.96,30.4,0.124,0.0
1989-08-28,26.6,37,4.45,31.2,0.124,0.0
1989-08-29,25.9,40,3.89,31.1,0.124,0.0
1989-08-30,21.8,46,3.06,27.9,0.124,0.0
1989-08-31,23.8,41,3.63,28.9,0.124,0.0
1989-09-01,25.4,37,4.16,29.7,0.124,0.0
1989-09-02,26.4,33,4.48,30.6,0.124,0.0
1989-09-03,26.7,32,4.72,30.9,0.124,0.0
1989-09-04,26.8,33,4.85,31.1,0.124,0.0
1989-09-05,27.3,34,5.01,31.5,0.124,0.0
1989-09-06,26.6,33,4.88,31.3,0.124,0.0
1989-09-07,21.5,44,2.99,27.9,0.124,0.0
1989-09-08,23.6,40,3.48,28.5,0.124,0.0
1989-09-09,24.1,39,3.68,28.6,0.124,0.0
1989-09-10,23.1,44,3.29,28.0,0.124,0.0
1989-09-11,22.3,49,2.99,27.3,0.124,0.0
1989-09-12,23.7,51,3.05,28.3,0.124,0.0
1989-09-13,25.5,47,4.19,29.4,0.124,0.0
1989-09-14,27.2,40,4.85,30.6,0.124,0.0
1989-09-15,27.5,41,4.63,31.1,0.124,0.0
1989-09-16,23.9,64,2.47,28.6,0.15,13.5
1989-09-17,18.0,69,1.35,23.4,0.35,14.9
1989-09-18,15.7,80,0.69,20.2,0.342,10.7
1989-09-19,15.9,72,1.36,19.4,0.331,0.0
1989-09-20,18.1,70,1.5,20.8,0.288,0.0
1989-09-21,20.7,73,1.89,22.6,0.26,0.0
1989-09-22,23.0,72,2.21,24.3,0.236,0.0
1989-09-23,24.8,67,3.11,25.6,0.216,0.0
1989-09-24,22.8,69,2.25,25.5,0.199,0.0
1989-09-25,22.1,62,2.12,25.0,0.185,0.0
1989-09-26,21.9,62,2.49,24.8,0.173,0.0
1989-09-27,20.9,65,2.07,24.4,0.165,0.0
1989-09-28,20.5,66,2.1,22.9,0.16,0.4
1989-09-29,20.3,76,1.64,23.2,0.233,6.3
1989-09-30,19.0,63,1.92,21.9,0.226,0.0
1989-10-01,18.8,63,1.88,21.5,0.208,0.0
1989-10-02,17.9,63,1.56,20.6,0.195,0.0
1989-10-03,16.4,65,1.53,20.2,0.185,0.0
1989-10-04,17.3,59,1.95,20.2,0.176,0.0
1989-10-05,19.3,55,2.48,21.3,0.167,0.0
1989-10-06,20.1,57,2.91,22.0,0.16,0.0
1989-10-07,20.2,59,2.55,22.5,0.153,0.0
1989-10-08,21.5,57,3.11,23.2,0.147,0.0
1989-10-09,22.1,56,3.27,23.9,0.142,0.0
1989-10-10,21.9,54,3.1,23.8,0.139,0.0
1989-10-11,20.9,53,3.03,23.5,0.136,0.0
1989-10-12,21.3,52,3.08,23.3,0.134,0.0
1989-10-13,20.4,54,2.67,23.1,0.133,0.0
1989-10-14,19.0,54,2.31,22.4,0.131,0.0
1989-10-15,17.2,59,1.84,21.0,0.131,0.0
1989-10-16,17.7,61,1.93,20.9,0.13,0.0
1989-10-17,20.1,58,2.73,22.1,0.13,0.0
1989-10-18,22.0,49,3.58,23.2,0.129,0.0
1989-10-19,22.3,41,4.12,23.5,0.128,0.0
1989-10-20,20.0,40,2.63,22.6,0.128,0.0
1989-10-21,17.6,67,1.08,19.8,0.151,3.6
1989-10-22,18.3,68,1.68,20.2,0.166,0.0
1989-10-23,18.9,62,2.05,20.2,0.163,0.5
1989-10-24,16.6,76,1.48,19.2,0.254,7.4
1989-10-25,12.7,73,1.01,16.2,0.283,3.2
1989-10-26,12.3,65,1.24,14.8,0.263,0.0
1989-10-27,13.2,70,1.26,15.3,0.242,0.0
1989-10-28,12.4,65,1.28,15.2,0.226,0.0
1989-10-29,13.0,60,1.5,15.0,0.213,0.0
1989-10-30,13.2,62,1.8,15.1,0.202,0.0
1989-10-31,13.1,62,1.74,15.0,0.192,0.0
1989-11-01,13.9,62,1.88,15.4,0.183,0.0
1989-11-02,13.9,64,1.87,15.7,0.176,0.0
1989-11-03,14.8,61,1.84,16.1,0.17,0.0
1989-11-04,16.0,58,2.19,16.7,0.164,0.0
1989-11-05,15.5,61,1.99,17.0,0.159,0.0
1989-11-06,14.7,65,1.63,17.0,0.155,0.0
1989-11-07,13.7,64,1.62,16.0,0.151,0.0
1989-11-08,13.9,61,1.69,15.7,0.148,0.0
1989-11-09,14.6,60,1.94,15.9,0.145,0.0
1989-11-10,15.5,61,2.11,16.4,0.143,0.0
1989-11-11,16.4,63,2.3,16.9,0.14,0.0
1989-11-12,16.9,57,2.23,17.4,0.138,0.0
1989-11-13,14.6,73,1.4,16.8,0.137,0.0
1989-11-14,13.0,78,1.12,15.6,0.136,0.0
1989-11-15,13.6,72,1.37,15.1,0.135,0.0
1989-11-16,13.8,67,1.48,15.8,0.135,0.0
1989-11-17,13.5,62,1.54,15.0,0.134,0.0
1989-11-18,14.4,62,2.01,15.5,0.133,0.0
1989-11-19,14.8,57,2.08,15.8,0.132,0.0
1989-11-20,15.0,61,1.95,16.0,0.132,0.0
1989-11-21,15.4,57,1.95,15.8,0.131,0.0
1989-11-22,13.5,63,1.38,14.8,0.13,0.0
1989-11-23,11.4,70,1.16,13.6,0.13,0.0
1989-11-24,12.3,76,0.82,13.8,0.13,0.0
1989-11-25,12.5,79,0.97,13.3,0.139,7.5
1989-11-26,10.4,72,0.93,12.7,0.299,9.8
1989-11-27,8.1,67,0.89,10.2,0.278,0.0
1989-11-28,8.5,64,1.13,9.7,0.258,0.0
1989-11-29,8.8,66,1.27,9.6,0.243,0.0
1989-11-30,9.5,63,1.35,10.0,0.232,0.0
1989-12-01,8.8,69,1.04,9.7,0.222,0.0
1989-12-02,9.3,68,1.32,9.8,0.214,0.0
1989-12-03,10.1,65,1.56,10.3,0.207,0.0
1989-12-04,10.1,66,1.38,10.5,0.2,0.0
1989-12-05,12.3,74,1.01,11.6,0.194,0.0
1989-12-06,10.9,85,0.74,12.1,0.19,0.0
1989-12-07,10.5,78,1.13,11.2,0.186,0.0
1989-12-08,11.6,71,1.59,11.8,0.182,0.0
1989-12-09,11.1,69,1.41,11.7,0.178,0.0
1989-12-10,9.2,72,1.04,10.7,0.174,0.0
1989-12-11,8.6,66,1.15,9.5,0.171,0.0
1989-12-12,7.7,62,1.16,8.8,0.168,0.0
1989-12-13,6.9,71,0.99,8.5,0.165,0.0
1989-12-14,7.2,70,1.19,8.4,0.163,0.0
1989-12-15,8.2,65,1.36,8.7,0.16,0.0
1989-12-16,8.0,67,1.23,9.0,0.158,0.0
1989-12-17,8.0,68,1.18,8.9,0.156,0.0
1989-12-18,6.6,81,0.66,8.2,0.155,0.0
1989-12-19,6.9,79,0.79,8.1,0.153,0.0
1989-12-20,6.7,77,0.88,8.1,0.152,0.0
1989-12-21,6.4,79,0.83,8.2,0.151,0.0
1989-12-22,7.6,75,1.06,8.6,0.149,0.0
1989-12-23,8.2,74,1.13,9.0,0.148,0.0
1989-12-24,8.9,69,1.41,9.4,0.147,0.0
1989-12-25,9.3,66,1.42,9.7,0.145,0.0
1989-12-26,9.7,64,1.43,10.4,0.144,0.0
1989-12-27,9.5,64,1.41,10.5,0.143,0.0
1989-12-28,7.9,81,0.51,9.3,0.142,0.0
1989-12-29,7.0,68,0.87,8.7,0.142,0.0
1989-12-30,6.7,66,1.03,8.3,0.141,0.0
1989-12-31,8.5,68,1.42,9.0,0.14,0.0
1990-01-01,7.2,85,0.46,8.2,0.145,4.4
1990-01-02,7.8,74,0.72,8.9,0.285,8.0
1990-01-03,5.8,63,0.74,6.8,0.269,0.0
1990-01-04,5.0,70,0.7,5.9,0.253,0.0
1990-01-05,5.3,72,0.7,5.9,0.242,0.0
1990-01-06,5.3,75,0.81,6.2,0.232,0.0
1990-01-07,8.7,69,0.78,8.4,0.227,0.4
1990-01-08,10.9,76,0.72,10.4,0.221,0.0
1990-01-09,10.7,89,0.7,10.8,0.215,0.0
1990-01-10,11.1,78,1.18,11.1,0.21,0.0
1990-01-11,12.4,68,1.55,11.6,0.204,0.0
1990-01-12,11.3,79,0.88,10.9,0.222,9.4
1990-01-13,11.5,88,0.47,11.5,0.351,15.5
1990-01-14,9.8,85,0.62,10.5,0.362,5.4
1990-01-15,8.7,85,0.53,9.5,0.355,1.8
1990-01-16,6.9,89,0.29,8.1,0.359,12.3
1990-01-17,4.7,86,0.35,6.8,0.362,0.4
1990-01-18,4.7,83,0.52,6.7,0.337,0.0
1990-01-19,5.4,79,0.75,6.6,0.321,0.0
1990-01-20,5.8,80,0.68,7.0,0.309,0.0
1990-01-21,5.9,78,0.8,6.9,0.3,0.0
1990-01-22,6.4,82,0.71,7.1,0.293,0.0
1990-01-23,6.8,83,0.72,7.4,0.286,0.0
1990-01-24,7.4,84,0.65,7.8,0.28,0.0
1990-01-25,9.0,77,1.19,8.8,0.274,0.0
1990-01-26,8.0,73,0.72,8.4,0.267,0.0
1990-01-27,6.3,61,0.77,8.0,0.26,0.0
1990-01-28,7.6,67,0.9,7.7,0.254,0.0
1990-01-29,7.8,75,0.85,8.3,0.248,0.0
1990-01-30,8.4,88,0.4,8.7,0.288,9.3
1990-01-31,6.4,79,0.61,7.6,0.325,0.0
1990-02-01,7.7,74,0.79,8.6,0.339,3.9
1990-02-02,6.8,79,0.53,8.3,0.318,0.0
1990-02-03,8.6,68,1.37,8.6,0.301,0.3
1990-02-04,8.0,75,0.67,9.2,0.38,16.0
1990-02-05,6.6,66,0.75,7.6,0.344,0.0
1990-02-06,6.1,80,0.33,6.4,0.34,5.5
1990-02-07,5.8,64,0.83,7.0,0.352,0.2
1990-02-08,6.0,66,0.68,6.5,0.329,0.0
1990-02-09,7.6,77,0.57,8.1,0.316,0.0
1990-02-10,8.3,86,0.65,8.9,0.306,0.0
1990-02-11,10.2,81,1.06,9.8,0.298,0.0
1990-02-12,12.1,76,0.94,12.1,0.289,0.0
1990-02-13,6.9,51,0.84,9.1,0.278,0.0
1990-02-14,3.6,39,0.82,6.2,0.267,0.0
1990-02-15,3.1,43,0.78,4.5,0.26,0.0
1990-02-16,4.8,70,0.5,4.8,0.322,27.8
1990-02-17,5.4,86,0.57,6.2,0.39,6.2
1990-02-18,4.5,77,0.66,6.4,0.388,1.4
1990-02-19,4.0,72,0.64,6.2,0.359,0.0
1990-02-20,5.5,74,0.71,6.3,0.344,0.0
1990-02-21,7.9,78,0.87,8.5,0.332,0.0
1990-02-22,10.2,75,1.29,9.8,0.321,0.0
1990-02-23,12.3,75,1.37,11.3,0.309,0.0
1990-02-24,13.1,79,1.24,12.6,0.299,0.0
1990-02-25,14.1,76,1.27,13.6,0.292,0.0
1990-02-26,13.4,79,1.18,13.9,0.283,0.0
1990-02-27,13.4,81,1.17,14.2,0.273,0.0
1990-02-28,13.5,80,1.24,14.4,0.263,0.0
1990-03-01,14.3,79,1.15,15.0,0.255,0.0
1990-03-02,14.5,78,0.87,15.2,0.255,3.9
1990-03-03,14.4,79,1.01,15.2,0.32,2.8
1990-03-04,12.2,76,0.85,13.7,0.314,8.6
1990-03-05,9.1,71,0.81,11.2,0.36,0.7
1990-03-06,9.8,74,0.84,11.4,0.323,0.0
1990-03-07,11.9,70,1.47,12.3,0.302,0.0
1990-03-08,11.5,72,0.87,12.7,0.286,0.0
1990-03-09,11.4,67,1.06,12.9,0.272,0.0
1990-03-10,10.6,74,1.1,12.6,0.266,3.2
1990-03-11,7.5,75,0.66,10.8,0.313,3.9
1990-03-12,6.2,75,0.57,9.2,0.316,1.9
1990-03-13,8.1,62,0.94,9.3,0.302,0.0
1990-03-14,10.0,62,1.01,10.6,0.283,0.0
1990-03-15,11.7,77,0.96,13.0,0.267,0.0
1990-03-16,14.6,70,1.89,14.3,0.254,0.0
1990-03-17,15.9,66,1.85,15.8,0.24,0.0
1990-03-18,16.0,71,1.79,16.8,0.226,0.0
1990-03-19,15.8,71,1.31,16.2,0.216,0.0
1990-03-20,18.1,59,2.01,18.4,0.207,0.0
1990-03-21,17.8,63,2.25,18.3,0.196,0.0
1990-03-22,17.6,63,2.05,18.8,0.186,0.0
1990-03-23,16.9,63,2.03,18.6,0.178,0.0
1990-03-24,17.2,64,2.05,18.8,0.17,0.0
1990-03-25,16.3,59,1.97,18.7,0.164,0.0
1990-03-26,15.2,59,1.75,18.0,0.159,0.0
1990-03-27,16.3,55,1.89,18.1,0.154,0.0
1990-03-28,15.5,58,1.61,17.8,0.15,0.0
1990-03-29,14.9,58,1.93,17.5,0.147,0.0
1990-03-30,15.6,59,2.03,18.0,0.144,0.0
1990-03-31,16.4,56,2.17,18.8,0.141,0.0
1990-04-01,16.6,56,2.16,19.2,0.138,0.0
1990-04-02,17.2,53,2.34,19.9,0.136,0.0
1990-04-03,19.7,51,2.96,21.1,0.134,0.0
1990-04-04,19.1,54,2.32,21.7,0.134,0.4
1990-04-05,18.6,54,2.35,21.3,0.134,0.0
1990-04-06,18.1,61,2.1,21.4,0.133,0.0
1990-04-07,16.0,70,1.42,20.0,0.139,4.3
1990-04-08,15.5,60,1.72,18.5,0.165,0.2
1990-04-09,17.2,54,2.3,19.9,0.158,0.0
1990-04-10,20.7,51,3.11,22.1,0.15,0.0
1990-04-11,21.1,42,3.14,23.1,0.143,0.0
1990-04-12,21.2,46,3.23,23.6,0.137,0.0
1990-04-13,22.9,49,3.41,25.2,0.134,0.0
1990-04-14,24.0,52,3.23,26.3,0.131,0.0
1990-04-15,20.8,50,2.4,25.3,0.129,0.0
1990-04-16,16.9,54,1.43,21.5,0.132,2.2
1990-04-17,16.9,60,1.68,20.2,0.14,0.0
1990-04-18,18.1,58,1.96,21.3,0.137,0.0
1990-04-19,18.8,59,2.06,22.1,0.134,0.0
1990-04-20,18.4,59,1.99,22.3,0.133,0.4
1990-04-21,18.8,53,2.14,22.6,0.133,0.0
1990-04-22,18.0,54,2.25,22.1,0.131,0.0
1990-04-23,15.9,73,0.97,19.2,0.184,7.6
1990-04-24,16.1,52,1.94,19.1,0.201,0.0
1990-04-25,18.9,49,2.3,21.0,0.183,0.0
1990-04-26,21.0,51,2.86,22.7,0.167,0.0
1990-04-27,23.3,44,3.28,24.7,0.155,0.0
1990-04-28,22.6,47,3.2,25.4,0.146,0.0
1990-04-29,18.6,30,2.58,23.0,0.138,0.0
1990-04-30,16.7,43,2.58,21.6,0.136,0.2
1990-05-01,18.9,39,3.14,22.7,0.133,0.0
1990-05-02,20.8,37,3.51,24.4,0.13,0.0
1990-05-03,23.2,38,3.92,26.4,0.129,0.0
1990-05-04,25.1,39,4.58,28.1,0.128,0.0
1990-05-05,26.5,41,4.95,29.7,0.126,0.0
1990-05-06,26.8,34,4.82,30.5,0.126,0.0
1990-05-07,24.4,30,4.16,28.9,0.125,0.0
1990-05-08,23.8,32,4.01,28.4,0.125,0.0
1990-05-09,21.7,36,3.18,27.0,0.124,0.0
1990-05-10,18.6,44,2.17,24.6,0.124,0.0
1990-05-11,19.2,44,2.58,25.0,0.124,0.0
1990-05-12,19.8,41,3.03,25.1,0.124,0.0
1990-05-13,20.3,38,2.95,25.3,0.124,0.0
1990-05-14,20.8,41,3.13,26.4,0.124,0.0
1990-05-15,19.5,41,2.94,25.2,0.124,0.0
1990-05-16,22.5,40,3.42,26.8,0.124,0.0
1990-05-17,21.5,34,3.23,26.8,0.124,0.0
1990-05-18,18.1,41,2.82,24.9,0.124,0.0
1990-05-19,16.5,46,2.28,22.8,0.124,0.0
1990-05-20,19.3,44,2.72,24.7,0.124,0.0
1990-05-21,20.9,52,2.67,25.6,0.124,0.0
1990-05-22,22.2,49,3.2,27.2,0.124,0.0
1990-05-23,18.2,61,2.52,24.3,0.142,6.1
1990-05-24,16.9,44,2.4,21.6,0.178,0.0
1990-05-25,19.0,43,2.71,23.1,0.162,0.0
1990-05-26,19.9,44,2.7,24.2,0.15,0.0
1990-05-27,17.1,76,0.88,20.3,0.188,16.0
1990-05-28,16.7,76,1.16,19.3,0.381,21.5
1990-05-29,16.8,60,1.57,19.8,0.315,0.0
1990-05-30,18.1,57,1.93,20.7,0.274,0.0
1990-05-31,17.1,53,1.65,20.3,0.246,0.0
1990-06-01,17.3,50,2.09,20.5,0.221,0.0
1990-06-02,20.8,46,3.08,22.7,0.198,0.0
1990-06-03,22.9,47,3.51,24.5,0.179,0.0
1990-06-04,23.6,49,3.61,25.9,0.164,0.0
1990-06-05,24.3,40,3.99,26.7,0.152,0.0
1990-06-06,24.6,46,3.39,27.4,0.144,0.0
1990-06-07,24.2,51,3.51,27.7,0.138,0.0
1990-06-08,27.3,42,4.26,30.0,0.134,0.0
1990-06-09,28.6,40,4.63,30.8,0.131,0.0
1990-06-10,26.0,35,3.87,30.3,0.132,0.1
1990-06-11,23.8,32,3.67,28.9,0.13,0.0
1990-06-12,23.8,34,3.8,28.4,0.129,0.0
1990-06-13,21.3,38,3.32,27.4,0.128,0.0
1990-06-14,19.6,42,2.54,26.0,0.127,0.0
1990-06-15,21.0,47,2.57,26.6,0.127,0.1
1990-06-16,22.5,44,3.3,27.5,0.126,0.0
1990-06-17,25.1,36,4.19,29.3,0.126,0.0
1990-06-18,24.1,35,3.58,29.2,0.125,0.0
1990-06-19,26.7,34,4.78,30.9,0.125,0.0
1990-06-20,30.7,33,6.8,33.7,0.124,0.0
1990-06-21,32.0,29,6.61,35.6,0.124,0.0
1990-06-22,28.2,35,4.76,33.9,0.124,0.0
1990-06-23,27.4,38,4.68,33.1,0.124,0.0
1990-06-24,28.3,37,4.84,33.5,0.124,0.0
1990-06-25,28.0,34,4.97,33.1,0.124,0.0
1990-06-26,28.5,29,5.63,33.4,0.124,0.0
1990-06-27,28.3,26,5.34,33.0,0.124,0.0
1990-06-28,25.9,35,4.45,31.5,0.124,0.0
1990-06-29,28.1,37,4.96,33.2,0.124,0.0
1990-06-30,29.3,37,5.13,34.0,0.124,0.0
1990-07-01,30.6,31,5.43,35.2,0.124,0.0
1990-07-02,27.7,25,4.49,33.3,0.124,0.0
1990-07-03,26.9,30,4.51,32.9,0.124,0.0
1990-07-04,25.5,34,4.06,31.8,0.124,0.0
1990-07-05,25.1,39,3.9,30.9,0.124,0.0
1990-07-06,25.7,46,3.78,31.1,0.124,0.0
1990-07-07,26.9,34,4.65,32.3,0.124,0.0
1990-07-08,27.6,36,4.49,33.2,0.124,0.0
1990-07-09,28.5,39,4.83,33.9,0.124,0.0
1990-07-10,31.2,35,5.77,35.8,0.124,0.0
1990-07-11,32.9,34,5.96,37.1,0.124,0.0
1990-07-12,34.5,30,6.78,38.2,0.124,0.0
1990-07-13,34.8,34,6.37,39.3,0.124,0.0
1990-07-14,33.7,34,6.25,39.0,0.124,0.0
1990-07-15,32.3,38,5.4,38.0,0.124,0.0
1990-07-16,31.0,43,4.5,37.3,0.123,0.0
1990-07-17,30.1,43,4.57,36.1,0.123,0.0
1990-07-18,30.8,39,5.12,36.0,0.123,0.0
1990-07-19,30.9,38,5.3,36.2,0.123,0.0
1990-07-20,30.8,39,5.13,36.1,0.123,0.0
1990-07-21,31.4,37,6.04,36.4,0.123,0.0
1990-07-22,31.0,32,5.96,36.4,0.123,0.0
1990-07-23,29.8,36,5.2,35.8,0.123,0.0
1990-07-24,27.1,34,4.57,34.1,0.123,0.0
1990-07-25,25.2,40,3.81,32.5,0.123,0.0
1990-07-26,26.2,38,4.21,32.4,0.123,0.0
1990-07-27,27.8,35,4.86,33.3,0.123,0.0
1990-07-28,29.1,35,5.11,34.3,0.123,0.0
1990-07-29,29.6,34,5.24,34.8,0.123,0.0
1990-07-30,30.2,34,5.35,35.4,0.123,0.0
1990-07-31,29.5,37,4.79,35.3,0.123,0.0
1990-08-01,28.9,37,4.69,34.8,0.123,0.0
1990-08-02,29.1,37,4.84,34.8,0.123,0.0
1990-08-03,29.0,41,4.47,34.7,0.123,0.0
1990-08-04,29.2,39,4.69,34.6,0.123,0.0
1990-08-05,30.0,40,4.96,34.9,0.123,0.0
1990-08-06,33.2,36,6.37,36.7,0.123,0.0
1990-08-07,33.5,36,6.29,37.6,0.123,0.0
1990-08-08,33.4,40,6.22,38.1,0.125,0.6
1990-08-09,33.4,38,6.08,37.9,0.13,0.0
1990-08-10,33.0,37,5.71,38.0,0.127,0.0
1990-08-11,32.3,34,5.75,37.4,0.126,0.0
1990-08-12,31.5,32,5.75,36.5,0.125,0.0
1990-08-13,29.5,36,4.95,35.1,0.124,0.0
1990-08-14,27.7,37,4.36,34.0,0.124,0.0
1990-08-15,23.6,46,3.2,30.9,0.124,0.0
1990-08-16,24.0,45,3.32,30.0,0.124,0.0
1990-08-17,24.3,49,3.17,30.1,0.124,0.0
1990-08-18,22.7,51,2.44,28.1,0.124,0.0
1990-08-19,22.2,50,2.73,28.2,0.124,0.0
1990-08-20,24.0,45,3.33,29.6,0.124,0.0
1990-08-21,24.9,41,3.65,30.0,0.124,0.0
1990-08-22,26.3,39,4.18,31.0,0.124,0.0
1990-08-23,27.8,37,4.45,32.4,0.124,0.0
1990-08-24,24.2,41,3.36,30.6,0.124,0.0
1990-08-25,21.0,46,2.7,28.1,0.124,0.0
1990-08-26,22.0,47,2.96,28.3,0.124,0.0
1990-08-27,23.8,44,3.46,28.9,0.124,0.0
1990-08-28,26.0,41,4.15,30.3,0.124,0.0
1990-08-29,27.2,41,4.42,31.1,0.124,0.0
1990-08-30,25.7,44,3.78,30.4,0.124,0.0
1990-08-31,24.6,39,3.81,29.6,0.124,0.0
1990-09-01,25.2,40,4.08,30.0,0.124,0.0
1990-09-02,25.9,39,4.34,30.3,0.124,0.0
1990-09-03,26.0,37,4.12,30.4,0.124,0.0
1990-09-04,26.1,39,4.23,30.7,0.124,0.0
1990-09-05,26.8,44,4.29,31.2,0.124,0.0
1990-09-06,27.4,38,4.31,31.7,0.124,0.0
1990-09-07,27.5,35,4.57,31.4,0.124,0.0
1990-09-08,26.2,31,4.43,30.7,0.124,0.0
1990-09-09,26.6,35,4.68,30.7,0.124,0.0
1990-09-10,27.9,35,4.82,31.7,0.124,0.0
1990-09-11,26.9,40,4.26,31.0,0.124,0.0
1990-09-12,26.4,36,4.59,30.5,0.124,0.0
1990-09-13,25.7,36,4.12,30.2,0.124,0.0
1990-09-14,23.4,38,3.23,28.5,0.124,0.0
1990-09-15,22.9,42,3.3,27.6,0.124,0.0
1990-09-16,22.9,40,3.36,27.5,0.124,0.0
1990-09-17,23.2,41,3.25,27.7,0.124,0.0
1990-09-18,23.2,48,3.09,27.9,0.124,0.0
1990-09-19,22.4,52,2.64,27.2,0.124,0.0
1990-09-20,24.6,52,3.33,28.3,0.124,0.0
1990-09-21,24.1,54,2.96,27.5,0.124,0.0
1990-09-22,22.2,67,2.37,25.8,0.156,3.9
1990-09-23,21.4,67,2.08,24.4,0.203,2.7
1990-09-24,21.8,62,2.21,24.9,0.202,0.0
1990-09-25,22.1,59,2.29,25.5,0.186,0.1
1990-09-26,21.9,55,2.37,25.5,0.173,0.0
1990-09-27,22.3,53,2.48,25.4,0.161,0.0
1990-09-28,22.4,54,2.32,25.6,0.153,0.0
1990-09-29,23.6,54,3.08,26.6,0.146,0.0
1990-09-30,24.5,52,3.32,27.5,0.141,0.0
1990-10-01,25.7,46,3.8,28.3,0.136,0.0
1990-10-02,23.0,50,2.8,26.8,0.133,0.0
1990-10-03,24.1,43,3.35,27.0,0.131,0.0
1990-10-04,26.2,43,4.58,28.2,0.13,0.0
1990-10-05,24.8,51,3.25,28.0,0.129,0.0
1990-10-06,21.3,50,2.39,25.9,0.128,0.0
1990-10-07,20.0,32,2.83,24.0,0.127,0.0
1990-10-08,20.3,30,2.91,23.2,0.127,0.0
1990-10-09,21.0,36,3.54,23.7,0.126,0.0
1990-10-10,20.8,32,3.63,23.5,0.126,0.0
1990-10-11,21.2,30,3.42,23.4,0.126,0.0
1990-10-12,21.3,31,3.51,23.3,0.125,0.0
1990-10-13,20.5,38,2.83,22.9,0.125,0.0
1990-10-14,20.9,47,2.88,23.4,0.125,0.0
1990-10-15,20.5,46,2.95,23.3,0.125,0.0
1990-10-16,19.9,55,2.26,23.2,0.125,0.0
1990-10-17,20.6,41,2.93,23.0,0.124,0.0
1990-10-18,20.4,37,2.62,23.1,0.126,0.0
1990-10-19,17.6,54,1.68,21.1,0.128,0.2
1990-10-20,16.5,36,2.08,19.9,0.128,0.0
1990-10-21,17.8,39,2.6,20.3,0.127,0.0
1990-10-22,18.9,38,2.95,20.9,0.126,0.0
1990-10-23,18.9,47,2.55,21.3,0.126,0.0
1990-10-24,20.6,48,3.01,22.0,0.126,0.0
1990-10-25,21.9,42,3.47,22.5,0.125,0.0
1990-10-26,20.7,45,3.02,22.7,0.125,0.0
1990-10-27,20.1,46,3.0,21.7,0.125,0.0
1990-10-28,19.0,51,2.62,21.4,0.125,0.0
1990-10-29,18.4,55,2.18,21.3,0.125,0.0
1990-10-30,17.2,50,2.11,20.4,0.124,0.0
1990-10-31,15.8,67,1.07,18.4,0.13,1.0
1990-11-01,12.9,54,1.34,16.6,0.136,0.0
1990-11-02,12.1,34,1.62,15.0,0.135,0.0
1990-11-03,11.3,41,1.59,14.1,0.133,0.0
1990-11-04,12.9,42,2.05,15.0,0.132,0.0
1990-11-05,14.9,44,1.56,16.0,0.131,0.0
1990-11-06,13.1,35,1.72,15.6,0.13,0.0
1990-11-07,11.3,30,1.68,13.7,0.129,0.0
1990-11-08,12.3,33,1.92,14.6,0.128,0.0
1990-11-09,14.8,44,2.09,16.1,0.128,0.0
1990-11-10,15.2,55,2.32,16.5,0.127,0.0
1990-11-11,16.6,47,2.67,17.0,0.127,0.0
1990-11-12,16.9,41,2.64,17.4,0.127,0.0
1990-11-13,17.2,40,2.76,17.5,0.126,0.0
1990-11-14,14.6,55,1.54,16.4,0.126,0.0
1990-11-15,13.7,67,1.29,16.2,0.126,0.0
1990-11-16,14.2,63,1.26,15.3,0.126,0.0
1990-11-17,16.2,55,1.81,17.7,0.126,0.0
1990-11-18,14.2,56,1.55,16.5,0.126,0.0
1990-11-19,12.3,72,0.88,14.6,0.128,2.4
1990-11-20,10.2,60,1.13,13.2,0.182,2.6
1990-11-21,9.5,58,1.13,11.6,0.177,0.0
1990-11-22,10.6,65,1.16,11.7,0.172,0.0
1990-11-23,11.0,64,1.43,12.0,0.167,0.0
1990-11-24,11.9,61,1.63,12.4,0.164,0.0
1990-11-25,11.6,62,1.49,12.6,0.164,5.3
1990-11-26,8.6,55,1.04,11.1,0.223,0.4
1990-11-27,6.9,49,0.91,8.5,0.213,0.0
1990-11-28,7.5,58,1.01,8.6,0.204,0.0
1990-11-29,9.4,62,1.42,9.9,0.197,0.0
1990-11-30,9.5,61,1.27,10.4,0.19,0.0
1990-12-01,8.6,59,1.16,9.8,0.184,0.0
1990-12-02,7.6,52,0.95,8.8,0.179,0.0
1990-12-03,8.4,60,1.25,9.2,0.175,0.0
1990-12-04,9.4,59,1.5,9.8,0.171,0.0
1990-12-05,9.3,59,1.19,10.1,0.167,0.0
1990-12-06,9.8,63,1.35,10.1,0.164,0.0
1990-12-07,10.3,61,1.59,10.5,0.161,0.0
1990-12-08,10.5,57,1.74,10.6,0.158,0.0
1990-12-09,11.2,54,1.82,10.8,0.155,0.0
1990-12-10,11.6,48,2.01,11.7,0.152,0.0
1990-12-11,11.0,79,0.57,12.0,0.17,2.7
1990-12-12,10.0,80,0.79,11.4,0.174,0.0
1990-12-13,8.5,73,0.85,10.4,0.171,0.0
1990-12-14,6.4,64,0.94,8.6,0.168,0.0
1990-12-15,4.6,84,0.24,6.3,0.212,6.6
1990-12-16,4.0,82,0.55,6.2,0.251,0.0
1990-12-17,4.1,81,0.46,5.9,0.24,0.0
1990-12-18,4.8,77,0.64,6.0,0.231,0.0
1990-12-19,4.7,86,0.18,6.0,0.27,8.6
1990-12-20,0.5,62,0.57,2.5,0.291,0.0
1990-12-21,-1.4,54,0.49,0.7,0.27,0.0
1990-12-22,-3.8,47,0.4,-0.2,0.256,0.0
1990-12-23,-1.7,50,0.61,-0.3,0.247,0.0
1990-12-24,-0.7,59,0.63,-0.2,0.24,0.0
1990-12-25,0.6,62,0.64,-0.0,0.234,0.0
1990-12-26,1.6,63,0.7,0.6,0.229,0.0
1990-12-27,2.7,64,0.79,1.6,0.224,0.0
1990-12-28,3.1,69,0.6,2.2,0.219,0.0
1990-12-29,2.0,74,0.55,2.2,0.215,0.0
1990-12-30,2.5,60,0.75,1.7,0.211,0.0
1990-12-31,3.2,61,0.81,2.4,0.207,0.0
1991-01-01,3.6,64,0.82,3.0,0.203,0.0
1991-01-02,3.9,68,0.97,3.4,0.199,0.0
1991-01-03,3.9,84,0.27,4.4,0.207,3.9
1991-01-04,7.2,88,0.5,7.3,0.257,2.9
1991-01-05,6.0,90,0.42,6.9,0.254,0.0
1991-01-06,6.5,86,0.65,7.2,0.245,0.0
1991-01-07,7.5,82,0.57,6.8,0.237,0.0
1991-01-08,7.5,87,0.36,7.5,0.233,0.0
1991-01-09,7.8,81,0.59,7.7,0.238,1.0
1991-01-10,7.7,79,0.69,7.6,0.235,0.0
1991-01-11,8.7,79,0.76,8.5,0.228,0.0
1991-01-12,9.6,81,0.78,9.3,0.221,0.0
1991-01-13,10.4,87,0.71,9.7,0.215,0.0
1991-01-14,9.7,89,0.52,9.8,0.212,0.0
1991-01-15,10.0,83,0.74,9.8,0.208,0.0
1991-01-16,9.2,80,0.76,9.8,0.203,0.0
1991-01-17,9.1,69,1.15,9.2,0.198,0.0
1991-01-18,9.4,69,1.37,9.8,0.193,0.0
1991-01-19,9.1,78,0.9,9.9,0.187,0.0
1991-01-20,8.6,77,0.88,9.8,0.183,0.0
1991-01-21,8.2,63,1.19,9.1,0.179,0.0
1991-01-22,7.2,55,1.15,8.2,0.175,0.0
1991-01-23,7.0,58,1.33,8.2,0.171,0.0
1991-01-24,7.6,57,1.39,8.5,0.168,0.0
1991-01-25,8.0,60,1.36,8.8,0.164,0.0
1991-01-26,7.4,71,1.01,8.7,0.161,0.0
1991-01-27,8.0,70,1.04,9.1,0.159,0.0
1991-01-28,7.5,65,1.08,8.5,0.157,0.0
1991-01-29,7.0,68,0.95,8.4,0.155,0.0
1991-01-30,8.2,58,1.59,8.9,0.152,0.0
1991-01-31,9.3,54,1.49,9.9,0.15,0.0
1991-02-01,10.8,53,1.94,10.9,0.148,0.0
1991-02-02,9.5,61,0.84,9.6,0.166,4.1
1991-02-03,11.7,76,1.11,11.7,0.2,0.0
1991-02-04,12.2,76,1.35,12.3,0.193,0.0
1991-02-05,13.1,81,0.85,13.3,0.262,5.7
1991-02-06,11.9,78,1.03,12.7,0.258,0.0
1991-02-07,12.0,78,1.38,12.8,0.241,0.0
1991-02-08,13.1,69,1.53,13.2,0.227,0.0
1991-02-09,12.7,73,1.46,13.5,0.215,0.0
1991-02-10,12.1,73,1.47,13.3,0.204,0.0
1991-02-11,12.1,73,1.36,13.2,0.195,0.0
1991-02-12,12.4,72,1.46,13.7,0.188,0.0
1991-02-13,13.7,71,1.48,14.2,0.181,0.0
1991-02-14,15.0,69,1.68,15.2,0.175,0.0
1991-02-15,16.5,69,1.71,16.4,0.169,0.0
1991-02-16,14.8,73,1.2,16.1,0.197,3.0
1991-02-17,12.5,64,1.07,14.0,0.195,0.0
1991-02-18,11.8,63,1.15,13.4,0.188,0.0
1991-02-19,12.4,64,1.64,13.9,0.18,0.0
1991-02-20,14.0,63,1.89,14.9,0.173,0.0
1991-02-21,15.9,62,2.31,16.1,0.167,0.0
1991-02-22,13.4,62,1.6,15.4,0.161,0.0
1991-02-23,13.6,60,1.58,15.4,0.156,0.0
1991-02-24,14.2,63,1.86,15.9,0.152,0.0
1991-02-25,15.4,59,2.37,16.8,0.147,0.0
1991-02-26,15.4,59,2.17,17.2,0.144,0.0
1991-02-27,12.6,78,0.6,14.1,0.175,13.6
1991-02-28,13.0,84,0.98,14.1,0.369,14.1
1991-03-01,11.6,86,0.52,13.2,0.404,24.5
1991-03-02,11.6,76,1.18,12.7,0.362,0.0
1991-03-03,13.6,77,0.75,13.3,0.365,15.0
1991-03-04,14.7,91,0.23,14.1,0.421,36.9
1991-03-05,11.4,73,0.85,13.2,0.4,1.2
1991-03-06,8.9,63,0.91,11.5,0.372,0.0
1991-03-07,9.3,71,0.91,11.4,0.351,0.0
1991-03-08,10.5,70,1.18,11.9,0.335,0.0
1991-03-09,11.9,65,1.54,12.3,0.321,0.0
1991-03-10,10.0,73,1.27,11.9,0.318,6.6
1991-03-11,7.6,67,0.91,10.7,0.362,1.4
1991-03-12,9.5,61,1.1,10.7,0.332,0.0
1991-03-13,9.0,85,0.36,11.1,0.389,18.0
1991-03-14,8.6,70,0.79,10.3,0.375,0.5
1991-03-15,6.2,74,0.63,9.4,0.37,2.6
1991-03-16,8.0,67,1.05,9.7,0.351,0.0
1991-03-17,9.5,75,0.77,9.4,0.366,15.7
1991-03-18,8.9,91,0.22,9.9,0.426,35.9
1991-03-19,9.5,77,0.72,11.0,0.416,15.5
1991-03-20,8.3,87,0.31,10.6,0.421,14.2
1991-03-21,8.6,78,0.74,10.6,0.402,0.2
1991-03-22,10.1,68,0.96,11.0,0.378,0.0
1991-03-23,11.5,65,1.03,12.0,0.361,0.0
1991-03-24,11.2,73,0.9,11.8,0.381,11.5
1991-03-25,8.5,84,0.5,10.7,0.422,16.8
1991-03-26,6.4,90,0.28,8.3,0.421,15.4
1991-03-27,8.0,77,0.9,9.1,0.403,0.0
1991-03-28,10.3,74,1.03,11.3,0.378,0.0
1991-03-29,12.7,74,1.02,12.9,0.361,0.0
1991-03-30,14.8,72,1.61,14.7,0.346,0.0
1991-03-31,15.9,71,1.71,15.8,0.333,2.0
1991-04-01,13.0,75,0.89,14.8,0.366,2.9
1991-04-02,12.9,72,1.07,14.4,0.345,0.0
1991-04-03,14.6,71,1.35,15.3,0.325,0.0
1991-04-04,16.7,68,1.81,16.6,0.309,0.0
1991-04-05,16.6,67,1.71,16.9,0.294,0.0
1991-04-06,15.6,70,1.15,16.6,0.281,0.0
1991-04-07,12.9,53,1.35,15.1,0.269,0.0
1991-04-08,13.1,55,1.43,15.0,0.257,0.0
1991-04-09,15.5,59,1.8,16.1,0.245,0.0
1991-04-10,13.0,46,1.45,15.2,0.233,0.0
1991-04-11,11.9,35,1.72,14.1,0.222,0.0
1991-04-12,13.0,47,1.56,14.4,0.214,0.0
1991-04-13,15.1,55,1.9,16.0,0.205,0.0
1991-04-14,15.6,60,1.81,17.0,0.197,0.0
1991-04-15,13.1,54,1.48,16.2,0.189,0.0
1991-04-16,12.6,54,1.42,15.7,0.183,0.0
1991-04-17,14.1,53,1.69,16.4,0.177,0.0
1991-04-18,14.7,56,1.89,17.1,0.171,0.0
1991-04-19,15.6,52,1.84,17.4,0.167,0.0
1991-04-20,13.0,69,0.81,15.0,0.2,6.2
1991-04-21,14.7,70,1.31,16.4,0.23,0.5
1991-04-22,16.4,60,1.77,18.0,0.218,0.0
1991-04-23,15.1,61,1.6,17.7,0.202,0.0
1991-04-24,14.5,61,1.49,17.0,0.189,0.1
1991-04-25,13.9,55,1.55,16.9,0.181,0.0
1991-04-26,15.5,59,1.48,17.7,0.173,0.0
1991-04-27,16.4,48,2.4,18.0,0.166,0.0
1991-04-28,18.0,41,2.43,19.4,0.158,0.0
1991-04-29,19.6,46,2.56,20.4,0.151,0.0
1991-04-30,20.8,39,3.74,21.4,0.146,0.0
1991-05-01,12.3,54,1.19,16.9,0.152,3.0
1991-05-02,12.8,56,1.27,16.0,0.17,0.0
1991-05-03,14.6,56,1.78,17.2,0.163,0.0
1991-05-04,17.7,53,2.46,19.7,0.156,0.0
1991-05-05,20.9,48,3.29,22.1,0.148,0.0
1991-05-06,22.3,35,3.22,23.4,0.141,0.0
1991-05-07,21.9,46,2.87,24.0,0.137,0.0
1991-05-08,19.4,46,2.35,22.7,0.134,0.0
1991-05-09,14.5,43,1.88,19.3,0.133,0.0
1991-05-10,15.8,40,2.08,20.0,0.132,0.0
1991-05-11,17.0,45,2.44,20.6,0.131,0.0
1991-05-12,17.9,49,2.41,21.8,0.129,0.0
1991-05-13,16.8,55,1.68,20.4,0.13,0.8
1991-05-14,16.4,56,1.87,19.9,0.132,0.0
1991-05-15,20.1,49,2.7,22.8,0.13,0.0
1991-05-16,20.5,46,2.99,23.8,0.129,0.0
1991-05-17,14.9,48,1.76,20.4,0.128,0.1
1991-05-18,13.4,54,1.38,18.3,0.128,0.0
1991-05-19,15.7,53,1.83,20.2,0.128,0.0
1991-05-20,18.4,44,2.45,22.2,0.127,0.0
1991-05-21,19.7,49,2.4,23.5,0.126,0.0
1991-05-22,21.7,51,2.82,24.9,0.126,0.0
1991-05-23,24.3,51,3.56,27.1,0.125,0.0
1991-05-24,25.8,43,4.37,28.3,0.125,0.0
1991-05-25,25.4,35,4.27,28.5,0.125,0.0
1991-05-26,21.1,32,3.23,26.1,0.124,0.0
1991-05-27,21.5,37,3.37,25.8,0.124,0.0
1991-05-28,21.8,37,3.5,26.4,0.124,0.0
1991-05-29,20.1,38,3.0,24.9,0.124,0.0
1991-05-30,18.2,49,1.95,22.6,0.124,0.0
1991-05-31,20.7,30,3.12,24.6,0.124,0.0
1991-06-01,23.2,37,3.73,26.7,0.124,0.0
1991-06-02,24.8,44,3.63,28.4,0.124,0.0
1991-06-03,25.0,45,3.59,29.2,0.124,0.0
1991-06-04,25.9,38,3.87,30.1,0.124,0.0
1991-06-05,24.9,31,3.83,29.4,0.124,0.0
1991-06-06,23.9,31,3.78,28.9,0.124,0.0
1991-06-07,24.0,34,3.87,28.7,0.124,0.0
1991-06-08,25.3,38,3.91,29.3,0.124,0.0
1991-06-09,27.2,41,4.4,30.9,0.124,0.0
1991-06-10,28.6,41,4.86,32.2,0.124,0.0
1991-06-11,30.0,37,5.75,33.4,0.124,0.0
1991-06-12,28.7,32,4.81,32.7,0.124,0.0
1991-06-13,25.8,32,4.13,31.3,0.124,0.0
1991-06-14,24.4,33,3.8,29.7,0.124,0.0
1991-06-15,25.3,31,4.38,30.1,0.124,0.0
1991-06-16,25.0,31,4.22,29.4,0.124,0.0
1991-06-17,25.7,29,4.15,29.5,0.124,0.0
1991-06-18,26.0,29,4.5,30.7,0.124,0.0
1991-06-19,21.2,38,2.99,27.6,0.124,0.0
1991-06-20,21.7,38,3.55,27.1,0.124,0.0
1991-06-21,21.6,33,3.38,26.9,0.124,0.0
1991-06-22,20.9,41,3.2,26.6,0.124,0.0
1991-06-23,20.8,42,3.1,26.7,0.124,0.0
1991-06-24,19.9,47,2.64,26.1,0.124,0.0
1991-06-25,20.0,49,2.78,25.9,0.124,0.0
1991-06-26,21.6,46,3.18,26.8,0.124,0.0
1991-06-27,21.4,46,2.63,26.4,0.124,0.0
1991-06-28,21.0,55,1.82,25.4,0.126,0.3
1991-06-29,21.6,54,2.4,25.8,0.13,0.1
1991-06-30,24.8,45,4.11,28.5,0.128,0.0
1991-07-01,29.1,37,5.11,31.8,0.126,0.0
1991-07-02,32.0,38,6.18,34.7,0.125,0.0
1991-07-03,33.0,38,6.08,36.2,0.124,0.0
1991-07-04,33.4,37,6.27,37.0,0.124,0.0
1991-07-05,33.7,35,6.58,37.6,0.124,0.0
1991-07-06,32.0,35,5.57,36.8,0.124,0.0
1991-07-07,30.1,40,4.37,35.2,0.124,0.0
1991-07-08,29.4,43,3.83,35.0,0.124,0.0
1991-07-09,28.0,39,3.93,33.9,0.124,0.0
1991-07-10,27.0,39,4.15,32.9,0.124,0.0
1991-07-11,28.1,39,4.5,33.4,0.124,0.0
1991-07-12,29.7,35,5.2,34.5,0.124,0.0
1991-07-13,28.3,36,4.67,33.6,0.124,0.0
1991-07-14,27.5,35,4.62,33.0,0.124,0.0
1991-07-15,26.9,40,4.06,32.8,0.124,0.0
1991-07-16,26.3,42,3.72,32.3,0.124,0.0
1991-07-17,26.3,43,3.93,31.8,0.124,0.0
1991-07-18,26.6,40,4.12,32.0,0.124,0.0
1991-07-19,25.7,44,3.26,32.0,0.124,0.0
1991-07-20,26.1,45,3.43,32.1,0.124,0.0
1991-07-21,27.3,44,3.91,32.6,0.124,0.0
1991-07-22,28.9,43,4.48,33.9,0.124,0.0
1991-07-23,29.3,41,4.88,34.2,0.124,0.0
1991-07-24,27.6,40,4.3,33.2,0.124,0.0
1991-07-25,26.5,41,3.98,32.6,0.124,0.0
1991-07-26,28.2,39,4.47,33.4,0.124,0.0
1991-07-27,29.1,42,4.43,34.4,0.124,0.0
1991-07-28,29.8,42,4.46,35.0,0.124,0.0
1991-07-29,30.6,40,4.97,35.5,0.124,0.0
1991-07-30,31.5,39,5.36,36.1,0.124,0.0
1991-07-31,31.2,41,4.44,36.4,0.124,0.0
1991-08-01,28.9,38,4.33,34.8,0.124,0.0
1991-08-02,26.5,34,4.37,32.8,0.124,0.0
1991-08-03,24.8,42,3.61,31.2,0.124,0.0
1991-08-04,23.5,48,3.13,30.4,0.124,0.0
1991-08-05,23.3,49,2.97,30.1,0.124,0.0
1991-08-06,23.7,48,2.98,30.0,0.124,0.0
1991-08-07,24.9,51,3.39,30.5,0.124,0.0
1991-08-08,27.0,42,4.56,31.5,0.124,0.0
1991-08-09,27.5,36,4.79,32.1,0.124,0.0
1991-08-10,28.0,43,4.78,32.7,0.124,0.0
1991-08-11,28.9,37,4.7,33.6,0.124,0.0
1991-08-12,28.1,43,3.82,32.6,0.124,0.0
1991-08-13,29.9,44,4.52,34.2,0.124,0.0
1991-08-14,29.3,46,3.56,34.4,0.124,0.0
1991-08-15,26.5,49,2.94,32.1,0.124,0.0
1991-08-16,26.7,42,3.75,32.2,0.124,0.0
1991-08-17,26.6,41,3.77,31.7,0.124,0.0
1991-08-18,26.2,43,3.76,31.7,0.124,0.0
1991-08-19,26.3,44,3.81,31.7,0.124,0.0
1991-08-20,26.4,46,3.88,31.6,0.124,0.0
1991-08-21,26.6,44,4.22,31.6,0.124,0.0
1991-08-22,26.6,41,4.34,31.6,0.124,0.0
1991-08-23,27.0,42,4.24,32.0,0.124,0.0
1991-08-24,29.6,41,5.2,33.8,0.124,0.0
1991-08-25,27.6,36,4.27,33.0,0.124,0.0
1991-08-26,23.8,39,3.4,30.1,0.124,0.0
1991-08-27,21.3,43,2.84,27.9,0.124,0.0
1991-08-28,22.6,48,3.3,28.1,0.124,0.0
1991-08-29,25.5,49,3.81,29.7,0.124,0.0
1991-08-30,27.1,40,4.43,31.0,0.124,0.0
1991-08-31,25.9,42,3.96,30.4,0.124,0.0
1991-09-01,26.4,45,4.13,31.0,0.124,0.0
1991-09-02,29.3,42,5.16,33.0,0.124,0.0
1991-09-03,29.6,41,4.67,33.4,0.124,0.0
1991-09-04,29.6,40,4.83,33.9,0.124,0.0
1991-09-05,30.0,41,4.74,34.0,0.124,0.0
1991-09-06,29.1,44,3.86,33.6,0.124,0.0
1991-09-07,27.1,51,3.4,32.4,0.124,0.0
1991-09-08,26.8,45,3.69,31.7,0.124,0.0
1991-09-09,22.5,36,2.99,29.0,0.124,0.0
1991-09-10,20.0,47,2.41,26.3,0.124,0.0
1991-09-11,22.5,46,2.9,27.3,0.124,0.0
1991-09-12,24.6,43,3.59,28.6,0.124,0.0
1991-09-13,25.4,40,4.07,29.3,0.124,0.0
1991-09-14,25.3,39,3.96,29.6,0.124,0.0
1991-09-15,25.3,42,3.88,29.7,0.124,0.0
1991-09-16,26.8,41,4.32,30.7,0.124,0.0
1991-09-17,27.5,39,4.64,31.2,0.124,0.0
1991-09-18,27.6,40,4.65,31.4,0.124,0.0
1991-09-19,27.7,42,4.53,31.4,0.124,0.0
1991-09-20,27.3,45,3.92,31.4,0.124,0.0
1991-09-21,26.7,47,3.69,30.9,0.124,0.0
1991-09-22,26.7,45,3.95,30.8,0.124,0.0
1991-09-23,26.7,42,4.14,30.7,0.124,0.0
1991-09-24,26.7,44,4.41,30.3,0.124,0.0
1991-09-25,28.3,39,4.85,31.4,0.125,0.2
1991-09-26,27.2,47,3.77,30.8,0.127,0.0
1991-09-27,25.4,47,3.38,29.7,0.126,0.0
1991-09-28,25.1,47,3.75,29.3,0.125,0.0
1991-09-29,26.7,41,4.27,30.0,0.125,0.0
1991-09-30,27.2,42,4.25,30.5,0.124,0.0
1991-10-01,26.4,45,3.95,30.1,0.124,0.0
1991-10-02,26.5,47,3.79,29.9,0.124,0.0
1991-10-03,26.6,46,4.0,29.6,0.124,0.0
1991-10-04,26.5,47,3.98,29.7,0.124,0.0
1991-10-05,25.3,47,3.69,29.0,0.124,0.0
1991-10-06,24.5,47,3.59,28.2,0.124,0.0
1991-10-07,24.6,43,3.77,28.1,0.124,0.0
1991-10-08,24.8,43,3.87,27.8,0.124,0.0
1991-10-09,24.7,42,3.94,28.0,0.124,0.0
1991-10-10,25.5,40,4.11,28.0,0.124,0.0
1991-10-11,25.5,42,4.01,28.1,0.124,0.0
1991-10-12,26.0,40,3.77,28.6,0.124,0.0
1991-10-13,25.0,47,3.53,27.7,0.124,0.0
1991-10-14,24.6,47,3.58,27.3,0.124,0.0
1991-10-15,24.5,48,3.57,26.9,0.124,0.0
1991-10-16,24.9,48,3.45,26.8,0.124,0.0
1991-10-17,24.3,50,3.18,26.8,0.124,0.0
1991-10-18,23.2,53,3.02,26.6,0.124,0.0
1991-10-19,22.5,51,3.0,25.4,0.124,0.0
1991-10-20,22.4,49,3.08,25.1,0.124,0.0
1991-10-21,23.0,44,3.46,25.4,0.124,0.0
1991-10-22,20.3,60,1.95,24.3,0.124,0.0
1991-10-23,16.4,49,1.66,21.2,0.124,0.0
1991-10-24,14.4,40,1.77,18.7,0.124,0.0
1991-10-25,15.0,63,1.04,18.2,0.126,0.5
1991-10-26,13.6,86,0.62,16.2,0.312,43.4
1991-10-27,11.7,61,1.0,14.7,0.339,0.0
1991-10-28,10.8,52,0.99,13.5,0.302,0.0
1991-10-29,11.5,61,1.02,13.8,0.282,0.0
1991-10-30,11.3,72,0.83,13.9,0.268,0.0
1991-10-31,12.3,62,1.19,13.8,0.256,0.0
1991-11-01,13.3,61,1.41,14.2,0.245,0.0
1991-11-02,14.1,65,1.4,14.7,0.235,0.0
1991-11-03,14.7,71,1.43,15.4,0.226,0.0
1991-11-04,15.2,73,1.38,16.1,0.219,0.0
1991-11-05,16.7,69,1.5,17.0,0.211,0.0
1991-11-06,17.5,69,1.63,17.5,0.204,0.0
1991-11-07,18.5,73,1.83,18.2,0.198,0.0
1991-11-08,19.3,69,2.31,19.4,0.194,0.6
1991-11-09,17.3,78,1.15,18.9,0.193,0.0
1991-11-10,16.7,78,1.13,18.3,0.188,0.0
1991-11-11,16.6,75,1.38,17.7,0.184,0.0
1991-11-12,16.1,76,1.56,17.6,0.18,0.0
1991-11-13,15.9,71,1.4,16.9,0.176,0.0
1991-11-14,12.6,50,1.17,14.9,0.171,0.0
1991-11-15,10.6,49,1.24,12.6,0.168,0.0
1991-11-16,10.4,55,1.31,12.2,0.165,0.0
1991-11-17,10.7,68,0.82,12.1,0.225,15.2
1991-11-18,10.9,75,0.91,12.3,0.327,3.4
1991-11-19,11.1,67,1.0,11.6,0.295,0.0
1991-11-20,12.0,68,1.29,12.5,0.275,0.0
1991-11-21,13.2,66,0.91,14.3,0.26,0.0
1991-11-22,10.2,65,0.91,12.3,0.248,0.0
1991-11-23,12.1,73,1.2,12.6,0.239,0.0
1991-11-24,11.9,71,1.28,12.4,0.231,0.0
1991-11-25,11.6,72,1.24,12.3,0.224,0.0
1991-11-26,12.5,71,1.18,12.4,0.217,0.0
1991-11-27,11.2,70,0.93,11.8,0.213,0.2
1991-11-28,8.0,53,1.02,10.2,0.208,0.0
1991-11-29,7.5,51,1.33,8.8,0.202,0.0
1991-11-30,6.6,40,0.96,8.8,0.195,0.0
1991-12-01,5.8,50,0.97,7.3,0.191,0.0
1991-12-02,6.9,50,1.08,7.6,0.188,0.0
1991-12-03,7.9,56,1.3,8.5,0.184,0.0
1991-12-04,8.5,67,1.3,9.0,0.182,0.0
1991-12-05,9.0,69,1.31,9.4,0.179,0.0
1991-12-06,9.2,70,1.28,9.5,0.176,0.0
1991-12-07,8.3,87,0.25,8.5,0.205,6.7
1991-12-08,8.3,80,0.77,9.6,0.25,0.4
1991-12-09,8.9,66,0.99,8.9,0.241,0.0
1991-12-10,7.8,74,0.9,8.7,0.233,0.0
1991-12-11,7.9,73,0.82,8.5,0.226,0.0
1991-12-12,8.1,72,1.0,8.3,0.22,0.0
1991-12-13,7.8,76,0.87,8.2,0.215,0.0
1991-12-14,8.5,77,1.0,8.8,0.21,0.0
1991-12-15,9.2,76,1.14,9.3,0.205,0.0
1991-12-16,9.3,73,1.25,9.3,0.201,0.0
1991-12-17,10.3,71,1.11,10.1,0.198,0.3
1991-12-18,11.2,85,0.42,11.3,0.233,3.4
1991-12-19,7.8,66,0.8,9.3,0.235,0.0
1991-12-20,6.0,69,0.73,7.0,0.228,0.0
1991-12-21,6.7,71,1.01,6.8,0.222,0.0
1991-12-22,8.4,66,1.29,8.1,0.216,0.0
1991-12-23,7.9,72,0.88,8.0,0.211,0.0
1991-12-24,7.5,74,0.85,7.8,0.207,0.0
1991-12-25,6.9,80,0.81,7.4,0.203,0.0
1991-12-26,8.2,75,1.06,8.0,0.2,0.0
1991-12-27,10.4,63,1.47,9.5,0.198,2.5
1991-12-28,10.0,80,0.55,10.3,0.309,8.2
1991-12-29,8.8,84,0.29,8.9,0.363,18.1
1991-12-30,7.7,84,0.61,8.4,0.349,0.0
1991-12-31,8.3,79,0.8,8.3,0.319,0.0
1992-01-01,7.2,83,0.75,7.9,0.303,0.0
1992-01-02,7.0,83,0.68,7.5,0.292,0.0
1992-01-03,7.4,81,0.57,7.5,0.287,0.2
1992-01-04,10.1,78,0.75,9.5,0.283,0.0
1992-01-05,8.6,88,0.38,9.3,0.374,30.3
1992-01-06,6.3,94,0.16,7.6,0.399,5.3
1992-01-07,6.5,90,0.29,7.3,0.398,5.3
1992-01-08,5.5,87,0.42,6.7,0.378,0.0
1992-01-09,5.6,86,0.55,6.4,0.362,0.0
1992-01-10,6.1,87,0.5,6.5,0.351,0.0
1992-01-11,6.2,77,0.67,6.5,0.341,0.0
1992-01-12,4.8,72,0.57,5.6,0.332,0.0
1992-01-13,5.4,72,0.73,5.5,0.325,0.0
1992-01-14,5.9,79,0.59,6.1,0.318,0.0
1992-01-15,6.6,83,0.74,6.7,0.312,0.0
1992-01-16,7.6,81,0.77,7.5,0.306,0.0
1992-01-17,6.2,90,0.37,7.0,0.3,0.0
1992-01-18,6.3,88,0.48,7.2,0.297,0.0
1992-01-19,6.6,82,0.69,7.5,0.292,0.0
1992-01-20,7.3,80,0.84,7.7,0.286,0.0
1992-01-21,7.8,79,0.73,7.7,0.281,0.0
1992-01-22,6.3,84,0.72,7.5,0.276,0.0
1992-01-23,5.6,85,0.69,7.2,0.271,0.0
1992-01-24,7.1,79,0.89,7.4,0.267,0.0
1992-01-25,8.5,77,0.82,8.5,0.262,0.0
1992-01-26,9.4,83,0.71,9.5,0.258,0.0
1992-01-27,8.3,85,0.75,8.9,0.254,0.0
1992-01-28,9.9,80,0.86,9.5,0.25,0.2
1992-01-29,9.2,88,0.58,10.5,0.247,0.0
1992-01-30,9.5,84,0.99,9.8,0.243,0.0
1992-01-31,11.4,73,1.44,10.5,0.239,0.0
1992-02-01,10.3,73,0.73,10.6,0.235,0.0
1992-02-02,9.0,80,0.68,10.1,0.232,0.0
1992-02-03,8.3,77,0.81,9.3,0.228,0.0
1992-02-04,9.7,62,1.52,9.8,0.223,0.0
1992-02-05,11.3,62,1.35,10.3,0.219,0.2
1992-02-06,11.2,85,0.46,11.5,0.234,2.1
1992-02-07,11.6,93,0.27,11.6,0.308,7.5
1992-02-08,12.2,85,0.77,12.0,0.315,0.0
1992-02-09,12.7,75,0.94,12.4,0.296,1.2
1992-02-10,11.3,83,0.54,11.7,0.378,13.3
1992-02-11,12.3,79,0.66,12.0,0.382,8.0
1992-02-12,11.5,88,0.32,11.7,0.409,20.2
1992-02-13,10.5,87,0.42,11.1,0.42,13.5
1992-02-14,10.9,79,0.84,11.2,0.391,2.8
1992-02-15,9.5,84,0.44,11.0,0.423,25.8
1992-02-16,8.9,87,0.42,10.3,0.411,6.0
1992-02-17,10.0,83,0.62,10.7,0.389,0.0
1992-02-18,11.3,78,0.91,11.3,0.372,0.6
1992-02-19,13.5,80,0.88,13.2,0.364,0.8
1992-02-20,14.6,85,0.69,14.2,0.398,7.5
1992-02-21,13.7,81,0.93,14.1,0.371,0.0
1992-02-22,14.2,78,0.9,14.5,0.354,0.0
1992-02-23,12.5,77,0.88,13.7,0.341,0.0
1992-02-24,12.8,78,1.16,13.3,0.33,0.0
1992-02-25,14.2,78,1.34,13.9,0.32,0.0
1992-02-26,14.3,77,1.5,14.5,0.31,0.0
1992-02-27,15.1,77,1.5,15.0,0.301,0.0
1992-02-28,15.4,76,1.53,15.1,0.293,0.0
1992-02-29,15.1,65,1.65,14.9,0.285,0.0
1992-03-01,14.7,60,1.34,14.9,0.29,1.1
1992-03-02,13.2,75,0.92,13.8,0.296,4.5
1992-03-03,13.5,84,0.69,14.2,0.344,2.4
1992-03-04,13.0,76,1.03,14.2,0.33,0.0
1992-03-05,12.1,78,0.96,13.1,0.33,10.4
1992-03-06,11.6,79,0.9,13.2,0.381,2.8
1992-03-07,11.1,80,0.63,12.5,0.352,0.0
1992-03-08,11.7,78,0.8,12.4,0.348,1.4
1992-03-09,13.3,75,0.99,13.3,0.334,0.0
1992-03-10,13.5,78,1.05,13.8,0.319,0.0
1992-03-11,14.4,77,1.06,14.8,0.305,0.0
1992-03-12,15.0,76,1.37,15.2,0.293,0.0
1992-03-13,15.1,64,1.64,15.4,0.281,0.0
1992-03-14,13.0,74,1.29,14.2,0.283,5.7
1992-03-15,13.6,75,1.28,15.1,0.334,0.7
1992-03-16,13.2,72,1.04,14.7,0.325,2.1
1992-03-17,12.1,72,1.06,13.7,0.311,0.0
1992-03-18,12.8,71,1.26,13.9,0.294,0.0
1992-03-19,13.6,75,1.25,14.4,0.28,0.0
1992-03-20,13.7,81,0.88,14.6,0.304,6.8
1992-03-21,13.7,81,0.82,15.0,0.39,10.5
1992-03-22,13.6,81,1.08,15.0,0.38,10.5
1992-03-23,12.9,74,1.02,14.5,0.388,3.6
1992-03-24,13.4,72,1.19,14.3,0.358,0.0
1992-03-25,14.5,78,0.98,15.2,0.349,3.7
1992-03-26,15.8,74,1.36,16.5,0.361,0.0
1992-03-27,16.7,71,1.28,16.7,0.336,0.0
1992-03-28,15.5,79,1.03,16.7,0.322,0.1
1992-03-29,15.7,76,1.34,16.7,0.316,0.7
1992-03-30,14.2,80,0.91,16.3,0.353,13.5
1992-03-31,13.4,77,0.93,15.5,0.375,0.3
1992-04-01,15.4,77,1.06,16.9,0.346,0.0
1992-04-02,17.1,76,1.34,18.2,0.326,0.0
1992-04-03,17.9,75,1.42,18.6,0.308,0.0
1992-04-04,15.8,64,1.43,17.5,0.292,0.0
1992-04-05,14.2,62,1.38,16.4,0.277,0.0
1992-04-06,14.5,58,1.76,16.3,0.263,0.0
1992-04-07,16.1,58,2.05,16.9,0.25,0.0
1992-04-08,17.3,59,2.34,17.9,0.237,0.0
1992-04-09,17.4,57,2.26,18.3,0.225,0.0
1992-04-10,17.7,66,2.0,19.0,0.213,0.0
1992-04-11,18.3,60,2.33,18.9,0.205,0.0
1992-04-12,18.1,59,2.37,19.3,0.2,2.6
1992-04-13,17.1,74,1.25,18.7,0.265,2.6
1992-04-14,16.9,58,1.67,18.4,0.247,0.0
1992-04-15,16.4,58,1.69,18.3,0.228,0.0
1992-04-16,17.4,66,1.67,19.1,0.212,0.0
1992-04-17,19.0,66,1.57,20.1,0.2,0.0
1992-04-18,18.0,50,2.05,19.8,0.188,0.0
1992-04-19,19.7,46,2.5,20.7,0.178,0.0
1992-04-20,21.2,50,2.87,22.2,0.169,0.0
1992-04-21,19.8,45,2.57,22.0,0.16,0.0
1992-04-22,16.9,41,2.4,20.1,0.153,0.0
1992-04-23,18.3,39,2.69,20.6,0.148,0.0
1992-04-24,20.9,42,3.18,22.3,0.143,0.0
1992-04-25,23.5,41,4.0,24.7,0.139,0.0
1992-04-26,23.4,39,3.8,24.9,0.136,0.0
1992-04-27,23.0,39,3.5,25.2,0.133,0.0
1992-04-28,23.6,51,3.28,26.1,0.132,0.0
1992-04-29,24.2,47,3.44,26.5,0.131,0.0
1992-04-30,20.7,41,2.45,24.8,0.129,0.0
1992-05-01,20.2,44,2.87,24.0,0.129,0.0
1992-05-02,22.8,42,3.76,25.6,0.128,0.0
1992-05-03,25.2,42,4.31,27.3,0.128,0.0
1992-05-04,25.5,47,3.84,28.1,0.127,0.0
1992-05-05,25.9,46,4.14,28.4,0.126,0.0
1992-05-06,25.0,52,2.95,28.1,0.127,0.2
1992-05-07,24.2,58,2.64,28.0,0.128,0.0
1992-05-08,24.8,51,2.93,28.4,0.127,0.0
1992-05-09,24.9,46,3.38,28.3,0.126,0.0
1992-05-10,25.6,34,4.06,28.7,0.126,0.0
1992-05-11,24.9,43,3.38,28.9,0.125,0.0
1992-05-12,24.2,45,3.02,28.5,0.125,0.0
1992-05-13,23.8,43,2.94,28.4,0.125,0.0
1992-05-14,23.5,42,3.09,28.0,0.124,0.0
1992-05-15,23.2,38,3.29,27.7,0.124,0.0
1992-05-16,23.6,39,3.47,28.0,0.124,0.0
1992-05-17,24.7,38,3.83,28.9,0.124,0.0
1992-05-18,24.1,43,3.33,28.8,0.124,0.0
1992-05-19,21.1,48,2.39,26.2,0.124,0.0
1992-05-20,20.9,45,2.78,25.6,0.124,0.0
1992-05-21,23.0,38,3.5,27.2,0.124,0.0
1992-05-22,24.6,36,3.94,28.4,0.124,0.0
1992-05-23,25.9,38,4.41,29.5,0.124,0.0
1992-05-24,26.5,34,4.46,30.4,0.124,0.0
1992-05-25,25.8,38,3.99,30.2,0.124,0.0
1992-05-26,25.2,41,3.51,30.0,0.124,0.0
1992-05-27,26.3,45,3.67,30.9,0.124,0.0
1992-05-28,27.0,40,3.74,31.6,0.124,0.0
1992-05-29,26.2,43,3.51,31.2,0.124,0.0
1992-05-30,27.7,45,3.97,32.4,0.124,0.0
1992-05-31,28.9,48,4.1,33.4,0.124,0.0
1992-06-01,29.7,38,4.94,33.8,0.124,0.0
1992-06-02,29.6,34,5.27,34.0,0.124,0.0
1992-06-03,29.2,38,4.78,33.7,0.124,0.0
1992-06-04,30.1,38,5.45,34.6,0.124,0.0
1992-06-05,27.9,39,3.86,33.6,0.124,0.0
1992-06-06,24.8,48,2.61,31.3,0.124,0.0
1992-06-07,24.7,48,2.84,31.1,0.124,0.0
1992-06-08,26.1,44,3.42,31.6,0.124,0.0
1992-06-09,27.1,42,4.01,32.2,0.124,0.0
1992-06-10,26.5,39,3.76,32.3,0.124,0.0
1992-06-11,21.7,41,2.71,29.0,0.124,0.0
1992-06-12,19.3,34,2.5,26.0,0.124,0.0
1992-06-13,19.4,41,2.65,25.4,0.124,0.0
1992-06-14,18.5,47,2.38,24.2,0.124,0.0
1992-06-15,18.2,47,1.89,23.4,0.124,0.0
1992-06-16,21.3,42,3.06,26.1,0.124,0.0
1992-06-17,24.3,42,3.68,29.1,0.124,0.0
1992-06-18,25.2,41,3.76,30.3,0.124,0.0
1992-06-19,25.8,41,3.92,30.8,0.124,0.0
1992-06-20,27.6,43,3.95,32.1,0.124,0.0
1992-06-21,28.8,46,4.26,33.1,0.127,0.8
1992-06-22,29.1,42,4.74,33.7,0.13,0.0
1992-06-23,28.8,43,3.98,33.1,0.127,0.0
1992-06-24,28.6,41,4.75,33.5,0.126,0.0
1992-06-25,27.2,43,4.31,32.7,0.126,0.0
1992-06-26,26.2,47,3.75,32.1,0.125,0.0
1992-06-27,27.9,42,4.59,33.2,0.124,0.0
1992-06-28,24.3,48,2.86,30.3,0.124,0.0
1992-06-29,22.7,49,2.96,28.8,0.124,0.0
1992-06-30,22.6,48,2.9,28.2,0.126,0.2
1992-07-01,22.8,45,3.1,28.6,0.125,0.0
1992-07-02,25.1,41,3.9,30.1,0.125,0.0
1992-07-03,27.4,38,4.85,32.3,0.124,0.0
1992-07-04,24.2,42,3.43,30.5,0.124,0.0
1992-07-05,25.0,40,3.81,30.4,0.124,0.0
1992-07-06,26.8,34,4.26,31.5,0.124,0.0
1992-07-07,27.2,34,4.86,32.3,0.124,0.0
1992-07-08,28.7,28,4.58,32.4,0.124,0.0
1992-07-09,29.4,33,4.33,32.9,0.124,0.0
1992-07-10,30.0,36,4.75,34.3,0.124,0.0
1992-07-11,26.2,62,2.98,32.4,0.158,16.3
1992-07-12,24.3,76,1.86,28.7,0.343,10.2
1992-07-13,25.9,70,2.08,28.5,0.289,0.1
1992-07-14,27.3,63,2.65,29.7,0.244,0.0
1992-07-15,28.2,54,3.68,30.7,0.207,0.0
1992-07-16,28.9,44,4.27,31.4,0.179,0.0
1992-07-17,29.7,44,4.43,32.7,0.159,0.0
1992-07-18,28.8,43,4.34,32.8,0.145,0.0
1992-07-19,28.7,42,4.7,32.7,0.137,0.0
1992-07-20,26.2,45,3.75,31.4,0.132,0.0
1992-07-21,25.6,42,3.93,31.0,0.13,0.0
1992-07-22,24.5,42,3.79,30.1,0.129,0.0
1992-07-23,24.2,41,3.65,29.7,0.128,0.0
1992-07-24,25.8,41,3.85,31.0,0.127,0.0
1992-07-25,27.5,41,4.53,32.2,0.126,0.0
1992-07-26,29.1,38,4.85,33.6,0.125,0.0
1992-07-27,29.7,35,4.91,34.4,0.125,0.0
1992-07-28,30.5,35,5.3,35.1,0.124,0.0
1992-07-29,30.0,34,5.28,34.9,0.124,0.0
1992-07-30,29.3,35,4.84,34.6,0.124,0.0
1992-07-31,27.9,38,4.58,33.5,0.124,0.0
1992-08-01,28.3,35,5.08,33.2,0.124,0.0
1992-08-02,29.8,28,6.01,34.1,0.124,0.0
1992-08-03,29.6,26,5.78,34.1,0.124,0.0
1992-08-04,29.0,29,5.64,33.7,0.124,0.0
1992-08-05,28.3,31,4.97,33.6,0.124,0.0
1992-08-06,27.0,38,4.27,32.8,0.124,0.0
1992-08-07,27.7,42,4.56,33.2,0.124,0.0
1992-08-08,27.8,43,4.26,33.1,0.124,0.0
1992-08-09,29.7,39,5.14,34.4,0.124,0.0
1992-08-10,31.5,34,5.79,35.6,0.124,0.0
1992-08-11,32.0,31,5.74,36.2,0.124,0.0
1992-08-12,32.1,32,5.43,36.7,0.124,0.0
1992-08-13,32.4,35,5.45,37.1,0.124,0.0
1992-08-14,32.4,40,5.21,36.9,0.124,0.0
1992-08-15,32.8,34,5.87,37.1,0.124,0.0
1992-08-16,32.5,31,6.06,37.1,0.124,0.0
1992-08-17,32.3,34,6.17,37.0,0.124,0.0
1992-08-18,31.8,32,6.19,36.5,0.124,0.0
1992-08-19,31.8,30,6.6,36.2,0.123,0.0
1992-08-20,31.4,30,6.11,36.1,0.123,0.0
1992-08-21,29.0,32,4.91,34.3,0.123,0.0
1992-08-22,24.0,28,3.75,30.5,0.124,0.0
1992-08-23,24.6,32,4.03,30.1,0.124,0.0
1992-08-24,26.5,30,4.76,30.7,0.124,0.0
1992-08-25,25.6,40,3.83,30.6,0.124,0.0
1992-08-26,27.0,39,4.7,31.5,0.124,0.0
1992-08-27,27.9,36,4.6,32.3,0.124,0.0
1992-08-28,27.7,38,4.25,32.6,0.124,0.0
1992-08-29,26.0,40,3.56,31.5,0.124,0.0
1992-08-30,23.4,54,2.44,28.9,0.134,1.2
1992-08-31,23.3,51,2.72,28.8,0.135,0.0
1992-09-01,24.0,50,2.87,28.7,0.132,0.0
1992-09-02,24.7,47,3.14,29.1,0.13,0.0
1992-09-03,22.8,44,2.74,28.0,0.129,0.0
1992-09-04,21.5,53,2.6,27.1,0.128,0.0
1992-09-05,24.8,44,3.5,28.3,0.127,0.0
1992-09-06,25.4,40,3.73,29.4,0.126,0.0
1992-09-07,25.3,35,4.17,29.4,0.126,0.0
1992-09-08,25.5,33,4.35,29.5,0.125,0.0
1992-09-09,25.9,33,4.3,29.7,0.125,0.0
1992-09-10,25.2,45,3.47,29.7,0.124,0.0
1992-09-11,24.4,48,2.97,29.2,0.124,0.0
1992-09-12,24.0,50,3.02,28.7,0.124,0.0
1992-09-13,25.0,42,3.44,29.0,0.124,0.0
1992-09-14,24.8,42,3.96,28.6,0.124,0.0
1992-09-15,24.1,40,3.51,28.7,0.124,0.0
1992-09-16,24.7,41,3.74,29.1,0.124,0.0
1992-09-17,24.0,51,3.18,28.1,0.125,0.7
1992-09-18,24.8,46,3.37,28.5,0.128,0.0
1992-09-19,25.6,45,3.7,29.0,0.127,0.0
1992-09-20,25.5,44,3.89,29.1,0.126,0.0
1992-09-21,26.4,43,4.42,29.8,0.125,0.0
1992-09-22,27.0,45,4.25,30.4,0.124,0.0
1992-09-23,26.0,47,3.74,29.9,0.124,0.0
1992-09-24,24.5,45,3.28,28.4,0.124,0.0
1992-09-25,22.7,38,3.08,27.5,0.124,0.0
1992-09-26,25.1,39,4.22,28.2,0.124,0.0
1992-09-27,25.5,42,4.39,28.4,0.124,0.0
1992-09-28,25.3,44,4.12,28.4,0.124,0.0
1992-09-29,26.3,45,4.41,29.0,0.124,0.0
1992-09-30,25.0,47,3.5,28.3,0.124,0.0
1992-10-01,23.1,62,2.43,27.5,0.124,0.0
1992-10-02,19.2,49,2.14,24.2,0.127,0.9
1992-10-03,19.3,51,2.24,23.5,0.126,0.0
1992-10-04,20.7,48,2.58,24.0,0.126,0.0
1992-10-05,21.6,50,3.12,24.8,0.125,0.0
1992-10-06,22.2,50,3.15,25.2,0.125,0.0
1992-10-07,23.2,49,3.72,25.7,0.124,0.0
1992-10-08,23.6,42,3.52,25.8,0.124,0.0
1992-10-09,22.4,45,3.31,25.3,0.124,0.0
1992-10-10,22.9,47,3.66,25.6,0.124,0.0
1992-10-11,23.3,47,3.46,25.8,0.124,0.0
1992-10-12,23.5,46,3.47,25.6,0.124,0.0
1992-10-13,22.6,46,3.09,25.3,0.124,0.0
1992-10-14,20.7,52,2.24,24.1,0.124,0.0
1992-10-15,18.5,53,1.97,22.9,0.124,0.0
1992-10-16,18.2,54,2.07,22.0,0.124,0.0
1992-10-17,19.2,51,2.17,22.0,0.124,0.0
1992-10-18,19.9,53,2.4,22.3,0.124,0.0
1992-10-19,18.7,59,2.09,22.0,0.124,0.0
1992-10-20,18.8,69,1.78,21.9,0.124,0.0
1992-10-21,19.0,70,1.26,21.3,0.132,0.8
1992-10-22,18.3,60,2.07,21.3,0.133,0.0
1992-10-23,19.3,56,2.25,21.5,0.131,0.0
1992-10-24,19.4,61,2.17,21.1,0.13,0.0
1992-10-25,19.6,67,1.75,22.3,0.129,0.0
1992-10-26,19.7,67,1.99,22.3,0.128,0.0
1992-10-27,19.2,74,1.86,22.2,0.153,9.0
1992-10-28,17.2,87,0.63,20.1,0.314,6.8
1992-10-29,15.1,86,0.48,17.5,0.34,18.2
1992-10-30,14.6,93,0.29,16.7,0.406,26.1
1992-10-31,14.2,79,1.08,16.2,0.357,0.0
1992-11-01,15.8,77,1.04,16.5,0.328,0.0
1992-11-02,16.7,81,1.16,17.7,0.311,0.0
1992-11-03,16.8,77,1.05,18.0,0.298,0.0
1992-11-04,16.1,70,1.28,17.3,0.288,0.0
1992-11-05,15.0,69,1.13,16.3,0.278,0.0
1992-11-06,15.5,75,1.25,16.4,0.27,0.0
1992-11-07,15.2,76,1.17,16.3,0.262,0.0
1992-11-08,14.0,79,0.93,15.8,0.255,0.0
1992-11-09,11.7,55,1.22,14.2,0.248,0.0
1992-11-10,9.6,55,1.03,12.2,0.24,0.0
1992-11-11,9.9,61,1.21,11.5,0.235,0.0
1992-11-12,11.4,63,1.17,11.9,0.229,0.0
1992-11-13,12.1,71,1.32,12.6,0.225,0.0
1992-11-14,13.3,74,1.42,13.4,0.22,0.0
1992-11-15,14.4,75,1.42,14.2,0.216,0.0
1992-11-16,13.7,72,1.28,14.4,0.212,0.0
1992-11-17,12.8,79,0.96,14.0,0.208,0.0
1992-11-18,12.1,74,0.95,13.3,0.205,0.0
1992-11-19,11.1,72,0.9,12.1,0.202,0.0
1992-11-20,10.2,61,1.16,11.8,0.199,0.0
1992-11-21,8.6,58,0.98,9.8,0.197,0.1
1992-11-22,9.8,62,0.84,10.6,0.197,0.0
1992-11-23,8.7,71,0.71,10.9,0.195,0.0
1992-11-24,9.1,70,0.75,9.8,0.193,0.0
1992-11-25,11.1,58,1.29,11.8,0.191,0.0
1992-11-26,10.6,61,1.4,11.4,0.188,0.0
1992-11-27,12.1,62,1.23,12.4,0.184,0.0
1992-11-28,10.3,71,0.83,11.5,0.182,0.0
1992-11-29,9.7,68,1.08,10.8,0.18,0.0
1992-11-30,9.0,68,1.16,10.0,0.177,0.0
1992-12-01,8.8,67,1.15,9.7,0.175,0.0
1992-12-02,9.5,67,1.32,10.1,0.174,1.2
1992-12-03,10.8,78,0.95,11.8,0.199,1.6
1992-12-04,8.8,75,0.81,10.6,0.2,0.0
1992-12-05,8.8,77,0.78,10.0,0.196,0.0
1992-12-06,10.1,77,0.62,10.2,0.226,8.0
1992-12-07,9.7,91,0.22,10.7,0.401,29.6
1992-12-08,8.2,78,0.62,9.6,0.355,0.0
1992-12-09,11.9,76,0.62,11.9,0.34,2.5
1992-12-10,12.3,83,0.85,12.6,0.325,0.4
1992-12-11,10.1,88,0.49,11.9,0.396,18.1
1992-12-12,6.2,81,0.55,8.4,0.373,0.0
1992-12-13,6.0,75,0.51,7.1,0.353,0.0
1992-12-14,6.0,70,0.72,6.6,0.341,0.0
1992-12-15,5.6,75,0.48,6.1,0.332,0.0
1992-12-16,5.2,82,0.56,6.1,0.325,0.0
1992-12-17,7.1,84,0.33,7.4,0.359,12.9
1992-12-18,4.4,80,0.51,6.3,0.376,0.0
1992-12-19,3.7,75,0.53,4.9,0.353,0.0
1992-12-20,5.6,68,0.66,5.7,0.341,0.0
1992-12-21,4.6,82,0.46,5.7,0.332,0.0
1992-12-22,4.5,91,0.29,6.0,0.326,0.0
1992-12-23,4.7,89,0.5,6.1,0.321,0.0
1992-12-24,5.8,85,0.69,6.7,0.315,0.0
1992-12-25,6.5,83,0.78,6.8,0.309,0.0
1992-12-26,6.2,83,0.78,6.8,0.304,0.0
1992-12-27,6.8,76,0.92,7.0,0.298,0.0
1992-12-28,9.5,82,0.56,8.6,0.316,8.6
1992-12-29,9.4,82,0.66,9.5,0.408,19.0
1992-12-30,7.0,79,0.67,8.3,0.381,1.3
1992-12-31,7.0,73,0.73,7.2,0.361,0.0
1993-01-01,7.6,83,0.46,7.6,0.377,21.6
1993-01-02,5.2,81,0.49,7.2,0.4,0.7
1993-01-03,2.7,77,0.44,5.0,0.377,0.0
1993-01-04,2.6,79,0.47,3.8,0.365,0.0
1993-01-05,3.2,77,0.41,3.8,0.355,0.0
1993-01-06,6.2,87,0.17,6.1,0.374,15.3
1993-01-07,11.8,91,0.33,10.0,0.425,28.8
1993-01-08,8.3,87,0.38,8.9,0.407,1.6
1993-01-09,7.3,89,0.44,8.4,0.404,5.2
1993-01-10,7.7,85,0.34,8.7,0.421,14.3
1993-01-11,4.8,74,0.62,6.2,0.394,0.0
1993-01-12,4.5,81,0.31,4.8,0.397,14.3
1993-01-13,11.1,88,0.2,8.9,0.425,35.2
1993-01-14,10.9,85,0.47,10.5,0.418,21.3
1993-01-15,9.7,89,0.23,9.2,0.419,11.3
1993-01-16,11.3,88,0.59,11.4,0.412,10.6
1993-01-17,10.4,91,0.3,10.5,0.427,21.9
1993-01-18,10.0,82,0.64,10.4,0.414,2.4
1993-01-19,9.2,85,0.55,9.4,0.393,0.0
1993-01-20,10.8,82,0.49,10.3,0.386,1.9
1993-01-21,12.5,89,0.43,12.0,0.398,1.9
1993-01-22,11.1,82,0.67,11.7,0.405,4.6
1993-01-23,7.6,80,0.58,9.3,0.385,0.0
1993-01-24,7.3,78,0.64,8.5,0.376,0.0
1993-01-25,8.2,82,0.73,8.5,0.369,0.0
1993-01-26,8.3,85,0.76,9.2,0.364,0.0
1993-01-27,9.2,86,0.81,9.7,0.358,0.0
1993-01-28,8.7,85,0.7,9.5,0.353,0.0
1993-01-29,8.4,81,0.67,9.5,0.348,0.0
1993-01-30,7.6,71,0.89,8.5,0.343,0.0
1993-01-31,8.4,74,0.81,8.5,0.338,0.0
1993-02-01,8.0,79,0.78,8.6,0.334,0.0
1993-02-02,9.0,78,0.94,9.1,0.33,0.0
1993-02-03,10.7,80,0.89,9.8,0.326,0.0
1993-02-04,12.2,72,1.31,11.1,0.323,0.0
1993-02-05,13.3,71,0.93,12.5,0.329,2.1
1993-02-06,12.8,78,0.96,12.1,0.329,0.0
1993-02-07,13.4,79,1.05,12.7,0.325,1.5
1993-02-08,12.6,90,0.35,12.9,0.413,31.1
1993-02-09,10.5,89,0.45,11.9,0.423,9.6
1993-02-10,9.3,81,0.7,10.6,0.401,0.2
1993-02-11,9.6,80,0.6,10.4,0.391,1.3
1993-02-12,8.9,77,0.8,10.2,0.379,0.0
1993-02-13,8.4,79,0.72,9.6,0.369,0.0
1993-02-14,8.8,77,0.76,10.0,0.361,0.0
1993-02-15,8.9,75,0.94,9.5,0.353,0.0
1993-02-16,8.9,78,0.58,9.7,0.348,0.1
1993-02-17,10.6,75,0.76,10.1,0.349,1.4
1993-02-18,12.5,78,0.79,11.3,0.378,10.2
1993-02-19,11.7,82,0.55,11.8,0.42,16.7
1993-02-20,8.7,79,0.59,10.8,0.421,12.2
1993-02-21,8.5,80,0.73,10.4,0.409,2.2
1993-02-22,9.3,79,0.48,9.7,0.396,3.0
1993-02-23,11.0,82,0.62,11.8,0.418,19.1
1993-02-24,8.5,68,0.84,10.5,0.407,2.1
1993-02-25,7.9,71,0.77,9.7,0.389,2.4
1993-02-26,8.5,87,0.37,9.5,0.415,12.4
1993-02-27,7.7,83,0.69,9.4,0.401,0.0
1993-02-28,8.9,76,0.77,9.7,0.386,0.0
1993-03-01,9.7,76,0.76,10.2,0.376,0.0
1993-03-02,10.9,76,0.84,11.0,0.367,0.0
1993-03-03,11.9,76,0.9,11.8,0.359,0.1
1993-03-04,11.9,79,0.83,12.5,0.35,0.0
1993-03-05,13.3,80,0.9,13.3,0.342,0.0
1993-03-06,14.7,81,1.13,14.5,0.334,0.0
1993-03-07,15.9,81,1.36,15.3,0.327,0.0
1993-03-08,16.9,75,1.59,15.9,0.319,0.0
1993-03-09,16.0,74,1.35,15.6,0.312,0.0
1993-03-10,14.6,81,1.05,15.3,0.305,0.0
1993-03-11,14.3,80,0.99,15.6,0.297,0.0
1993-03-12,16.1,77,1.56,15.8,0.29,0.0
1993-03-13,17.3,68,1.57,16.9,0.285,2.2
1993-03-14,15.9,81,0.94,16.9,0.37,8.6
1993-03-15,14.4,76,1.0,15.5,0.345,0.0
1993-03-16,15.7,76,1.23,16.1,0.325,0.0
1993-03-17,16.4,83,0.81,16.7,0.384,16.0
1993-03-18,14.5,76,1.11,15.9,0.375,0.0
1993-03-19,14.7,81,0.91,15.7,0.351,0.0
1993-03-20,15.6,78,1.09,16.5,0.336,0.0
1993-03-21,15.0,80,1.06,16.3,0.324,0.0
1993-03-22,16.5,80,1.37,17.3,0.313,0.0
1993-03-23,16.2,78,1.07,17.0,0.304,0.2
1993-03-24,15.1,88,0.54,16.3,0.363,11.8
1993-03-25,13.1,90,0.45,14.7,0.428,55.2
1993-03-26,12.0,85,0.55,14.5,0.419,10.6
1993-03-27,11.6,77,0.75,13.6,0.402,1.9
1993-03-28,11.3,79,0.59,13.2,0.422,8.4
1993-03-29,12.8,74,0.73,14.0,0.394,0.0
1993-03-30,14.3,74,1.11,14.7,0.378,0.0
1993-03-31,15.8,71,1.24,15.9,0.365,0.0
1993-04-01,13.5,69,1.03,15.0,0.356,0.1
1993-04-02,13.4,73,1.04,15.0,0.344,0.0
1993-04-03,15.6,77,1.01,16.1,0.333,0.0
1993-04-04,15.5,74,1.18,16.8,0.339,1.9
1993-04-05,12.7,59,1.17,14.9,0.325,0.0
1993-04-06,12.5,67,1.21,14.6,0.311,0.0
1993-04-07,14.5,73,1.2,15.7,0.3,0.0
1993-04-08,16.6,69,1.59,16.8,0.29,0.0
1993-04-09,15.8,67,1.25,17.0,0.28,0.0
1993-04-10,14.9,64,1.27,16.4,0.269,0.0
1993-04-11,13.3,56,1.37,15.4,0.258,0.0
1993-04-12,12.9,50,1.54,14.9,0.248,0.0
1993-04-13,14.2,53,1.72,15.5,0.239,0.0
1993-04-14,14.8,68,1.34,16.6,0.23,0.0
1993-04-15,16.5,65,1.42,17.7,0.224,0.0
1993-04-16,14.8,61,1.52,16.8,0.216,0.0
1993-04-17,15.4,71,1.38,16.8,0.218,3.1
1993-04-18,14.6,64,1.45,16.7,0.237,0.8
1993-04-19,14.9,58,1.59,16.7,0.223,0.0
1993-04-20,18.1,59,2.04,18.4,0.212,0.0
1993-04-21,17.4,63,1.51,18.9,0.202,0.0
1993-04-22,15.8,52,1.65,17.8,0.194,0.0
1993-04-23,13.9,63,1.39,16.4,0.187,0.0
1993-04-24,15.5,61,1.61,17.4,0.183,0.0
1993-04-25,17.4,61,2.0,18.8,0.177,0.0
1993-04-26,17.3,56,1.95,19.4,0.171,0.0
1993-04-27,17.1,50,2.11,19.2,0.165,0.0
1993-04-28,19.1,54,2.34,20.6,0.159,0.0
1993-04-29,21.1,50,2.67,21.7,0.155,0.0
1993-04-30,21.2,52,2.48,22.4,0.15,0.0
1993-05-01,21.7,46,2.54,23.0,0.146,0.0
1993-05-02,21.3,56,2.61,22.9,0.143,0.0
1993-05-03,18.9,54,2.05,22.4,0.14,0.0
1993-05-04,15.9,50,1.79,19.8,0.139,0.0
1993-05-05,18.1,49,2.09,20.8,0.137,0.0
1993-05-06,19.3,53,2.18,21.4,0.136,0.0
1993-05-07,18.1,50,2.39,21.2,0.135,0.0
1993-05-08,17.8,51,2.27,21.0,0.134,0.0
1993-05-09,21.9,41,3.12,23.1,0.133,0.0
1993-05-10,24.6,44,4.59,25.2,0.131,0.0
1993-05-11,18.7,56,2.19,23.1,0.131,0.4
1993-05-12,15.5,49,1.8,21.1,0.134,0.4
1993-05-13,17.2,45,2.27,21.2,0.132,0.0
1993-05-14,19.3,49,2.61,22.6,0.131,0.0
1993-05-15,21.5,49,2.79,24.2,0.13,0.0
1993-05-16,23.6,49,3.34,26.1,0.129,0.0
1993-05-17,23.5,46,3.2,26.0,0.128,0.0
1993-05-18,22.5,46,2.92,26.0,0.127,0.0
1993-05-19,23.2,52,2.63,26.4,0.127,0.0
1993-05-20,21.5,60,1.88,24.8,0.127,0.0
1993-05-21,20.9,47,2.53,24.5,0.127,0.0
1993-05-22,21.6,49,2.87,25.2,0.126,0.0
1993-05-23,23.7,46,3.15,26.8,0.126,0.0
1993-05-24,22.7,47,2.91,26.3,0.126,0.0
1993-05-25,20.4,64,1.53,23.5,0.178,8.0
1993-05-26,20.2,51,2.5,23.1,0.204,0.0
1993-05-27,19.9,54,2.16,23.1,0.184,0.0
1993-05-28,19.5,53,2.14,22.9,0.169,0.0
1993-05-29,21.5,46,2.87,24.4,0.157,0.0
1993-05-30,23.1,52,2.72,25.6,0.147,0.0
1993-05-31,21.7,64,1.29,24.8,0.166,4.6
1993-06-01,21.1,52,2.4,24.1,0.186,0.0
1993-06-02,19.7,46,2.44,23.4,0.168,0.0
1993-06-03,19.6,50,2.32,23.1,0.156,0.0
1993-06-04,18.3,61,1.76,22.1,0.16,6.6
1993-06-05,15.2,70,1.18,20.0,0.267,8.2
1993-06-06,14.9,63,1.04,18.3,0.268,0.9
1993-06-07,18.0,58,1.67,19.8,0.246,0.0
1993-06-08,20.2,56,2.28,21.9,0.22,0.0
1993-06-09,23.1,52,2.89,24.4,0.194,0.0
1993-06-10,23.9,48,3.35,25.7,0.174,0.0
1993-06-11,21.4,37,3.14,24.7,0.158,0.0
1993-06-12,22.8,37,3.67,25.4,0.147,0.0
1993-06-13,24.6,36,3.98,26.9,0.139,0.0
1993-06-14,26.9,39,4.68,28.7,0.134,0.0
1993-06-15,25.6,37,3.94,28.9,0.13,0.0
1993-06-16,25.3,39,4.11,28.6,0.129,0.0
1993-06-17,26.3,38,4.16,29.3,0.128,0.0
1993-06-18,28.4,41,5.14,30.9,0.127,0.0
1993-06-19,30.0,38,5.32,32.1,0.126,0.0
1993-06-20,28.1,43,4.31,31.5,0.127,0.6
1993-06-21,25.7,47,3.38,29.9,0.132,0.0
1993-06-22,22.3,33,3.37,27.3,0.129,0.0
1993-06-23,24.2,35,3.92,28.2,0.127,0.0
1993-06-24,28.0,30,4.68,30.5,0.126,0.0
1993-06-25,30.7,38,6.04,33.1,0.125,0.0
1993-06-26,31.4,33,6.07,34.3,0.125,0.0
1993-06-27,30.2,35,5.14,34.2,0.124,0.0
1993-06-28,26.7,26,4.31,31.8,0.124,0.0
1993-06-29,26.3,32,4.39,30.9,0.124,0.0
1993-06-30,27.6,33,4.73,31.5,0.124,0.0
1993-07-01,28.4,36,4.81,32.2,0.124,0.0
1993-07-02,27.9,38,4.64,32.5,0.124,0.0
1993-07-03,25.0,37,3.8,30.5,0.124,0.0
1993-07-04,27.0,38,3.98,31.4,0.124,0.0
1993-07-05,28.2,37,4.55,32.1,0.124,0.0
1993-07-06,28.2,36,4.65,32.5,0.124,0.0
1993-07-07,28.6,37,4.81,33.0,0.124,0.0
1993-07-08,28.3,36,4.55,33.1,0.124,0.0
1993-07-09,28.0,39,4.42,33.0,0.124,0.0
1993-07-10,27.8,41,4.13,33.1,0.124,0.0
1993-07-11,28.0,40,4.34,33.0,0.124,0.0
1993-07-12,28.0,37,4.61,33.0,0.124,0.0
1993-07-13,26.9,37,4.03,32.3,0.124,0.0
1993-07-14,25.7,37,4.15,31.3,0.124,0.0
1993-07-15,23.9,36,3.54,29.6,0.124,0.0
1993-07-16,24.4,36,3.84,29.7,0.124,0.0
1993-07-17,25.4,35,4.14,30.2,0.124,0.0
1993-07-18,27.0,32,4.54,31.3,0.124,0.0
1993-07-19,26.3,34,4.18,31.3,0.124,0.0
1993-07-20,24.9,37,3.76,30.4,0.124,0.0
1993-07-21,24.1,36,3.6,29.6,0.124,0.0
1993-07-22,25.6,43,3.65,30.1,0.124,0.0
1993-07-23,27.3,50,3.42,31.9,0.124,0.0
1993-07-24,28.9,44,4.18,33.3,0.124,0.0
1993-07-25,28.3,43,3.86,33.3,0.124,0.0
1993-07-26,26.9,47,3.49,32.3,0.124,0.0
1993-07-27,26.9,47,3.67,32.4,0.124,0.0
1993-07-28,27.1,46,3.58,32.5,0.124,0.0
1993-07-29,25.6,51,3.0,31.4,0.124,0.0
1993-07-30,27.4,43,4.18,32.1,0.124,0.0
1993-07-31,29.8,37,5.28,33.6,0.124,0.0
1993-08-01,31.3,33,5.9,34.4,0.124,0.0
1993-08-02,32.8,29,6.63,35.7,0.124,0.0
1993-08-03,31.2,29,5.24,35.0,0.124,0.0
1993-08-04,30.4,36,5.02,34.9,0.124,0.0
1993-08-05,28.9,42,4.59,33.9,0.124,0.0
1993-08-06,28.3,42,4.4,33.2,0.124,0.0
1993-08-07,27.3,42,4.21,32.7,0.124,0.0
1993-08-08,26.9,45,3.85,32.4,0.124,0.0
1993-08-09,28.2,41,4.43,32.7,0.124,0.0
1993-08-10,26.7,42,3.51,32.2,0.124,0.0
1993-08-11,23.6,44,3.3,29.7,0.124,0.0
1993-08-12,24.1,45,3.23,29.6,0.124,0.0
1993-08-13,24.3,48,3.2,29.9,0.124,0.0
1993-08-14,24.3,47,3.21,30.1,0.124,0.0
1993-08-15,22.9,48,2.77,29.0,0.124,0.0
1993-08-16,23.5,45,3.22,28.9,0.124,0.0
1993-08-17,25.7,37,3.82,29.9,0.124,0.0
1993-08-18,27.4,37,4.35,31.6,0.124,0.0
1993-08-19,25.7,41,3.62,30.9,0.124,0.0
1993-08-20,23.4,46,3.13,29.1,0.124,0.0
1993-08-21,24.9,44,3.59,29.6,0.124,0.0
1993-08-22,27.9,39,4.53,31.3,0.124,0.0
1993-08-23,28.8,40,4.88,32.5,0.124,0.0
1993-08-24,28.3,39,4.49,32.7,0.124,0.0
1993-08-25,27.7,37,4.33,32.0,0.124,0.0
1993-08-26,27.6,35,4.72,31.9,0.124,0.0
1993-08-27,28.1,35,5.2,32.0,0.124,0.0
1993-08-28,29.1,31,5.4,32.7,0.124,0.0
1993-08-29,28.3,31,5.15,32.1,0.124,0.0
1993-08-30,24.7,37,3.8,29.8,0.124,0.0
1993-08-31,25.7,46,3.67,29.9,0.124,0.0
1993-09-01,27.6,41,4.57,31.4,0.124,0.0
1993-09-02,29.3,36,5.36,32.6,0.124,0.0
1993-09-03,29.5,38,4.63,33.4,0.124,0.0
1993-09-04,28.5,42,4.23,32.9,0.124,0.0
1993-09-05,26.1,45,3.41,31.3,0.124,0.0
1993-09-06,25.7,46,3.43,30.8,0.124,0.0
1993-09-07,26.5,44,4.14,30.9,0.124,0.0
1993-09-08,27.4,40,4.77,31.1,0.124,0.0
1993-09-09,28.0,38,4.97,31.6,0.124,0.0
1993-09-10,27.9,40,4.75,31.6,0.124,0.0
1993-09-11,27.4,41,4.52,31.3,0.124,0.0
1993-09-12,23.5,43,3.32,29.0,0.124,0.0
1993-09-13,24.4,43,3.19,28.7,0.124,0.0
1993-09-14,24.4,47,3.17,28.5,0.124,0.0
1993-09-15,22.3,55,2.44,27.7,0.124,0.0
1993-09-16,21.6,49,2.52,26.9,0.124,0.0
1993-09-17,18.3,51,1.94,24.2,0.124,0.0
1993-09-18,19.7,51,2.33,24.6,0.124,0.0
1993-09-19,21.9,49,3.02,25.7,0.124,0.0
1993-09-20,23.3,43,3.32,26.4,0.124,0.0
1993-09-21,22.5,43,3.14,26.5,0.124,0.0
1993-09-22,21.5,40,2.92,25.9,0.124,0.0
1993-09-23,21.3,42,3.06,25.4,0.124,0.0
1993-09-24,22.5,41,3.64,25.8,0.124,0.0
1993-09-25,23.5,37,4.14,26.2,0.124,0.0
1993-09-26,24.1,38,4.05,26.7,0.124,0.0
1993-09-27,25.0,41,4.36,27.5,0.124,0.0
1993-09-28,25.3,41,4.23,27.8,0.124,0.0
1993-09-29,25.9,42,4.21,27.9,0.124,0.0
1993-09-30,25.3,49,3.66,28.2,0.124,0.0
1993-10-01,25.1,54,3.34,28.4,0.124,0.0
1993-10-02,24.2,57,2.95,28.0,0.124,0.0
1993-10-03,24.3,57,3.2,27.8,0.124,0.0
1993-10-04,22.0,55,2.26,26.5,0.124,0.0
1993-10-05,18.4,62,1.52,22.8,0.14,3.1
1993-10-06,18.7,60,1.84,22.5,0.143,0.0
1993-10-07,19.9,59,2.01,22.9,0.139,0.0
1993-10-08,20.2,53,2.61,22.8,0.136,0.0
1993-10-09,20.3,47,2.58,22.4,0.133,0.0
1993-10-10,21.0,56,2.7,23.5,0.134,2.3
1993-10-11,18.5,78,1.17,21.5,0.204,4.3
1993-10-12,19.1,69,1.85,21.7,0.199,0.0
1993-10-13,19.5,65,1.75,21.5,0.186,0.0
1993-10-14,19.1,65,1.63,21.8,0.177,0.0
1993-10-15,17.7,78,0.97,20.3,0.21,7.4
1993-10-16,17.0,74,1.23,19.5,0.241,1.3
1993-10-17,15.4,72,1.24,18.2,0.238,0.1
1993-10-18,16.3,65,1.51,18.0,0.222,0.0
1993-10-19,16.6,66,1.69,18.6,0.207,0.0
1993-10-20,18.4,62,2.4,19.4,0.193,0.0
1993-10-21,18.7,61,2.13,19.7,0.183,0.0
1993-10-22,18.2,62,2.44,20.0,0.174,0.0
1993-10-23,19.2,54,2.78,20.3,0.166,0.0
1993-10-24,19.4,54,2.57,20.4,0.159,0.0
1993-10-25,19.2,56,2.34,20.4,0.154,0.0
1993-10-26,19.2,56,2.44,20.5,0.149,0.0
1993-10-27,19.2,49,3.03,20.7,0.144,0.0
1993-10-28,18.9,51,2.52,20.2,0.141,0.0
1993-10-29,18.5,52,2.68,20.2,0.138,0.0
1993-10-30,19.5,49,3.1,20.6,0.135,0.0
1993-10-31,19.0,55,2.2,20.4,0.134,0.0
1993-11-01,17.5,64,1.76,19.9,0.132,0.0
1993-11-02,17.0,58,1.99,19.3,0.132,0.0
1993-11-03,16.8,56,2.25,18.8,0.131,0.0
1993-11-04,16.5,53,2.08,18.3,0.13,0.0
1993-11-05,16.2,56,1.95,18.3,0.129,0.0
1993-11-06,16.9,55,2.32,18.3,0.129,0.0
1993-11-07,16.5,52,2.14,18.1,0.128,0.0
1993-11-08,15.9,53,2.13,17.6,0.128,0.0
1993-11-09,15.9,53,2.06,17.3,0.127,0.0
1993-11-10,14.9,62,1.44,17.4,0.127,0.0
1993-11-11,13.0,82,0.85,15.5,0.278,15.9
1993-11-12,10.5,71,0.87,13.5,0.305,2.9
1993-11-13,9.5,72,0.85,12.3,0.276,0.0
1993-11-14,10.6,45,1.46,11.6,0.254,0.0
1993-11-15,9.8,49,1.26,10.5,0.237,0.0
1993-11-16,10.1,61,1.54,10.8,0.225,0.0
1993-11-17,11.7,55,1.68,12.4,0.215,0.0
1993-11-18,12.6,59,1.43,13.6,0.206,0.0
1993-11-19,11.6,64,1.25,12.6,0.198,0.0
1993-11-20,11.2,60,1.46,11.9,0.191,0.0
1993-11-21,10.3,68,0.86,10.8,0.186,0.0
1993-11-22,13.2,63,1.2,13.6,0.186,0.5
1993-11-23,10.4,57,1.1,12.4,0.182,0.0
1993-11-24,7.2,52,1.01,10.1,0.176,0.0
1993-11-25,8.7,57,1.25,9.8,0.172,0.0
1993-11-26,9.8,63,1.47,10.3,0.169,0.0
1993-11-27,10.5,63,1.18,10.7,0.166,0.0
1993-11-28,13.0,50,1.82,12.4,0.168,0.5
1993-11-29,13.0,76,1.0,13.3,0.19,10.7
1993-11-30,11.3,83,0.67,12.4,0.337,5.3
1993-12-01,10.0,73,0.81,10.9,0.297,0.0
1993-12-02,10.1,71,0.81,10.5,0.275,0.0
1993-12-03,10.9,74,1.01,10.5,0.26,0.0
1993-12-04,10.7,78,0.9,10.8,0.249,0.0
1993-12-05,9.7,78,0.87,10.8,0.239,0.0
1993-12-06,8.8,72,0.9,9.9,0.231,0.0
1993-12-07,9.3,72,0.96,9.8,0.224,0.0
1993-12-08,10.9,64,1.12,10.9,0.218,0.0
1993-12-09,11.3,80,0.9,11.8,0.212,0.0
1993-12-10,11.7,76,1.28,12.1,0.207,0.0
1993-12-11,9.7,88,0.43,10.3,0.276,16.3
1993-12-12,7.7,78,0.73,9.1,0.34,0.2
1993-12-13,8.4,66,1.0,8.7,0.305,0.0
1993-12-14,7.3,86,0.28,8.0,0.35,22.8
1993-12-15,6.2,83,0.49,7.2,0.354,0.0
1993-12-16,6.2,81,0.53,7.2,0.332,0.0
1993-12-17,7.0,80,0.69,7.8,0.32,0.0
1993-12-18,6.3,79,0.62,7.2,0.311,0.0
1993-12-19,6.4,77,0.69,7.1,0.304,0.0
1993-12-20,6.3,76,0.73,6.8,0.297,0.0
1993-12-21,5.7,78,0.63,6.6,0.291,0.0
1993-12-22,6.7,76,0.77,6.7,0.285,0.0
1993-12-23,6.0,79,0.71,6.6,0.28,0.0
1993-12-24,6.6,77,0.89,6.9,0.275,0.0
1993-12-25,7.0,77,0.89,7.3,0.27,0.0
1993-12-26,9.1,74,0.66,8.4,0.267,0.3
1993-12-27,10.2,74,0.89,9.7,0.266,0.0
1993-12-28,8.8,80,0.85,9.0,0.261,0.0
1993-12-29,8.9,81,0.85,8.9,0.257,0.0
1993-12-30,8.6,80,0.92,8.9,0.253,0.0
1993-12-31,8.2,86,0.54,8.2,0.25,0.0
1994-01-01,8.5,81,0.77,8.7,0.247,0.0
1994-01-02,9.1,84,0.73,9.2,0.244,0.0
1994-01-03,10.3,79,0.95,9.7,0.24,0.0
1994-01-04,10.1,82,0.57,9.9,0.239,0.8
1994-01-05,10.4,78,0.71,10.8,0.246,0.0
1994-01-06,7.3,73,0.71,9.1,0.241,0.0
1994-01-07,6.9,77,0.82,7.6,0.236,0.0
1994-01-08,7.2,72,1.08,7.8,0.233,0.0
1994-01-09,8.2,79,0.63,8.9,0.228,0.0
1994-01-10,7.7,82,0.72,8.5,0.225,0.0
1994-01-11,8.0,77,0.86,8.1,0.222,0.0
1994-01-12,8.4,77,0.88,8.4,0.218,0.0
1994-01-13,8.7,76,1.04,8.7,0.214,0.0
1994-01-14,9.8,76,1.03,9.6,0.212,0.0
1994-01-15,10.8,71,1.25,10.3,0.209,0.0
1994-01-16,9.8,80,0.91,10.1,0.205,0.0
1994-01-17,10.5,80,1.22,10.6,0.201,0.0
1994-01-18,11.5,74,1.48,11.1,0.198,0.0
1994-01-19,11.8,72,1.58,11.2,0.194,0.0
1994-01-20,11.6,71,1.6,11.6,0.19,0.0
1994-01-21,11.6,67,1.36,11.4,0.187,0.0
1994-01-22,12.2,63,1.65,11.3,0.184,0.0
1994-01-23,11.4,82,0.5,11.6,0.335,20.3
1994-01-24,8.5,88,0.41,9.3,0.368,15.8
1994-01-25,7.5,86,0.53,9.0,0.37,1.7
1994-01-26,7.9,79,0.62,8.9,0.348,0.0
1994-01-27,7.8,78,0.65,8.9,0.329,0.0
1994-01-28,7.3,77,0.81,8.5,0.316,0.0
1994-01-29,7.4,71,0.78,8.2,0.306,0.0
1994-01-30,7.2,77,0.74,8.1,0.297,0.0
1994-01-31,8.1,74,1.03,8.6,0.289,0.0
1994-02-01,7.6,69,0.98,8.2,0.282,0.0
1994-02-02,7.3,71,0.9,7.8,0.276,0.0
1994-02-03,9.0,67,1.11,8.8,0.273,0.1
1994-02-04,9.2,85,0.51,9.8,0.338,8.0
1994-02-05,9.7,80,0.81,9.9,0.329,0.0
1994-02-06,9.8,84,0.52,9.8,0.315,0.9
1994-02-07,10.5,88,0.31,10.4,0.378,16.9
1994-02-08,9.6,84,0.62,10.3,0.398,5.4
1994-02-09,9.5,80,0.67,10.1,0.365,0.0
1994-02-10,9.1,79,0.75,9.8,0.35,2.8
1994-02-11,7.7,72,0.84,9.4,0.36,0.5
1994-02-12,7.4,68,0.88,8.3,0.34,0.0
1994-02-13,8.8,72,1.05,8.8,0.326,0.0
1994-02-14,8.4,74,1.0,9.2,0.315,0.0
1994-02-15,10.0,72,1.15,9.7,0.305,0.0
1994-02-16,11.8,68,1.06,11.2,0.298,0.0
1994-02-17,10.7,75,0.63,11.3,0.382,19.6
1994-02-18,6.4,87,0.38,8.7,0.397,7.8
1994-02-19,6.2,82,0.77,7.8,0.387,11.3
1994-02-20,8.5,81,0.59,9.8,0.414,9.6
1994-02-21,8.4,73,0.79,9.2,0.384,0.2
1994-02-22,8.1,78,0.68,9.5,0.367,0.0
1994-02-23,8.9,75,0.82,9.7,0.352,0.0
1994-02-24,10.2,75,0.98,10.5,0.339,0.0
1994-02-25,12.2,76,1.16,11.7,0.327,0.0
1994-02-26,12.8,81,0.77,12.6,0.319,0.2
1994-02-27,13.0,78,0.97,13.3,0.315,0.1
1994-02-28,12.4,80,0.84,13.3,0.304,0.0
1994-03-01,13.8,78,1.35,14.0,0.294,0.0
1994-03-02,14.9,78,1.54,14.9,0.284,0.0
1994-03-03,15.8,75,1.63,15.6,0.273,0.0
1994-03-04,15.0,75,1.35,15.8,0.263,0.0
1994-03-05,13.9,86,0.65,14.8,0.327,14.5
1994-03-06,12.3,83,0.83,13.9,0.393,7.5
1994-03-07,13.1,77,1.01,13.8,0.354,0.0
1994-03-08,13.8,77,1.2,14.4,0.331,0.0
1994-03-09,14.6,75,1.23,15.1,0.314,0.0
1994-03-10,14.0,74,1.18,15.0,0.3,0.0
1994-03-11,13.5,71,1.08,14.6,0.288,0.0
1994-03-12,13.6,63,1.47,14.1,0.277,0.0
1994-03-13,14.8,65,1.69,15.0,0.265,0.0
1994-03-14,16.3,67,1.81,16.1,0.254,0.0
1994-03-15,17.0,64,1.9,16.8,0.244,0.0
1994-03-16,15.4,60,1.28,16.4,0.235,0.0
1994-03-17,14.7,59,1.65,16.3,0.226,0.0
1994-03-18,16.9,54,2.12,17.1,0.216,0.0
1994-03-19,14.2,65,0.98,15.2,0.213,0.3
1994-03-20,13.8,63,1.54,15.3,0.211,0.0
1994-03-21,14.0,59,1.57,15.3,0.202,0.0
1994-03-22,11.1,46,1.17,14.3,0.195,0.4
1994-03-23,10.1,48,1.27,13.5,0.19,0.0
1994-03-24,11.9,56,1.54,13.7,0.194,6.0
1994-03-25,10.1,71,0.92,12.8,0.292,3.4
1994-03-26,12.0,69,1.12,13.8,0.274,0.0
1994-03-27,14.4,70,1.57,15.5,0.253,0.0
1994-03-28,16.5,66,2.03,16.8,0.234,0.0
1994-03-29,16.9,55,2.04,17.8,0.218,0.0
1994-03-30,17.1,59,1.97,18.3,0.202,0.0
1994-03-31,15.9,51,2.09,17.8,0.189,0.0
1994-04-01,17.6,43,2.49,18.2,0.178,0.0
1994-04-02,18.5,48,2.47,19.0,0.169,0.0
1994-04-03,17.0,57,1.8,19.3,0.164,0.3
1994-04-04,17.2,49,2.69,19.3,0.159,0.0
1994-04-05,17.1,43,2.47,19.0,0.152,0.0
1994-04-06,17.2,50,2.16,19.2,0.148,0.0
1994-04-07,16.1,48,2.15,19.2,0.144,0.0
1994-04-08,14.2,54,1.19,16.9,0.144,2.1
1994-04-09,13.0,66,1.23,15.8,0.204,5.7
1994-04-10,14.4,53,1.9,16.5,0.208,0.0
1994-04-11,16.3,49,2.34,18.0,0.191,0.0
1994-04-12,19.3,43,3.05,19.8,0.177,0.0
1994-04-13,20.1,42,3.19,21.3,0.165,0.0
1994-04-14,19.9,44,2.96,21.7,0.155,0.0
1994-04-15,22.4,48,3.47,23.5,0.147,0.0
1994-04-16,22.5,55,3.0,24.0,0.141,0.0
1994-04-17,22.7,51,3.11,24.9,0.137,0.0
1994-04-18,23.3,43,3.44,25.4,0.133,0.0
1994-04-19,21.7,49,2.97,24.8,0.131,0.0
1994-04-20,21.2,39,3.39,24.4,0.13,0.0
1994-04-21,18.8,41,2.35,23.1,0.129,0.0
1994-04-22,17.2,41,2.4,21.7,0.128,0.0
1994-04-23,13.4,62,1.46,18.6,0.148,10.2
1994-04-24,11.5,69,1.03,16.2,0.291,6.5
1994-04-25,11.6,71,0.78,15.3,0.317,12.7
1994-04-26,12.1,68,1.1,14.8,0.346,4.8
1994-04-27,13.9,63,1.24,15.9,0.294,0.1
1994-04-28,15.7,66,1.53,17.6,0.264,0.1
1994-04-29,17.3,61,1.84,19.1,0.239,0.0
1994-04-30,17.2,54,1.94,19.8,0.215,0.0
1994-05-01,17.3,51,2.17,20.0,0.195,0.0
1994-05-02,17.6,49,2.41,20.3,0.179,0.0
1994-05-03,18.7,52,2.35,21.3,0.167,0.0
1994-05-04,19.4,54,2.39,22.4,0.157,0.0
1994-05-05,18.0,65,1.51,21.4,0.154,3.6
1994-05-06,14.3,79,0.8,17.7,0.271,12.4
1994-05-07,14.1,77,0.81,16.9,0.319,2.7
1994-05-08,17.0,62,1.64,18.4,0.285,0.0
1994-05-09,18.4,68,1.74,20.5,0.25,0.0
1994-05-10,21.9,65,2.25,22.7,0.222,0.0
1994-05-11,22.2,56,2.86,23.8,0.198,0.0
1994-05-12,20.8,47,2.88,23.3,0.178,0.0
1994-05-13,22.0,50,3.06,24.2,0.164,0.0
1994-05-14,23.1,42,3.54,25.3,0.153,0.0
1994-05-15,18.5,44,2.24,23.0,0.145,0.0
1994-05-16,15.6,46,1.73,20.4,0.14,0.0
1994-05-17,13.9,63,1.08,18.5,0.157,4.5
1994-05-18,14.1,77,1.09,18.1,0.233,5.8
1994-05-19,16.0,61,1.55,18.6,0.252,0.2
1994-05-20,17.0,54,2.08,19.9,0.226,0.0
1994-05-21,19.7,50,2.71,21.8,0.199,0.0
1994-05-22,21.4,44,3.19,23.7,0.178,0.0
1994-05-23,23.7,39,3.81,25.7,0.162,0.0
1994-05-24,25.1,39,3.83,27.3,0.149,0.0
1994-05-25,24.6,39,3.94,27.8,0.14,0.0
1994-05-26,22.0,42,3.02,26.6,0.135,0.0
1994-05-27,21.3,42,3.08,26.4,0.132,0.0
1994-05-28,24.7,36,4.39,28.0,0.13,0.0
1994-05-29,26.1,31,4.97,29.3,0.128,0.0
1994-05-30,27.0,39,4.63,29.6,0.13,1.9
1994-05-31,24.4,50,3.42,28.2,0.149,1.6
1994-06-01,24.6,36,4.18,28.1,0.142,0.0
1994-06-02,25.4,30,4.54,28.7,0.135,0.0
1994-06-03,24.7,25,4.5,28.7,0.13,0.0
1994-06-04,23.3,36,3.6,27.9,0.128,0.0
1994-06-05,21.8,43,3.11,27.0,0.127,0.0
1994-06-06,20.0,45,2.66,25.0,0.126,0.0
1994-06-07,20.8,35,3.32,25.4,0.126,0.0
1994-06-08,24.2,30,4.2,27.9,0.125,0.0
1994-06-09,27.0,30,5.3,30.2,0.125,0.0
1994-06-10,29.4,29,6.17,32.0,0.124,0.0
1994-06-11,29.3,32,5.82,32.9,0.124,0.0
1994-06-12,27.6,32,4.76,32.2,0.124,0.0
1994-06-13,25.7,33,3.92,30.7,0.124,0.0
1994-06-14,24.2,28,3.72,29.5,0.124,0.0
1994-06-15,22.2,28,3.53,28.0,0.124,0.0
1994-06-16,21.4,31,3.47,27.0,0.124,0.0
1994-06-17,23.0,32,3.85,28.0,0.124,0.0
1994-06-18,24.7,29,4.14,29.2,0.124,0.0
1994-06-19,26.7,28,4.74,31.0,0.124,0.0
1994-06-20,26.5,30,4.56,31.2,0.124,0.0
1994-06-21,26.5,29,4.73,31.3,0.124,0.0
1994-06-22,27.6,27,5.1,32.1,0.124,0.0
1994-06-23,27.6,25,5.06,31.9,0.124,0.0
1994-06-24,28.3,23,5.56,32.3,0.124,0.0
1994-06-25,27.6,25,5.18,32.0,0.124,0.0
1994-06-26,28.1,23,5.38,32.4,0.124,0.0
1994-06-27,31.1,27,6.29,34.8,0.124,0.0
1994-06-28,32.2,27,6.35,35.8,0.124,0.0
1994-06-29,32.2,22,6.71,36.0,0.124,0.0
1994-06-30,31.2,24,6.13,35.4,0.123,0.0
1994-07-01,30.7,25,5.75,35.3,0.123,0.0
1994-07-02,28.3,33,4.72,33.9,0.123,0.0
1994-07-03,27.6,40,4.22,33.4,0.124,0.0
1994-07-04,27.2,34,4.46,32.9,0.124,0.0
1994-07-05,26.8,33,4.44,32.8,0.124,0.0
1994-07-06,27.9,32,4.81,33.0,0.124,0.0
1994-07-07,29.0,29,5.25,33.7,0.124,0.0
1994-07-08,30.2,29,5.7,34.7,0.124,0.0
1994-07-09,31.4,28,6.11,35.7,0.124,0.0
1994-07-10,31.0,25,5.88,35.9,0.123,0.0
1994-07-11,29.5,27,5.4,34.9,0.123,0.0
1994-07-12,29.4,28,5.53,34.5,0.123,0.0
1994-07-13,29.3,30,5.43,34.5,0.123,0.0
1994-07-14,29.4,33,5.19,34.7,0.123,0.0
1994-07-15,29.7,33,4.94,34.8,0.123,0.0
1994-07-16,29.7,39,5.03,34.9,0.123,0.0
1994-07-17,30.6,37,5.25,35.6,0.123,0.0
1994-07-18,29.9,31,4.91,35.5,0.123,0.0
1994-07-19,28.3,34,4.03,33.7,0.123,0.0
1994-07-20,27.3,35,3.76,32.6,0.123,0.0
1994-07-21,27.3,38,3.88,32.7,0.124,0.0
1994-07-22,28.0,43,3.99,33.5,0.124,0.0
1994-07-23,26.9,47,3.54,33.1,0.124,0.0
1994-07-24,25.2,43,3.52,31.4,0.124,0.0
1994-07-25,27.6,37,4.73,32.6,0.124,0.0
1994-07-26,29.4,28,5.47,33.9,0.124,0.0
1994-07-27,29.0,29,5.23,33.8,0.124,0.0
1994-07-28,28.4,34,4.94,33.5,0.123,0.0
1994-07-29,28.9,34,4.95,34.0,0.123,0.0
1994-07-30,28.0,37,4.21,33.7,0.123,0.0
1994-07-31,27.2,39,4.06,33.2,0.123,0.0
1994-08-01,26.4,42,3.86,32.3,0.123,0.0
1994-08-02,26.3,40,4.18,31.9,0.124,0.0
1994-08-03,26.6,37,4.34,32.0,0.124,0.0
1994-08-04,27.5,37,4.63,32.5,0.124,0.0
1994-08-05,28.6,35,5.15,33.4,0.124,0.0
1994-08-06,30.3,33,5.54,34.4,0.123,0.0
1994-08-07,30.6,31,5.96,35.0,0.123,0.0
1994-08-08,28.9,33,4.83,34.5,0.123,0.0
1994-08-09,29.0,31,5.04,34.3,0.123,0.0
1994-08-10,29.1,31,4.73,34.2,0.123,0.0
1994-08-11,30.1,29,5.29,34.6,0.123,0.0
1994-08-12,30.7,27,5.49,35.1,0.123,0.0
1994-08-13,31.0,27,5.71,35.3,0.123,0.0
1994-08-14,32.3,23,6.65,36.0,0.123,0.0
1994-08-15,32.5,21,6.9,36.3,0.123,0.0
1994-08-16,31.2,23,6.26,35.7,0.123,0.0
1994-08-17,30.8,28,5.66,34.7,0.123,0.0
1994-08-18,30.0,35,4.67,34.6,0.123,0.0
1994-08-19,29.4,32,4.88,34.6,0.123,0.0
1994-08-20,28.1,30,4.91,33.4,0.123,0.0
1994-08-21,27.4,34,4.4,32.9,0.123,0.0
1994-08-22,25.6,36,3.94,31.7,0.123,0.0
1994-08-23,26.7,34,4.3,31.7,0.123,0.0
1994-08-24,27.3,36,4.56,32.1,0.123,0.0
1994-08-25,27.7,34,4.52,32.6,0.123,0.0
1994-08-26,28.2,33,4.58,32.8,0.123,0.0
1994-08-27,28.3,30,4.66,32.8,0.123,0.0
1994-08-28,26.3,31,4.14,31.3,0.123,0.0
1994-08-29,25.1,38,4.0,30.2,0.123,0.0
1994-08-30,25.8,35,4.12,30.5,0.123,0.0
1994-08-31,26.2,37,4.15,30.8,0.123,0.0
1994-09-01,25.1,39,3.76,30.6,0.123,0.0
1994-09-02,23.9,39,3.74,29.4,0.123,0.0
1994-09-03,23.1,39,3.47,28.4,0.123,0.0
1994-09-04,25.6,36,4.29,29.6,0.123,0.0
1994-09-05,27.0,36,4.7,30.5,0.123,0.0
1994-09-06,27.6,39,4.48,31.3,0.123,0.0
1994-09-07,26.9,39,4.22,31.4,0.123,0.0
1994-09-08,25.4,37,3.77,30.1,0.123,0.0
1994-09-09,23.3,40,3.27,28.2,0.123,0.0
1994-09-10,22.0,39,3.02,27.1,0.123,0.0
1994-09-11,20.2,44,2.61,25.7,0.123,0.0
1994-09-12,19.2,48,2.15,24.8,0.126,0.8
1994-09-13,20.4,48,2.54,24.9,0.13,0.0
1994-09-14,22.2,42,3.24,26.3,0.128,0.0
1994-09-15,24.3,39,3.73,27.4,0.126,0.0
1994-09-16,25.5,43,3.83,28.0,0.125,0.0
1994-09-17,25.4,44,3.64,28.8,0.125,0.0
1994-09-18,25.0,42,3.48,28.7,0.125,0.0
1994-09-19,25.5,39,3.63,29.2,0.124,0.0
1994-09-20,25.7,43,3.71,29.0,0.124,0.0
1994-09-21,26.6,43,3.95,29.7,0.124,0.0
1994-09-22,26.0,47,3.81,29.7,0.124,0.0
1994-09-23,24.5,50,2.87,28.5,0.125,0.4
1994-09-24,24.2,59,2.61,28.3,0.129,0.0
1994-09-25,24.4,55,3.2,28.5,0.127,0.0
1994-09-26,25.3,47,3.68,28.8,0.126,0.0
1994-09-27,24.8,52,3.18,28.4,0.125,0.0
1994-09-28,21.8,69,1.51,24.9,0.146,7.7
1994-09-29,21.0,68,2.05,24.2,0.226,1.5
1994-09-30,20.2,59,2.1,23.4,0.208,0.0
1994-10-01,21.7,57,2.38,23.8,0.19,0.0
1994-10-02,22.9,55,2.71,25.0,0.176,0.0
1994-10-03,20.6,61,2.22,23.9,0.164,0.0
1994-10-04,17.3,72,1.09,20.4,0.21,12.6
1994-10-05,16.1,71,1.32,19.7,0.351,13.8
1994-10-06,16.9,66,1.39,19.3,0.292,0.0
1994-10-07,18.6,65,1.69,20.1,0.26,0.0
1994-10-08,20.0,64,2.26,21.0,0.237,0.0
1994-10-09,21.3,64,2.79,21.8,0.218,0.0
1994-10-10,21.7,57,2.78,22.3,0.202,0.0
1994-10-11,19.5,57,2.22,21.9,0.187,0.0
1994-10-12,17.3,57,2.11,20.2,0.176,0.0
1994-10-13,15.1,61,1.5,19.0,0.168,0.0
1994-10-14,15.3,63,1.58,18.4,0.163,0.0
1994-10-15,15.9,42,1.9,18.4,0.157,0.0
1994-10-16,14.5,49,1.73,17.1,0.152,0.0
1994-10-17,15.5,47,2.05,17.6,0.148,0.0
1994-10-18,16.2,46,2.13,18.1,0.145,0.0
1994-10-19,16.1,51,2.28,18.4,0.142,0.0
1994-10-20,16.6,54,2.26,18.8,0.139,0.0
1994-10-21,17.3,49,2.4,19.1,0.136,0.0
1994-10-22,17.8,48,2.41,19.4,0.135,0.0
1994-10-23,17.6,57,2.3,19.2,0.134,0.0
1994-10-24,18.5,55,1.97,19.7,0.133,0.0
1994-10-25,17.1,62,1.82,19.5,0.132,0.0
1994-10-26,16.7,61,1.78,19.3,0.131,0.0
1994-10-27,17.8,64,1.73,19.3,0.131,0.0
1994-10-28,17.3,68,1.71,19.5,0.13,0.0
1994-10-29,16.1,50,2.14,18.7,0.13,0.0
1994-10-30,15.0,45,1.81,17.0,0.129,0.0
1994-10-31,15.8,49,2.19,17.5,0.129,0.0
1994-11-01,16.3,52,2.33,17.9,0.128,0.0
1994-11-02,13.2,44,1.35,16.5,0.13,0.1
1994-11-03,10.0,37,1.4,13.3,0.13,0.0
1994-11-04,9.5,41,1.36,12.7,0.129,0.0
1994-11-05,12.7,30,1.32,13.8,0.129,0.0
1994-11-06,14.4,63,1.4,15.9,0.128,0.0
1994-11-07,12.2,90,0.3,13.9,0.158,7.1
1994-11-08,12.7,74,1.19,14.9,0.199,0.0
1994-11-09,12.6,66,1.13,13.5,0.193,1.2
1994-11-10,9.5,79,0.61,12.7,0.321,11.9
1994-11-11,8.6,71,0.83,10.7,0.293,0.0
1994-11-12,9.7,69,0.92,10.9,0.269,0.2
1994-11-13,8.8,73,0.86,11.1,0.254,0.0
1994-11-14,9.0,67,1.05,10.4,0.241,0.0
1994-11-15,9.7,69,1.25,10.4,0.242,5.7
1994-11-16,8.7,77,0.74,10.6,0.321,3.7
1994-11-17,7.4,88,0.25,8.7,0.333,10.5
1994-11-18,5.7,71,0.62,7.8,0.342,1.3
1994-11-19,4.2,66,0.62,6.5,0.307,0.0
1994-11-20,5.8,63,0.9,6.8,0.287,0.0
1994-11-21,7.0,76,0.67,8.0,0.274,0.0
1994-11-22,7.8,75,0.84,8.6,0.264,0.0
1994-11-23,8.0,74,1.04,8.8,0.255,0.0
1994-11-24,9.0,73,0.99,9.4,0.248,0.0
1994-11-25,8.7,86,0.35,9.5,0.313,14.1
1994-11-26,7.0,75,0.63,8.8,0.376,7.7
1994-11-27,5.9,63,0.65,7.0,0.334,0.0
1994-11-28,7.7,74,0.54,8.9,0.315,0.0
1994-11-29,7.5,80,0.73,8.2,0.302,0.0
1994-11-30,8.5,81,0.82,8.8,0.293,0.0
1994-12-01,9.4,80,0.92,9.3,0.285,0.0
1994-12-02,9.8,84,0.75,10.0,0.278,0.0
1994-12-03,9.4,87,0.51,9.8,0.285,5.0
1994-12-04,11.9,83,0.84,11.9,0.323,0.0
1994-12-05,10.9,85,0.54,12.0,0.307,0.0
1994-12-06,8.7,74,0.45,10.4,0.296,0.0
1994-12-07,7.9,70,0.76,9.6,0.287,0.0
1994-12-08,5.0,73,0.6,7.1,0.279,0.0
1994-12-09,4.5,74,0.67,6.0,0.272,0.0
1994-12-10,6.3,70,1.05,6.6,0.266,0.0
1994-12-11,6.8,74,0.71,7.4,0.261,0.0
1994-12-12,6.8,85,0.2,7.3,0.282,6.0
1994-12-13,7.7,84,0.58,8.4,0.33,2.0
1994-12-14,6.4,85,0.48,7.0,0.329,6.5
1994-12-15,7.7,84,0.58,8.5,0.345,0.2
1994-12-16,7.4,83,0.6,7.7,0.321,0.0
1994-12-17,8.0,85,0.77,8.2,0.307,0.0
1994-12-18,8.6,85,0.64,8.7,0.297,0.0
1994-12-19,7.4,88,0.48,8.3,0.289,0.0
1994-12-20,8.5,84,0.83,8.6,0.283,0.0
1994-12-21,8.5,84,0.87,8.7,0.277,0.0
1994-12-22,8.3,83,0.8,8.8,0.272,0.0
1994-12-23,9.0,79,0.98,9.0,0.267,0.0
1994-12-24,8.6,89,0.17,8.7,0.311,14.0
1994-12-25,7.2,87,0.42,8.8,0.363,0.9
1994-12-26,7.1,84,0.55,7.8,0.332,0.0
1994-12-27,7.4,87,0.42,7.6,0.318,0.0
1994-12-28,7.6,82,0.51,7.7,0.334,3.9
1994-12-29,5.6,86,0.36,6.6,0.331,0.0
1994-12-30,6.3,81,0.65,6.4,0.317,0.0
1994-12-31,6.3,83,0.58,6.5,0.307,0.0
1995-01-01,8.0,83,0.73,8.0,0.302,0.1
1995-01-02,7.7,80,0.75,7.5,0.297,0.0
1995-01-03,9.1,78,0.47,8.9,0.336,6.0
1995-01-04,8.5,86,0.28,8.1,0.391,45.0
1995-01-05,8.4,91,0.34,9.0,0.424,12.5
1995-01-06,7.4,88,0.4,7.7,0.4,1.3
1995-01-07,11.1,78,0.58,10.0,0.398,4.3
1995-01-08,11.2,80,0.58,9.9,0.379,1.1
1995-01-09,13.8,87,0.37,12.0,0.408,9.9
1995-01-10,13.4,89,0.26,12.4,0.429,49.8
1995-01-11,11.5,84,0.73,12.0,0.406,2.5
1995-01-12,11.7,89,0.33,11.5,0.416,13.9
1995-01-13,13.8,88,0.67,13.1,0.399,0.0
1995-01-14,12.5,91,0.34,12.4,0.41,15.5
1995-01-15,8.2,92,0.25,10.5,0.423,13.3
1995-01-16,6.4,86,0.47,8.8,0.407,1.0
1995-01-17,5.6,84,0.52,7.2,0.393,0.0
1995-01-18,6.7,73,0.82,7.4,0.378,0.0
1995-01-19,7.0,77,0.75,7.5,0.368,0.0
1995-01-20,8.8,80,0.8,8.8,0.376,6.8
1995-01-21,9.2,83,0.63,9.7,0.388,0.1
1995-01-22,9.9,82,0.49,9.7,0.377,2.5
1995-01-23,10.2,91,0.21,10.1,0.424,20.9
1995-01-24,11.1,87,0.39,10.5,0.425,15.7
1995-01-25,10.2,92,0.17,10.3,0.425,18.2
1995-01-26,9.4,89,0.46,10.0,0.404,0.0
1995-01-27,11.0,90,0.34,11.0,0.411,5.9
1995-01-28,11.8,89,0.51,12.0,0.4,0.0
1995-01-29,11.8,88,0.62,11.8,0.385,0.0
1995-01-30,11.6,90,0.55,11.8,0.377,0.0
1995-01-31,12.8,89,0.69,12.6,0.371,0.0
1995-02-01,13.7,92,0.55,13.5,0.365,0.0
1995-02-02,13.4,90,0.65,13.7,0.361,0.0
1995-02-03,14.1,88,0.92,13.5,0.355,0.0
1995-02-04,13.9,86,0.99,13.4,0.349,0.0
1995-02-05,12.9,84,1.02,13.0,0.344,0.0
1995-02-06,12.2,87,0.69,12.6,0.339,0.0
1995-02-07,11.6,86,0.74,12.7,0.352,2.7
1995-02-08,11.2,85,0.57,12.3,0.371,3.4
1995-02-09,11.3,83,0.76,11.8,0.393,3.4
1995-02-10,10.7,84,0.72,11.7,0.367,0.0
1995-02-11,10.4,84,0.77,11.5,0.356,0.0
1995-02-12,11.1,78,0.82,11.8,0.348,0.0
1995-02-13,10.2,82,0.64,10.7,0.354,11.9
1995-02-14,9.1,73,0.76,11.1,0.411,10.9
1995-02-15,7.5,72,0.77,9.6,0.385,0.0
1995-02-16,9.3,78,0.75,9.7,0.374,0.0
1995-02-17,10.4,80,0.93,11.0,0.365,0.0
1995-02-18,11.4,79,0.77,11.2,0.356,0.0
1995-02-19,12.7,85,0.91,12.6,0.349,0.0
1995-02-20,13.8,85,1.09,13.8,0.342,0.0
1995-02-21,13.9,87,0.94,14.1,0.336,0.0
1995-02-22,13.3,87,0.77,14.2,0.33,0.0
1995-02-23,13.2,88,0.8,14.2,0.325,0.0
1995-02-24,13.5,88,0.75,14.5,0.319,0.0
1995-02-25,13.1,87,0.76,14.4,0.314,0.0
1995-02-26,12.9,87,0.72,13.9,0.309,0.0
1995-02-27,13.6,86,0.69,14.4,0.305,0.0
1995-02-28,12.8,89,0.54,13.8,0.315,2.6
1995-03-01,12.9,86,0.66,14.1,0.328,0.3
1995-03-02,13.2,85,0.69,13.9,0.345,8.6
1995-03-03,13.0,90,0.38,13.7,0.413,16.6
1995-03-04,11.7,83,0.8,13.1,0.4,4.4
1995-03-05,12.5,93,0.22,13.2,0.419,10.2
1995-03-06,11.1,81,0.77,13.0,0.4,0.0
1995-03-07,12.2,75,1.15,12.6,0.38,0.0
1995-03-08,12.7,80,0.74,12.7,0.375,1.5
1995-03-09,14.7,83,0.58,13.5,0.41,27.0
1995-03-10,14.4,85,0.62,13.4,0.429,51.1
1995-03-11,12.4,86,0.52,13.4,0.42,11.0
1995-03-12,13.0,75,0.9,13.5,0.402,0.0
1995-03-13,14.2,76,0.93,14.4,0.386,0.0
1995-03-14,14.9,78,1.13,14.7,0.375,0.1
1995-03-15,14.3,78,0.89,15.3,0.364,0.0
1995-03-16,13.4,71,1.09,14.6,0.352,0.0
1995-03-17,14.1,74,1.22,14.9,0.341,0.0
1995-03-18,14.3,80,1.03,14.7,0.335,0.5
1995-03-19,14.4,78,0.99,15.5,0.328,0.0
1995-03-20,14.0,83,0.63,14.1,0.348,13.1
1995-03-21,9.9,86,0.4,13.0,0.426,21.0
1995-03-22,8.9,82,0.59,10.3,0.419,19.2
1995-03-23,8.8,74,0.8,11.5,0.419,24.0
1995-03-24,8.2,72,0.83,11.0,0.408,1.6
1995-03-25,9.1,65,0.87,10.9,0.385,0.0
1995-03-26,10.3,64,1.03,11.6,0.372,0.0
1995-03-27,10.9,68,1.16,12.4,0.359,0.0
1995-03-28,12.1,65,1.19,13.1,0.346,0.0
1995-03-29,12.9,63,1.31,13.5,0.335,0.0
1995-03-30,13.7,62,1.44,14.2,0.325,0.0
1995-03-31,15.1,67,1.56,15.1,0.314,0.0
1995-04-01,15.0,65,1.19,15.9,0.305,0.4
1995-04-02,14.3,70,1.18,15.8,0.297,0.0
1995-04-03,15.7,70,1.57,16.4,0.287,0.0
1995-04-04,17.4,69,1.73,17.3,0.277,0.0
1995-04-05,17.3,68,1.72,17.7,0.268,0.0
1995-04-06,16.3,74,1.25,17.4,0.261,0.0
1995-04-07,15.7,71,1.13,16.9,0.257,0.1
1995-04-08,13.7,57,1.36,15.9,0.252,0.0
1995-04-09,11.7,52,1.32,14.1,0.242,0.0
1995-04-10,12.7,52,1.32,14.5,0.233,0.0
1995-04-11,14.9,64,1.52,16.1,0.226,0.0
1995-04-12,17.8,66,1.88,17.7,0.219,0.0
1995-04-13,12.9,78,0.69,14.5,0.266,12.1
1995-04-14,10.7,67,0.94,12.8,0.324,0.0
1995-04-15,10.5,64,1.14,13.1,0.301,1.7
1995-04-16,9.7,75,0.78,12.0,0.32,1.8
1995-04-17,10.5,75,0.88,12.4,0.315,4.6
1995-04-18,10.7,78,0.56,12.7,0.354,3.0
1995-04-19,11.1,63,1.12,12.9,0.336,0.0
1995-04-20,10.3,69,0.8,12.1,0.32,2.5
1995-04-21,11.8,59,1.33,13.3,0.307,0.0
1995-04-22,14.1,62,1.6,14.9,0.285,0.0
1995-04-23,17.4,64,2.05,17.4,0.267,0.0
1995-04-24,19.0,61,2.32,18.9,0.251,0.0
1995-04-25,17.9,57,2.25,18.7,0.235,0.0
1995-04-26,17.0,57,2.1,18.4,0.221,0.0
1995-04-27,17.2,62,1.74,18.7,0.211,0.2
1995-04-28,17.5,69,1.69,18.9,0.209,0.6
1995-04-29,17.3,81,1.22,18.3,0.226,7.6
1995-04-30,18.7,81,1.44,19.3,0.337,9.2
1995-05-01,18.4,77,1.42,19.6,0.349,7.3
1995-05-02,16.0,67,1.4,18.1,0.341,0.0
1995-05-03,16.6,63,1.63,18.3,0.301,0.0
1995-05-04,15.7,60,1.3,17.5,0.276,0.0
1995-05-05,12.9,67,1.09,16.1,0.276,6.3
1995-05-06,12.5,66,0.95,14.7,0.302,0.0
1995-05-07,14.9,64,1.3,16.0,0.285,0.0
1995-05-08,16.1,65,1.4,17.2,0.269,0.0
1995-05-09,16.8,64,1.56,18.1,0.252,0.0
1995-05-10,17.0,63,1.61,18.7,0.234,0.0
1995-05-11,16.9,51,1.65,18.6,0.219,0.0
1995-05-12,14.5,50,1.47,17.4,0.206,0.8
1995-05-13,12.5,75,0.77,16.5,0.24,6.2
1995-05-14,13.9,64,1.44,16.6,0.251,0.0
1995-05-15,14.2,67,1.21,17.0,0.246,1.3
1995-05-16,16.2,62,1.7,17.5,0.232,0.2
1995-05-17,18.1,60,2.02,19.6,0.214,0.0
1995-05-18,20.7,60,2.22,21.3,0.198,0.0
1995-05-19,22.0,59,2.89,22.9,0.185,0.0
1995-05-20,22.2,56,2.59,23.7,0.173,0.0
1995-05-21,19.1,51,1.83,21.9,0.164,0.0
1995-05-22,17.9,52,1.89,21.2,0.157,0.0
1995-05-23,19.2,57,2.07,21.8,0.152,0.0
1995-05-24,18.4,70,1.62,21.3,0.178,7.3
1995-05-25,19.1,66,1.85,20.9,0.239,0.3
1995-05-26,20.8,61,2.18,22.3,0.218,0.0
1995-05-27,21.8,47,2.74,23.4,0.196,0.0
1995-05-28,22.1,55,2.9,24.0,0.179,0.0
1995-05-29,24.3,54,3.61,25.5,0.166,0.0
1995-05-30,25.1,47,3.73,26.1,0.155,0.0
1995-05-31,26.0,43,3.89,27.3,0.146,0.0
1995-06-01,24.8,41,3.26,26.5,0.14,0.1
1995-06-02,20.0,47,2.39,24.6,0.138,0.0
1995-06-03,20.9,52,2.67,24.7,0.135,0.0
1995-06-04,22.7,47,3.18,25.8,0.132,0.0
1995-06-05,19.3,41,2.54,23.4,0.131,0.0
1995-06-06,18.4,30,2.34,22.4,0.13,0.0
1995-06-07,17.4,35,2.03,21.5,0.129,0.0
1995-06-08,18.9,43,2.54,22.5,0.129,0.0
1995-06-09,20.6,42,2.86,24.0,0.128,0.0
1995-06-10,23.0,41,3.51,25.8,0.127,0.0
1995-06-11,23.5,46,3.36,26.8,0.127,0.0
1995-06-12,24.1,34,3.81,27.2,0.126,0.0
1995-06-13,24.9,34,4.1,28.0,0.126,0.0
1995-06-14,19.7,45,2.27,24.2,0.126,0.6
1995-06-15,16.5,65,1.05,20.4,0.178,11.4
1995-06-16,15.6,57,1.65,19.5,0.241,0.0
1995-06-17,18.3,53,1.92,21.0,0.214,0.0
1995-06-18,19.6,58,2.15,22.5,0.191,0.0
1995-06-19,18.9,45,2.49,22.4,0.173,0.0
1995-06-20,20.6,41,2.99,23.3,0.159,0.0
1995-06-21,22.8,39,3.44,25.0,0.148,0.0
1995-06-22,25.3,41,3.93,27.1,0.14,0.0
1995-06-23,27.8,44,4.71,29.5,0.134,0.0
1995-06-24,29.9,39,5.24,31.4,0.13,0.0
1995-06-25,31.1,39,5.28,32.8,0.128,0.0
1995-06-26,31.6,35,5.73,33.5,0.127,0.0
1995-06-27,29.9,32,5.16,33.0,0.126,0.0
1995-06-28,28.7,34,4.78,32.3,0.125,0.0
1995-06-29,27.7,37,4.13,31.9,0.125,0.0
1995-06-30,27.1,39,3.96,31.7,0.124,0.0
1995-07-01,26.1,40,3.78,30.9,0.124,0.0
1995-07-02,26.1,40,3.96,30.6,0.124,0.0
1995-07-03,25.7,41,3.59,30.3,0.124,0.0
1995-07-04,26.2,49,3.54,30.7,0.124,0.0
1995-07-05,28.5,45,4.47,32.2,0.124,0.0
1995-07-06,28.2,36,4.4,32.1,0.124,0.0
1995-07-07,29.1,38,4.71,33.0,0.124,0.0
1995-07-08,29.9,39,4.68,33.8,0.124,0.0
1995-07-09,27.4,40,3.8,32.2,0.124,0.0
1995-07-10,25.2,37,3.41,30.8,0.124,0.0
1995-07-11,23.2,35,3.17,29.0,0.124,0.0
1995-07-12,21.0,42,2.82,26.7,0.124,0.0
1995-07-13,23.5,43,3.44,28.3,0.124,0.0
1995-07-14,27.5,36,4.54,30.4,0.124,0.0
1995-07-15,30.2,38,5.61,32.6,0.124,0.0
1995-07-16,29.8,38,4.92,33.0,0.124,0.0
1995-07-17,28.6,44,3.93,32.6,0.126,0.0
1995-07-18,28.2,42,4.49,32.8,0.125,0.0
1995-07-19,27.9,44,3.77,32.5,0.125,0.0
1995-07-20,26.6,49,3.36,32.0,0.124,0.0
1995-07-21,25.9,45,3.64,31.1,0.124,0.0
1995-07-22,25.0,45,3.5,30.1,0.124,0.0
1995-07-23,24.2,45,3.54,29.4,0.124,0.0
1995-07-24,25.0,43,3.86,29.7,0.124,0.0
1995-07-25,25.0,43,3.72,29.9,0.124,0.0
1995-07-26,27.6,42,4.53,31.7,0.124,0.0
1995-07-27,30.6,41,5.46,33.9,0.124,0.0
1995-07-28,31.8,44,5.43,35.2,0.124,0.0
1995-07-29,28.7,37,4.55,33.5,0.124,0.0
1995-07-30,29.3,36,5.02,33.6,0.124,0.0
1995-07-31,30.9,37,5.83,34.4,0.124,0.0
1995-08-01,31.1,37,5.7,34.9,0.124,0.0
1995-08-02,31.1,37,5.55,35.2,0.124,0.0
1995-08-03,31.0,38,5.55,35.2,0.124,0.0
1995-08-04,30.3,41,4.58,35.1,0.124,0.0
1995-08-05,29.3,45,4.13,34.5,0.124,0.0
1995-08-06,29.1,46,4.43,34.2,0.124,0.0
1995-08-07,28.7,42,4.16,33.4,0.124,0.0
1995-08-08,27.8,41,4.33,32.6,0.124,0.0
1995-08-09,28.9,39,4.63,33.2,0.124,0.0
1995-08-10,26.2,38,3.71,31.4,0.124,0.0
1995-08-11,24.6,42,3.6,30.2,0.124,0.0
1995-08-12,26.9,40,4.32,31.4,0.124,0.0
1995-08-13,28.1,39,4.77,32.3,0.124,0.0
1995-08-14,28.7,38,4.95,32.6,0.124,0.0
1995-08-15,28.5,43,4.38,32.7,0.124,0.0
1995-08-16,27.0,40,3.96,32.3,0.124,0.0
1995-08-17,24.2,31,3.31,30.0,0.124,0.0
1995-08-18,24.0,35,3.57,29.4,0.124,0.0
1995-08-19,27.5,32,4.68,30.9,0.124,0.0
1995-08-20,29.5,36,4.93,32.7,0.124,0.0
1995-08-21,29.3,38,4.58,33.4,0.124,0.0
1995-08-22,30.2,37,4.75,34.2,0.124,0.0
1995-08-23,30.0,38,4.48,34.2,0.124,0.0
1995-08-24,28.7,35,4.27,33.5,0.124,0.0
1995-08-25,26.7,38,4.12,32.1,0.124,0.0
1995-08-26,25.5,38,3.82,30.9,0.124,0.0
1995-08-27,26.0,40,4.01,30.7,0.124,0.0
1995-08-28,25.3,40,3.85,30.1,0.124,0.0
1995-08-29,24.7,42,3.79,29.5,0.124,0.0
1995-08-30,25.8,42,4.25,30.0,0.124,0.0
1995-08-31,26.2,42,4.05,30.5,0.124,0.0
1995-09-01,26.3,46,3.69,30.7,0.124,0.0
1995-09-02,26.2,44,3.59,30.2,0.125,0.1
1995-09-03,25.1,41,3.37,29.8,0.125,0.0
1995-09-04,24.1,39,3.54,28.8,0.125,0.0
1995-09-05,24.3,42,3.47,28.8,0.124,0.0
1995-09-06,26.2,39,4.24,29.4,0.124,0.0
1995-09-07,26.7,41,4.63,29.8,0.124,0.0
1995-09-08,26.4,37,4.23,29.8,0.124,0.0
1995-09-09,24.7,42,3.38,28.7,0.124,0.0
1995-09-10,22.9,52,2.95,27.7,0.124,0.0
1995-09-11,24.1,50,3.57,28.4,0.124,0.0
1995-09-12,24.9,49,3.82,28.8,0.124,0.0
1995-09-13,24.7,46,3.7,28.7,0.124,0.0
1995-09-14,25.0,49,3.69,29.0,0.124,0.0
1995-09-15,25.7,52,3.52,29.6,0.124,0.0
1995-09-16,25.0,50,3.14,29.5,0.124,0.0
1995-09-17,23.7,50,2.99,28.3,0.124,0.0
1995-09-18,25.1,50,3.37,28.7,0.124,0.0
1995-09-19,26.6,51,4.14,29.8,0.124,0.0
1995-09-20,27.4,46,4.07,30.3,0.124,0.0
1995-09-21,26.0,43,3.82,29.7,0.124,0.0
1995-09-22,25.0,50,3.42,29.0,0.124,0.0
1995-09-23,23.9,51,3.23,28.2,0.124,0.0
1995-09-24,23.5,48,3.12,27.6,0.124,0.0
1995-09-25,21.8,56,2.23,26.3,0.124,0.0
1995-09-26,20.9,52,2.51,25.6,0.124,0.0
1995-09-27,21.2,56,2.46,25.3,0.124,0.0
1995-09-28,20.1,58,2.06,24.3,0.124,0.0
1995-09-29,19.1,53,2.15,23.4,0.124,0.0
1995-09-30,20.7,45,2.81,23.8,0.124,0.0
1995-10-01,21.3,45,2.85,24.2,0.124,0.0
1995-10-02,22.4,47,3.31,25.0,0.124,0.0
1995-10-03,23.5,43,3.63,25.5,0.124,0.0
1995-10-04,21.0,38,2.74,24.7,0.124,0.0
1995-10-05,21.6,40,3.3,24.2,0.124,0.0
1995-10-06,21.4,47,3.13,24.3,0.124,0.0
1995-10-07,20.1,49,2.69,23.7,0.124,0.0
1995-10-08,20.0,48,2.72,23.4,0.124,0.0
1995-10-09,19.7,49,2.64,23.1,0.124,0.0
1995-10-10,21.4,49,3.02,23.6,0.124,0.0
1995-10-11,21.4,50,2.95,24.0,0.124,0.0
1995-10-12,19.3,60,2.03,23.0,0.124,0.0
1995-10-13,19.8,47,2.58,22.7,0.124,0.0
1995-10-14,21.3,55,3.03,23.6,0.124,0.0
1995-10-15,20.7,58,2.46,23.2,0.124,0.0
1995-10-16,17.6,63,1.71,21.8,0.124,0.0
1995-10-17,18.8,62,1.92,21.9,0.124,0.0
1995-10-18,20.4,58,2.34,22.5,0.124,0.0
1995-10-19,20.9,60,2.55,23.0,0.124,0.0
1995-10-20,21.0,58,2.69,23.4,0.124,0.0
1995-10-21,19.8,60,2.26,22.8,0.124,0.0
1995-10-22,16.3,34,1.93,20.6,0.124,0.0
1995-10-23,16.5,50,2.28,19.5,0.124,0.0
1995-10-24,16.6,48,2.31,19.3,0.124,0.0
1995-10-25,15.8,55,1.95,18.7,0.124,0.0
1995-10-26,16.3,61,1.81,19.1,0.124,0.0
1995-10-27,17.9,61,1.94,20.3,0.124,0.0
1995-10-28,19.5,64,2.06,21.0,0.124,0.0
1995-10-29,18.9,69,1.89,21.2,0.124,0.0
1995-10-30,18.4,68,1.95,20.9,0.124,0.0
1995-10-31,17.2,70,1.36,20.0,0.124,0.0
1995-11-01,16.8,65,1.28,19.8,0.124,0.0
1995-11-02,15.6,71,1.24,18.5,0.124,0.0
1995-11-03,15.7,71,1.47,18.4,0.124,0.0
1995-11-04,16.0,64,1.73,18.3,0.124,0.0
1995-11-05,15.4,65,1.93,17.9,0.124,0.0
1995-11-06,14.8,62,1.55,17.6,0.124,0.0
1995-11-07,15.3,64,1.52,17.5,0.124,0.0
1995-11-08,16.9,65,1.95,18.5,0.124,0.0
1995-11-09,16.8,70,1.48,18.8,0.124,0.0
1995-11-10,15.2,72,1.21,18.1,0.124,0.0
1995-11-11,16.3,68,1.73,17.9,0.124,0.0
1995-11-12,17.2,63,1.86,18.2,0.124,0.0
1995-11-13,16.7,70,1.61,18.5,0.124,0.0
1995-11-14,17.1,71,1.75,18.8,0.124,0.0
1995-11-15,16.3,71,1.59,18.3,0.124,0.0
1995-11-16,15.9,73,1.35,17.9,0.124,0.0
1995-11-17,16.2,77,1.4,17.8,0.124,0.0
1995-11-18,16.0,77,1.28,17.7,0.124,0.0
1995-11-19,15.6,79,1.26,17.4,0.124,0.0
1995-11-20,16.2,70,1.69,17.2,0.124,0.0
1995-11-21,15.0,68,1.3,16.6,0.124,0.0
1995-11-22,13.6,79,1.05,16.0,0.124,0.0
1995-11-23,14.4,73,1.37,15.9,0.124,0.0
1995-11-24,15.4,68,1.56,16.0,0.124,0.0
1995-11-25,16.0,66,1.68,16.7,0.124,0.0
1995-11-26,14.4,65,1.36,16.2,0.124,0.0
1995-11-27,10.8,50,1.14,13.6,0.124,0.0
1995-11-28,11.4,58,1.31,13.1,0.124,0.0
1995-11-29,13.1,62,1.42,13.8,0.124,0.0
1995-11-30,13.3,70,1.29,13.9,0.124,0.0
1995-12-01,13.9,73,1.34,14.5,0.124,0.0
1995-12-02,12.8,79,0.86,14.5,0.124,0.0
1995-12-03,11.4,69,0.95,13.3,0.125,0.0
1995-12-04,12.9,70,1.02,14.2,0.125,0.0
1995-12-05,13.4,87,0.75,14.6,0.125,0.0
1995-12-06,13.7,85,0.82,14.8,0.126,0.0
1995-12-07,13.8,80,1.03,14.8,0.126,0.1
1995-12-08,11.7,86,0.66,13.4,0.126,0.0
1995-12-09,11.2,81,1.03,13.0,0.126,0.0
1995-12-10,12.9,71,1.55,13.8,0.126,0.0
1995-12-11,13.1,77,0.56,13.0,0.14,2.5
1995-12-12,13.5,86,0.54,13.5,0.314,32.8
1995-12-13,11.8,92,0.37,13.0,0.376,13.5
1995-12-14,10.9,85,0.59,12.5,0.354,0.2
1995-12-15,9.1,87,0.55,10.7,0.331,2.6
1995-12-16,7.8,82,0.56,9.5,0.329,0.0
1995-12-17,7.1,83,0.57,8.5,0.311,0.0
1995-12-18,7.2,85,0.48,8.2,0.316,4.9
1995-12-19,7.2,85,0.61,8.6,0.336,0.3
1995-12-20,7.9,83,0.57,8.4,0.316,0.0
1995-12-21,7.1,84,0.55,7.9,0.303,0.0
1995-12-22,7.3,83,0.56,8.0,0.307,4.9
1995-12-23,8.5,83,0.54,9.5,0.353,3.4
1995-12-24,7.2,81,0.61,8.2,0.331,0.0
1995-12-25,7.3,78,0.7,7.9,0.316,0.0
1995-12-26,7.7,82,0.73,8.2,0.306,0.0
1995-12-27,8.5,80,0.79,8.4,0.297,0.0
1995-12-28,9.0,84,0.53,9.1,0.29,0.0
1995-12-29,8.3,90,0.27,8.6,0.301,5.5
1995-12-30,12.1,91,0.34,11.6,0.339,0.0
1995-12-31,14.4,86,0.68,13.8,0.32,0.0
1996-01-01,10.9,86,0.45,11.8,0.308,0.0
1996-01-02,10.6,80,0.85,10.6,0.298,0.0
1996-01-03,10.4,82,0.92,10.6,0.29,0.0
1996-01-04,8.9,88,0.47,9.9,0.284,0.0
1996-01-05,9.0,87,0.57,9.7,0.278,0.0
1996-01-06,9.4,89,0.49,10.0,0.273,0.0
1996-01-07,10.6,86,0.9,11.0,0.269,0.0
1996-01-08,11.4,86,0.78,11.3,0.264,0.0
1996-01-09,10.7,88,0.6,11.2,0.26,0.0
1996-01-10,9.6,90,0.45,10.8,0.257,0.0
1996-01-11,9.6,85,0.81,10.5,0.254,0.0
1996-01-12,10.3,84,0.96,10.7,0.249,0.0
1996-01-13,10.8,83,0.93,11.3,0.245,0.0
1996-01-14,9.7,89,0.51,10.8,0.241,0.0
1996-01-15,10.5,83,0.77,11.4,0.238,0.0
1996-01-16,10.9,92,0.18,10.9,0.313,28.8
1996-01-17,9.6,78,0.71,10.9,0.363,0.2
1996-01-18,9.7,75,0.82,10.1,0.352,13.4
1996-01-19,9.7,85,0.59,10.7,0.396,5.4
1996-01-20,8.1,76,0.71,9.2,0.367,0.0
1996-01-21,7.8,80,0.53,9.0,0.386,10.3
1996-01-22,5.8,82,0.4,7.6,0.38,2.4
1996-01-23,5.7,72,0.68,6.9,0.368,0.5
1996-01-24,8.7,71,0.7,9.1,0.353,1.1
1996-01-25,9.0,80,0.52,9.9,0.401,16.4
1996-01-26,6.5,71,0.67,8.2,0.376,0.0
1996-01-27,8.1,79,0.4,8.3,0.398,17.3
1996-01-28,8.5,84,0.69,9.3,0.404,2.5
1996-01-29,9.3,74,0.82,9.4,0.378,0.0
1996-01-30,10.5,75,0.64,10.2,0.37,3.0
1996-01-31,11.3,90,0.23,10.8,0.422,17.8
1996-02-01,11.6,85,0.69,11.8,0.397,0.0
1996-02-02,11.7,83,0.68,11.7,0.377,0.0
1996-02-03,11.6,86,0.39,11.4,0.387,3.6
1996-02-04,14.3,85,0.54,13.1,0.415,22.1
1996-02-05,14.9,92,0.44,14.4,0.422,22.9
1996-02-06,12.9,88,0.67,13.4,0.394,0.0
1996-02-07,12.7,86,0.64,12.5,0.377,0.0
1996-02-08,14.0,84,1.04,13.2,0.365,0.0
1996-02-09,15.2,83,0.97,14.5,0.356,0.0
1996-02-10,14.9,86,0.76,15.0,0.347,0.0
1996-02-11,14.6,85,0.87,15.1,0.338,0.0
1996-02-12,14.5,82,0.87,14.4,0.331,0.0
1996-02-13,15.3,82,1.02,15.1,0.323,0.0
1996-02-14,15.9,83,0.93,15.5,0.316,0.0
1996-02-15,15.2,83,0.88,15.4,0.311,1.1
1996-02-16,15.8,82,0.97,16.2,0.318,0.5
1996-02-17,15.5,84,0.89,15.9,0.31,0.0
1996-02-18,14.2,78,0.99,15.0,0.304,0.1
1996-02-19,13.7,88,0.45,14.3,0.385,24.0
1996-02-20,12.1,92,0.16,13.0,0.417,16.9
1996-02-21,11.0,88,0.36,12.0,0.414,15.8
1996-02-22,6.8,77,0.68,10.1,0.414,4.6
1996-02-23,7.6,66,0.79,9.2,0.389,0.0
1996-02-24,6.9,77,0.55,8.1,0.384,4.8
1996-02-25,5.1,79,0.51,8.3,0.398,2.1
1996-02-26,4.5,78,0.46,7.5,0.38,0.6
1996-02-27,3.1,87,0.38,5.7,0.391,7.6
1996-02-28,5.8,78,0.74,7.3,0.388,0.0
1996-02-29,8.6,78,0.55,9.1,0.384,3.7
1996-03-01,10.9,80,0.91,11.3,0.38,0.0
1996-03-02,11.4,80,0.98,12.1,0.363,0.0
1996-03-03,12.6,78,1.01,12.4,0.352,0.7
1996-03-04,13.0,87,0.56,13.0,0.407,16.7
1996-03-05,10.6,85,0.48,12.2,0.416,7.2
1996-03-06,9.6,75,0.84,11.4,0.391,0.0
1996-03-07,13.0,71,1.35,13.0,0.372,0.0
1996-03-08,14.3,71,1.46,13.8,0.359,0.0
1996-03-09,16.5,73,1.63,15.3,0.349,0.0
1996-03-10,15.2,67,1.17,15.2,0.339,0.0
1996-03-11,13.5,84,0.69,14.8,0.353,5.5
1996-03-12,11.5,89,0.37,12.9,0.404,21.0
1996-03-13,11.2,80,0.74,12.6,0.408,2.3
1996-03-14,12.2,78,0.97,13.1,0.385,0.0
1996-03-15,13.8,78,1.12,14.3,0.369,0.0
1996-03-16,14.0,83,0.79,14.7,0.357,0.0
1996-03-17,14.9,80,1.12,15.4,0.346,0.0
1996-03-18,16.5,79,1.37,16.7,0.335,0.0
1996-03-19,18.1,81,1.46,17.8,0.325,0.0
1996-03-20,18.6,79,1.5,18.6,0.315,0.0
1996-03-21,18.3,79,1.48,18.9,0.304,0.0
1996-03-22,14.0,62,1.03,16.4,0.296,0.5
1996-03-23,10.9,61,0.99,13.7,0.287,0.0
1996-03-24,11.8,64,1.2,13.5,0.278,0.0
1996-03-25,11.2,65,1.17,13.3,0.269,0.0
1996-03-26,11.9,64,1.21,13.9,0.26,0.0
1996-03-27,13.6,63,1.45,14.6,0.253,0.2
1996-03-28,12.1,70,1.05,13.9,0.285,5.2
1996-03-29,11.2,61,1.15,13.1,0.285,0.0
1996-03-30,13.7,63,1.29,14.2,0.269,0.0
1996-03-31,15.5,65,1.81,15.7,0.255,0.0
1996-04-01,13.3,81,0.45,13.9,0.307,17.4
1996-04-02,13.2,73,1.17,14.5,0.362,0.1
1996-04-03,13.2,68,1.25,14.7,0.323,0.0
1996-04-04,14.7,69,1.33,15.8,0.301,0.0
1996-04-05,16.3,68,1.56,17.0,0.283,0.0
1996-04-06,18.4,70,1.94,18.3,0.268,0.0
1996-04-07,19.6,70,2.24,19.5,0.254,0.0
1996-04-08,19.8,64,2.68,20.0,0.241,0.0
1996-04-09,15.7,68,1.3,18.0,0.23,0.0
1996-04-10,14.8,60,1.43,17.1,0.221,0.0
1996-04-11,15.0,61,1.52,17.1,0.211,0.0
1996-04-12,14.7,51,1.54,16.8,0.203,0.0
1996-04-13,14.2,52,1.66,16.8,0.194,0.0
1996-04-14,17.5,52,2.27,18.0,0.187,0.0
1996-04-15,19.9,46,3.01,20.2,0.179,0.0
1996-04-16,15.8,78,0.88,17.8,0.273,22.1
1996-04-17,14.5,63,1.35,16.3,0.352,2.0
1996-04-18,13.3,58,1.29,15.8,0.343,4.4
1996-04-19,13.0,56,1.47,15.1,0.303,0.0
1996-04-20,12.8,58,1.24,14.9,0.278,0.0
1996-04-21,13.7,59,1.55,15.6,0.258,0.0
1996-04-22,16.7,65,1.87,17.6,0.24,0.0
1996-04-23,19.5,63,2.36,19.7,0.224,0.0
1996-04-24,19.7,61,2.27,20.6,0.208,0.0
1996-04-25,19.6,60,2.08,20.9,0.195,0.0
1996-04-26,22.1,48,2.88,21.8,0.184,0.0
1996-04-27,20.8,40,2.81,21.8,0.173,0.0
1996-04-28,20.4,41,2.67,22.0,0.163,0.0
1996-04-29,22.4,49,3.25,23.3,0.156,0.0
1996-04-30,24.0,47,3.47,24.3,0.15,0.0
1996-05-01,24.9,41,4.06,25.0,0.144,0.0
1996-05-02,24.1,36,3.91,24.7,0.14,0.0
1996-05-03,22.0,29,3.44,24.1,0.136,0.0
1996-05-04,21.0,29,3.52,23.5,0.134,0.0
1996-05-05,21.1,30,3.39,23.4,0.132,0.0
1996-05-06,21.3,27,3.48,23.8,0.131,0.0
1996-05-07,20.4,31,2.97,23.5,0.13,0.0
1996-05-08,20.7,31,2.89,23.7,0.129,0.0
1996-05-09,20.7,33,2.95,24.0,0.128,0.0
1996-05-10,22.0,37,3.61,24.7,0.128,0.0
1996-05-11,24.4,35,4.11,26.2,0.127,0.0
1996-05-12,26.7,36,4.92,28.0,0.126,0.0
1996-05-13,26.7,36,4.38,28.5,0.126,0.0
1996-05-14,24.4,46,3.01,27.8,0.125,0.0
1996-05-15,21.4,69,2.18,25.1,0.135,4.9
1996-05-16,19.5,70,1.7,21.6,0.279,13.7
1996-05-17,21.2,55,2.57,22.6,0.263,0.0
1996-05-18,20.9,53,2.12,23.1,0.228,0.0
1996-05-19,18.5,48,2.26,21.6,0.202,0.0
1996-05-20,19.2,45,2.61,22.0,0.182,0.0
1996-05-21,18.6,45,2.23,21.3,0.167,0.0
1996-05-22,18.8,57,1.93,22.1,0.158,0.0
1996-05-23,18.2,41,2.48,21.6,0.15,0.2
1996-05-24,19.4,36,2.82,22.4,0.144,0.0
1996-05-25,20.8,42,2.91,23.9,0.138,0.0
1996-05-26,22.1,47,3.01,25.4,0.134,0.0
1996-05-27,19.1,49,2.11,23.8,0.131,0.0
1996-05-28,22.1,46,3.1,25.6,0.13,0.0
1996-05-29,20.0,42,2.72,25.1,0.129,0.0
1996-05-30,20.1,45,2.95,24.6,0.128,0.0
1996-05-31,22.3,39,3.49,25.7,0.127,0.0
1996-06-01,25.4,42,4.07,28.1,0.126,0.0
1996-06-02,29.0,36,5.71,30.7,0.126,0.0
1996-06-03,30.8,33,6.29,32.5,0.125,0.0
1996-06-04,30.4,31,6.08,32.8,0.124,0.0
1996-06-05,29.4,32,5.8,32.3,0.124,0.0
1996-06-06,30.1,37,5.16,33.1,0.124,0.0
1996-06-07,30.5,38,5.3,33.9,0.124,0.0
1996-06-08,29.8,31,5.57,33.4,0.124,0.0
1996-06-09,28.2,33,4.94,31.9,0.124,0.0
1996-06-10,26.3,29,4.52,30.6,0.124,0.0
1996-06-11,24.8,34,3.92,29.8,0.124,0.0
1996-06-12,26.2,39,4.03,30.7,0.124,0.0
1996-06-13,25.8,38,4.06,30.5,0.124,0.0
1996-06-14,25.6,33,4.43,30.3,0.124,0.0
1996-06-15,25.4,36,4.13,30.3,0.124,0.0
1996-06-16,24.5,39,3.66,29.9,0.124,0.0
1996-06-17,22.8,40,3.52,28.5,0.124,0.0
1996-06-18,24.6,37,4.03,29.0,0.124,0.0
1996-06-19,26.2,33,4.06,30.4,0.124,0.0
1996-06-20,25.5,31,3.79,30.1,0.124,0.0
1996-06-21,22.4,38,3.38,28.5,0.124,0.0
1996-06-22,22.6,45,3.24,28.0,0.124,0.0
1996-06-23,25.8,40,4.12,30.0,0.124,0.0
1996-06-24,22.9,39,2.91,28.6,0.124,0.0
1996-06-25,19.5,47,2.07,25.0,0.124,0.0
1996-06-26,18.0,65,1.52,22.8,0.174,6.9
1996-06-27,18.5,57,2.03,22.8,0.188,0.0
1996-06-28,21.6,48,2.9,24.9,0.171,0.0
1996-06-29,25.4,43,4.07,27.9,0.155,0.0
1996-06-30,28.5,39,5.02,30.5,0.143,0.0
1996-07-01,30.4,39,5.79,32.4,0.135,0.0
1996-07-02,30.8,38,6.2,33.6,0.13,0.0
1996-07-03,29.3,37,4.9,33.4,0.128,0.0
1996-07-04,28.2,34,4.91,32.4,0.126,0.0
1996-07-05,27.1,31,4.73,31.8,0.126,0.0
1996-07-06,28.0,34,4.96,32.3,0.125,0.0
1996-07-07,29.1,36,4.89,33.1,0.125,0.0
1996-07-08,28.6,39,4.34,33.4,0.124,0.0
1996-07-09,29.2,41,4.55,33.9,0.124,0.0
1996-07-10,29.4,42,4.5,34.3,0.124,0.0
1996-07-11,28.5,42,3.71,33.0,0.124,0.0
1996-07-12,29.5,41,4.41,33.9,0.124,0.0
1996-07-13,29.7,38,4.66,34.4,0.124,0.0
1996-07-14,30.1,40,4.83,34.7,0.124,0.0
1996-07-15,28.2,41,4.17,33.6,0.124,0.0
1996-07-16,26.3,41,3.77,32.3,0.124,0.0
1996-07-17,25.9,46,3.32,31.9,0.124,0.0
1996-07-18,25.3,44,3.69,30.9,0.124,0.0
1996-07-19,26.1,36,4.31,31.0,0.124,0.0
1996-07-20,27.5,32,4.67,31.7,0.124,0.0
1996-07-21,29.7,36,5.2,33.2,0.124,0.0
1996-07-22,29.4,37,4.98,33.8,0.124,0.0
1996-07-23,29.3,35,4.94,33.9,0.124,0.0
1996-07-24,28.8,39,4.74,33.8,0.124,0.0
1996-07-25,29.9,40,5.19,34.4,0.124,0.0
1996-07-26,30.4,40,5.09,35.0,0.124,0.0
1996-07-27,29.3,43,3.89,33.4,0.124,0.0
1996-07-28,30.7,39,5.13,34.6,0.124,0.0
1996-07-29,30.8,42,5.19,35.3,0.124,0.0
1996-07-30,31.2,44,5.2,35.7,0.124,0.0
1996-07-31,31.5,42,5.66,36.1,0.124,0.0
1996-08-01,30.8,34,5.32,35.7,0.124,0.0
1996-08-02,28.8,35,5.14,34.2,0.124,0.0
1996-08-03,26.5,36,4.06,32.5,0.124,0.0
1996-08-04,25.9,43,3.71,31.8,0.124,0.0
1996-08-05,27.0,42,3.51,32.0,0.124,0.0
1996-08-06,24.7,43,3.2,31.1,0.124,0.0
1996-08-07,26.2,46,3.76,31.5,0.124,0.0
1996-08-08,28.1,45,4.49,32.8,0.124,0.0
1996-08-09,30.3,46,4.76,34.2,0.124,0.0
1996-08-10,31.0,43,5.42,35.0,0.124,0.0
1996-08-11,31.4,40,5.06,35.5,0.124,0.0
1996-08-12,32.3,43,5.37,36.3,0.124,0.0
1996-08-13,33.4,44,6.04,37.3,0.123,0.0
1996-08-14,32.9,41,5.26,37.5,0.123,0.0
1996-08-15,31.8,35,5.72,36.6,0.123,0.0
1996-08-16,30.6,32,5.63,35.6,0.123,0.0
1996-08-17,28.7,37,4.63,34.3,0.123,0.0
1996-08-18,26.7,40,4.09,32.7,0.123,0.0
1996-08-19,26.0,40,3.73,32.1,0.123,0.0
1996-08-20,24.3,40,3.53,30.3,0.123,0.0
1996-08-21,25.2,44,3.71,30.5,0.124,0.0
1996-08-22,26.6,45,4.07,31.3,0.124,0.0
1996-08-23,28.8,46,4.48,33.0,0.124,0.0
1996-08-24,29.4,46,4.64,34.0,0.124,0.0
1996-08-25,26.6,48,3.57,32.3,0.124,0.0
1996-08-26,24.6,47,3.3,30.4,0.124,0.0
1996-08-27,23.5,49,3.25,29.2,0.124,0.0
1996-08-28,24.8,47,3.65,29.7,0.124,0.0
1996-08-29,27.6,45,4.34,31.4,0.124,0.0
1996-08-30,28.3,46,4.65,32.1,0.124,0.0
1996-08-31,28.6,47,4.73,32.8,0.124,0.0
1996-09-01,27.9,43,4.31,32.6,0.124,0.0
1996-09-02,26.8,43,4.2,31.8,0.124,0.0
1996-09-03,25.6,48,3.66,30.8,0.124,0.0
1996-09-04,24.6,44,3.33,29.8,0.124,0.0
1996-09-05,21.9,42,3.0,27.5,0.124,0.0
1996-09-06,23.1,36,3.58,27.6,0.124,0.0
1996-09-07,24.6,38,4.06,28.5,0.124,0.0
1996-09-08,25.2,40,4.15,29.3,0.124,0.0
1996-09-09,26.4,38,4.29,30.2,0.124,0.0
1996-09-10,26.4,43,4.13,30.4,0.124,0.0
1996-09-11,24.6,50,3.24,29.3,0.124,0.0
1996-09-12,21.3,49,2.58,27.1,0.124,0.0
1996-09-13,20.5,57,1.85,25.4,0.124,0.0
1996-09-14,20.1,55,2.2,25.2,0.125,0.0
1996-09-15,21.3,58,2.31,25.6,0.124,0.0
1996-09-16,20.2,43,2.64,24.7,0.124,0.0
1996-09-17,20.7,36,2.93,24.6,0.124,0.0
1996-09-18,21.6,40,2.75,25.1,0.124,0.0
1996-09-19,22.6,43,3.27,26.0,0.124,0.0
1996-09-20,23.2,43,3.43,26.4,0.124,0.0
1996-09-21,24.4,45,3.5,27.4,0.124,0.0
1996-09-22,24.6,48,3.04,28.0,0.124,0.0
1996-09-23,23.1,46,2.92,27.3,0.124,0.0
1996-09-24,22.0,49,2.84,26.3,0.124,0.0
1996-09-25,22.1,48,3.13,26.2,0.124,0.0
1996-09-26,22.0,47,2.9,25.8,0.124,0.0
1996-09-27,23.0,47,2.92,26.2,0.124,0.0
1996-09-28,23.3,53,3.41,26.8,0.124,0.0
1996-09-29,24.1,52,3.37,27.3,0.124,0.0
1996-09-30,24.4,54,2.92,27.5,0.124,0.0
1996-10-01,20.8,61,1.89,25.8,0.124,0.0
1996-10-02,21.0,62,2.1,25.6,0.124,0.0
1996-10-03,21.4,62,2.39,25.5,0.124,0.0
1996-10-04,23.2,57,3.05,25.9,0.124,0.0
1996-10-05,22.9,58,3.01,26.1,0.124,0.0
1996-10-06,24.1,55,3.31,26.5,0.124,0.0
1996-10-07,24.9,55,3.44,27.0,0.124,0.0
1996-10-08,25.1,56,3.6,27.5,0.124,0.0
1996-10-09,25.7,54,3.71,28.1,0.124,0.0
1996-10-10,23.0,51,2.67,27.1,0.124,0.0
1996-10-11,21.1,55,2.54,25.3,0.124,0.0
1996-10-12,20.8,56,2.6,24.4,0.124,0.0
1996-10-13,20.0,62,2.2,23.4,0.124,0.0
1996-10-14,19.1,55,2.33,22.7,0.124,0.0
1996-10-15,19.5,42,2.61,22.0,0.124,0.0
1996-10-16,17.5,45,2.03,21.0,0.124,0.0
1996-10-17,16.6,39,2.18,20.1,0.124,0.0
1996-10-18,17.7,49,2.44,20.1,0.125,0.5
1996-10-19,14.4,49,1.66,18.3,0.133,0.6
1996-10-20,12.5,42,1.57,16.7,0.131,0.0
1996-10-21,13.2,42,1.74,16.6,0.13,0.0
1996-10-22,14.2,48,2.09,17.0,0.129,0.0
1996-10-23,14.9,54,1.59,17.6,0.128,0.0
1996-10-24,14.4,68,1.25,16.6,0.131,2.3
1996-10-25,12.6,70,1.3,16.1,0.166,6.0
1996-10-26,11.3,66,1.43,14.7,0.216,0.0
1996-10-27,10.9,60,1.33,13.9,0.204,0.0
1996-10-28,12.4,56,1.49,14.3,0.193,0.0
1996-10-29,11.6,74,0.72,13.0,0.251,23.5
1996-10-30,10.7,84,0.44,13.2,0.373,8.6
1996-10-31,10.0,80,0.79,12.5,0.333,0.0
1996-11-01,11.4,76,0.88,12.6,0.301,0.0
1996-11-02,12.1,79,0.85,13.4,0.281,0.0
1996-11-03,12.0,79,0.99,13.6,0.267,0.0
1996-11-04,11.7,78,0.71,13.3,0.256,0.0
1996-11-05,10.8,72,0.77,12.9,0.247,0.0
1996-11-06,9.9,61,0.91,11.9,0.238,0.0
1996-11-07,11.2,68,1.1,12.2,0.23,0.0
1996-11-08,12.9,73,1.29,13.4,0.223,0.0
1996-11-09,13.8,79,1.24,14.2,0.216,0.0
1996-11-10,14.5,79,1.33,14.8,0.211,0.0
1996-11-11,14.5,79,1.37,15.1,0.206,0.0
1996-11-12,14.5,82,1.16,15.2,0.201,0.0
1996-11-13,14.1,80,1.13,15.3,0.197,0.0
1996-11-14,12.3,78,0.78,14.2,0.192,0.0
1996-11-15,10.8,69,0.98,13.0,0.188,0.0
1996-11-16,10.3,73,0.72,11.8,0.187,2.0
1996-11-17,12.8,92,0.2,12.8,0.39,53.7
1996-11-18,15.0,91,0.55,15.1,0.382,0.6
1996-11-19,14.2,87,0.86,14.8,0.375,11.9
1996-11-20,15.6,87,0.64,16.0,0.392,1.0
1996-11-21,15.7,93,0.18,15.8,0.412,25.3
1996-11-22,14.1,93,0.41,15.4,0.423,19.8
1996-11-23,11.9,87,0.49,13.9,0.399,0.0
1996-11-24,11.1,88,0.61,12.9,0.378,0.0
1996-11-25,11.4,87,0.57,12.7,0.364,0.0
1996-11-26,10.5,79,0.67,11.8,0.353,0.0
1996-11-27,9.5,76,0.67,10.7,0.343,0.0
1996-11-28,8.9,83,0.68,10.1,0.336,0.1
1996-11-29,9.0,58,0.78,10.1,0.328,0.0
1996-11-30,7.2,77,0.67,8.7,0.321,0.0
1996-12-01,7.5,84,0.32,8.3,0.323,1.4
1996-12-02,6.8,76,0.66,8.3,0.321,0.0
1996-12-03,6.6,71,0.74,7.6,0.314,0.0
1996-12-04,7.8,83,0.62,8.3,0.308,0.0
1996-12-05,9.7,91,0.23,9.7,0.374,16.3
1996-12-06,11.5,86,0.67,11.3,0.368,0.0
1996-12-07,10.8,81,0.89,10.9,0.349,0.0
1996-12-08,11.4,80,0.91,11.3,0.338,0.0
1996-12-09,11.9,89,0.34,11.5,0.374,26.3
1996-12-10,11.6,90,0.17,11.5,0.427,30.5
1996-12-11,14.0,91,0.42,13.3,0.42,8.0
1996-12-12,14.2,92,0.46,13.9,0.402,0.6
1996-12-13,12.5,84,0.58,12.8,0.383,0.0
1996-12-14,8.6,74,0.56,10.7,0.369,0.0
1996-12-15,9.0,78,0.61,9.5,0.36,0.0
1996-12-16,7.9,88,0.52,9.3,0.353,0.0
1996-12-17,8.1,88,0.48,9.1,0.347,0.0
1996-12-18,9.0,79,0.81,9.1,0.342,0.0
1996-12-19,7.6,85,0.53,8.5,0.337,0.0
1996-12-20,7.5,87,0.57,8.5,0.332,0.0
1996-12-21,8.2,88,0.28,8.3,0.352,12.7
1996-12-22,9.9,87,0.62,10.2,0.426,28.9
1996-12-23,7.3,84,0.64,8.6,0.4,0.0
1996-12-24,6.7,88,0.45,8.0,0.383,0.0
1996-12-25,5.7,90,0.37,7.2,0.373,0.0
1996-12-26,7.7,86,0.31,7.9,0.376,5.9
1996-12-27,11.6,88,0.52,11.0,0.419,14.3
1996-12-28,10.0,89,0.53,10.4,0.396,0.3
1996-12-29,11.9,82,0.54,11.2,0.397,7.8
1996-12-30,13.0,92,0.16,12.1,0.429,21.5
1996-12-31,14.4,88,0.66,13.3,0.404,0.1
1997-01-01,15.7,87,0.31,14.0,0.411,16.9
1997-01-02,16.4,95,0.16,15.1,0.429,25.8
1997-01-03,12.6,82,0.74,13.6,0.406,1.2
1997-01-04,9.0,80,0.56,10.7,0.391,0.0
1997-01-05,8.5,73,0.66,10.1,0.403,4.4
1997-01-06,5.6,62,0.74,7.4,0.386,0.0
1997-01-07,5.1,75,0.58,6.5,0.377,0.0
1997-01-08,7.1,74,0.76,7.0,0.37,0.0
1997-01-09,7.7,76,0.7,7.8,0.365,0.0
1997-01-10,8.2,81,0.53,8.4,0.36,0.0
1997-01-11,7.3,91,0.38,8.5,0.356,0.0
1997-01-12,7.6,92,0.35,8.2,0.381,10.7
1997-01-13,4.4,68,0.54,7.4,0.398,0.9
1997-01-14,5.1,63,0.56,7.0,0.379,0.1
1997-01-15,8.5,89,0.31,8.8,0.414,11.2
1997-01-16,8.5,89,0.48,9.1,0.395,0.0
1997-01-17,7.7,90,0.48,9.0,0.383,0.0
1997-01-18,9.1,86,0.77,9.6,0.375,0.0
1997-01-19,9.8,84,0.77,9.8,0.369,0.0
1997-01-20,9.3,87,0.29,9.7,0.406,13.8
1997-01-21,9.9,86,0.48,10.1,0.42,9.3
1997-01-22,10.3,90,0.19,10.1,0.426,27.2
1997-01-23,11.3,90,0.29,11.1,0.412,7.9
1997-01-24,10.7,84,0.63,11.0,0.395,1.1
1997-01-25,12.7,90,0.26,12.0,0.426,28.4
1997-01-26,11.3,90,0.23,11.3,0.426,16.7
1997-01-27,10.1,89,0.47,10.8,0.402,0.0
1997-01-28,11.7,84,0.74,11.6,0.388,0.0
1997-01-29,10.8,90,0.48,11.5,0.378,0.0
1997-01-30,10.7,90,0.63,11.4,0.371,0.0
1997-01-31,10.6,89,0.65,11.5,0.364,0.0
1997-02-01,11.3,90,0.45,11.7,0.359,0.0
1997-02-02,11.3,84,0.68,12.1,0.354,0.0
1997-02-03,9.8,82,0.74,10.6,0.348,0.0
1997-02-04,10.1,79,0.79,10.8,0.343,0.0
1997-02-05,9.3,82,0.62,10.6,0.337,0.0
1997-02-06,9.1,82,0.67,10.0,0.333,0.0
1997-02-07,10.4,77,0.87,10.9,0.328,0.0
1997-02-08,9.8,80,0.63,10.2,0.337,1.6
1997-02-09,9.6,83,0.73,10.3,0.335,0.0
1997-02-10,10.8,80,0.72,11.1,0.329,0.0
1997-02-11,10.8,78,0.74,11.0,0.322,0.0
1997-02-12,9.8,77,0.73,10.4,0.316,0.0
1997-02-13,9.2,65,0.82,10.3,0.31,0.0
1997-02-14,10.3,73,1.02,10.5,0.305,0.0
1997-02-15,11.7,77,1.02,11.2,0.301,0.0
1997-02-16,13.6,76,1.3,12.5,0.298,0.0
1997-02-17,11.5,75,0.71,11.8,0.313,2.7
1997-02-18,10.6,74,0.82,11.4,0.316,0.0
1997-02-19,11.7,74,1.08,11.8,0.305,0.0
1997-02-20,11.3,75,0.87,12.3,0.296,0.0
1997-02-21,10.7,66,1.06,11.3,0.289,0.0
1997-02-22,10.0,74,0.9,11.3,0.282,0.0
1997-02-23,10.2,70,0.88,11.2,0.277,0.0
1997-02-24,8.7,47,1.26,10.0,0.272,0.0
1997-02-25,8.5,50,1.07,9.8,0.265,0.0
1997-02-26,11.0,67,0.93,11.3,0.26,0.0
1997-02-27,9.8,81,0.75,10.4,0.281,5.1
1997-02-28,9.1,71,0.92,10.1,0.305,0.0
1997-03-01,9.0,67,1.18,10.1,0.291,0.0
1997-03-02,10.0,68,0.8,9.9,0.281,0.0
1997-03-03,9.7,66,0.93,10.9,0.274,0.0
1997-03-04,8.8,64,0.97,10.6,0.264,0.0
1997-03-05,11.8,65,1.5,11.4,0.256,0.0
1997-03-06,11.6,70,1.17,12.0,0.248,0.0
1997-03-07,12.2,71,1.27,12.9,0.241,0.0
1997-03-08,12.7,73,1.12,13.5,0.234,0.0
1997-03-09,14.3,67,1.42,14.2,0.228,0.0
1997-03-10,15.8,70,1.57,15.3,0.222,0.0
1997-03-11,16.6,71,1.47,15.9,0.216,0.0
1997-03-12,14.2,59,1.65,15.2,0.21,0.0
1997-03-13,12.4,54,1.45,13.8,0.203,0.0
1997-03-14,14.3,51,1.54,14.1,0.198,0.0
1997-03-15,15.7,62,1.69,16.0,0.194,0.0
1997-03-16,16.6,56,1.85,16.2,0.19,0.6
1997-03-17,15.2,59,1.53,15.6,0.189,0.0
1997-03-18,16.7,67,1.87,16.3,0.185,0.0
1997-03-19,18.1,66,2.28,17.5,0.18,0.0
1997-03-20,17.7,64,2.07,18.0,0.175,0.0
1997-03-21,17.7,68,1.64,18.2,0.172,0.0
1997-03-22,18.6,67,1.98,19.2,0.169,0.0
1997-03-23,16.0,81,0.88,17.6,0.279,10.0
1997-03-24,17.3,76,1.36,18.1,0.275,0.0
1997-03-25,19.1,70,2.06,19.1,0.253,0.0
1997-03-26,20.3,66,1.93,20.0,0.235,0.2
1997-03-27,17.8,57,1.99,19.4,0.22,0.0
1997-03-28,14.9,58,1.43,17.5,0.204,0.0
1997-03-29,16.5,54,1.76,17.4,0.193,0.0
1997-03-30,16.7,60,2.01,17.9,0.188,1.1
1997-03-31,13.1,48,1.47,16.2,0.187,0.0
1997-04-01,12.0,34,1.75,14.5,0.178,0.0
1997-04-02,12.2,30,1.89,14.1,0.17,0.0
1997-04-03,12.9,46,1.89,14.8,0.164,0.0
1997-04-04,14.4,48,1.98,16.3,0.159,0.0
1997-04-05,14.2,45,1.78,16.4,0.154,0.0
1997-04-06,14.1,43,1.82,16.0,0.15,0.0
1997-04-07,15.0,52,1.82,17.2,0.146,0.0
1997-04-08,15.5,45,1.92,17.8,0.143,0.0
1997-04-09,13.1,42,1.58,16.2,0.141,0.0
1997-04-10,14.0,45,1.88,16.6,0.139,0.0
1997-04-11,14.8,44,2.01,17.1,0.137,0.0
1997-04-12,15.7,45,2.06,18.0,0.136,0.0
1997-04-13,16.8,61,1.88,19.4,0.134,0.0
1997-04-14,18.0,53,2.2,20.3,0.133,0.0
1997-04-15,20.3,50,2.58,21.4,0.132,0.0
1997-04-16,20.7,51,2.82,22.4,0.131,0.0
1997-04-17,21.0,48,2.65,23.3,0.13,0.0
1997-04-18,20.0,54,2.27,23.2,0.13,0.0
1997-04-19,20.2,63,1.88,22.3,0.141,1.1
1997-04-20,20.6,61,2.23,22.8,0.141,0.0
1997-04-21,21.2,58,2.26,23.3,0.137,0.0
1997-04-22,19.7,58,2.21,22.4,0.135,0.0
1997-04-23,18.5,47,2.12,21.8,0.133,0.0
1997-04-24,16.6,42,2.23,20.0,0.132,0.0
1997-04-25,18.6,41,2.53,21.2,0.131,0.0
1997-04-26,21.5,44,3.39,23.2,0.13,0.0
1997-04-27,20.8,45,2.64,23.5,0.129,0.0
1997-04-28,18.5,46,2.11,22.0,0.128,0.0
1997-04-29,17.8,48,2.12,21.4,0.128,0.0
1997-04-30,18.9,46,2.4,22.0,0.127,0.0
1997-05-01,18.4,36,2.64,21.9,0.127,0.0
1997-05-02,18.5,36,2.66,21.6,0.126,0.0
1997-05-03,20.1,42,2.6,23.0,0.126,0.0
1997-05-04,21.0,42,3.06,24.1,0.126,0.0
1997-05-05,21.4,38,3.21,24.4,0.125,0.0
1997-05-06,22.0,39,2.99,24.4,0.125,0.0
1997-05-07,22.4,39,3.21,25.4,0.125,0.0
1997-05-08,22.3,39,3.33,25.8,0.125,0.0
1997-05-09,22.9,41,3.61,26.2,0.125,0.0
1997-05-10,24.0,41,3.63,27.0,0.124,0.0
1997-05-11,24.7,42,3.92,27.5,0.124,0.0
1997-05-12,25.5,40,4.11,28.3,0.124,0.0
1997-05-13,25.8,33,4.01,28.8,0.124,0.0
1997-05-14,25.0,38,3.56,28.4,0.124,0.0
1997-05-15,25.4,44,3.52,28.7,0.124,0.0
1997-05-16,25.5,43,3.48,28.9,0.124,0.0
1997-05-17,26.9,43,4.3,29.3,0.124,0.0
1997-05-18,26.8,42,4.73,29.6,0.124,0.0
1997-05-19,26.2,40,3.89,29.8,0.124,0.0
1997-05-20,24.9,35,4.01,29.0,0.124,0.0
1997-05-21,23.5,34,3.68,28.0,0.124,0.0
1997-05-22,22.7,30,3.25,26.9,0.124,0.0
1997-05-23,20.2,51,1.89,24.0,0.125,0.1
1997-05-24,20.4,51,2.64,24.7,0.126,0.0
1997-05-25,19.9,40,2.62,24.5,0.126,0.0
1997-05-26,21.4,38,3.1,25.3,0.125,0.0
1997-05-27,23.8,52,2.92,27.2,0.125,0.0
1997-05-28,25.6,48,3.47,28.7,0.124,0.0
1997-05-29,26.0,49,3.76,29.5,0.124,0.0
1997-05-30,26.8,43,3.86,30.4,0.124,0.0
1997-05-31,26.1,43,3.89,29.9,0.124,0.0
1997-06-01,24.6,43,3.0,28.6,0.124,0.0
1997-06-02,23.4,39,3.33,28.3,0.124,0.0
1997-06-03,22.5,46,2.56,26.7,0.124,0.0
1997-06-04,21.1,59,1.72,25.1,0.129,0.7
1997-06-05,21.2,44,2.48,25.7,0.128,0.0
1997-06-06,23.3,44,3.18,27.2,0.127,0.0
1997-06-07,25.5,44,3.55,29.3,0.126,0.0
1997-06-08,23.8,48,2.82,28.9,0.125,0.0
1997-06-09,23.8,49,3.03,29.2,0.125,0.0
1997-06-10,25.1,48,3.39,30.0,0.125,0.0
1997-06-11,24.8,44,3.62,29.6,0.125,0.0
1997-06-12,22.0,48,2.94,27.7,0.124,0.0
1997-06-13,19.6,50,2.34,25.4,0.124,0.0
1997-06-14,22.4,45,2.62,26.7,0.124,0.0
1997-06-15,24.2,51,2.76,28.7,0.124,0.0
1997-06-16,27.5,50,3.53,31.1,0.124,0.0
1997-06-17,29.2,43,4.7,32.7,0.124,0.0
1997-06-18,28.4,35,4.67,32.5,0.124,0.0
1997-06-19,29.0,35,4.8,33.2,0.124,0.0
1997-06-20,27.5,32,4.6,32.2,0.124,0.0
1997-06-21,24.4,34,3.84,30.2,0.124,0.0
1997-06-22,22.5,33,3.46,28.3,0.124,0.0
1997-06-23,23.6,35,3.68,28.4,0.124,0.0
1997-06-24,25.6,30,4.27,29.7,0.124,0.0
1997-06-25,27.3,34,4.93,31.1,0.124,0.0
1997-06-26,27.7,33,5.0,31.6,0.124,0.0
1997-06-27,25.5,30,4.16,30.8,0.124,0.0
1997-06-28,21.7,39,3.09,28.1,0.124,0.0
1997-06-29,21.3,41,2.99,27.3,0.124,0.0
1997-06-30,20.5,47,2.39,26.2,0.124,0.0
1997-07-01,22.4,39,3.37,27.3,0.124,0.0
1997-07-02,24.0,33,3.89,28.3,0.124,0.0
1997-07-03,26.6,35,4.34,30.2,0.124,0.0
1997-07-04,28.2,41,4.86,32.0,0.124,0.0
1997-07-05,27.5,36,4.63,31.8,0.124,0.0
1997-07-06,26.8,35,4.66,31.3,0.124,0.0
1997-07-07,26.9,40,4.21,31.7,0.124,0.0
1997-07-08,29.0,42,4.38,32.9,0.124,0.0
1997-07-09,28.7,41,4.43,32.9,0.124,0.0
1997-07-10,26.4,43,3.61,32.2,0.124,0.0
1997-07-11,25.9,42,3.29,31.8,0.124,0.0
1997-07-12,25.1,45,3.3,31.2,0.124,0.0
1997-07-13,27.8,42,4.18,32.5,0.124,0.0
1997-07-14,28.9,38,4.42,33.7,0.124,0.0
1997-07-15,29.1,37,4.86,33.7,0.124,0.0
1997-07-16,28.5,39,4.54,32.9,0.124,0.0
1997-07-17,26.8,38,3.68,31.4,0.124,0.0
1997-07-18,25.5,38,3.79,30.9,0.124,0.0
1997-07-19,27.1,41,3.78,32.1,0.124,0.0
1997-07-20,28.0,49,3.89,33.0,0.124,0.0
1997-07-21,29.0,45,4.38,33.7,0.124,0.0
1997-07-22,27.4,50,3.23,31.5,0.124,0.0
1997-07-23,25.5,60,2.91,28.8,0.16,4.7
1997-07-24,27.3,47,4.28,30.5,0.159,0.0
1997-07-25,28.2,41,4.49,31.7,0.146,0.0
1997-07-26,28.1,38,4.65,32.1,0.136,0.0
1997-07-27,27.1,41,4.08,32.1,0.131,0.0
1997-07-28,27.3,41,3.91,32.1,0.128,0.0
1997-07-29,27.6,42,3.9,32.4,0.127,0.0
1997-07-30,26.8,47,3.49,32.6,0.126,0.0
1997-07-31,26.9,41,3.94,32.1,0.125,0.0
1997-08-01,27.7,37,4.34,32.6,0.125,0.0
1997-08-02,27.7,35,4.72,32.4,0.124,0.0
1997-08-03,28.6,38,4.77,33.0,0.124,0.0
1997-08-04,29.8,38,5.0,33.9,0.124,0.0
1997-08-05,30.2,36,5.46,34.3,0.124,0.0
1997-08-06,30.9,36,5.54,34.7,0.124,0.0
1997-08-07,32.8,37,6.05,35.9,0.124,0.0
1997-08-08,31.7,43,4.92,36.0,0.124,0.0
1997-08-09,27.6,44,3.57,33.8,0.124,0.0
1997-08-10,24.3,51,2.62,31.3,0.124,0.0
1997-08-11,24.6,51,2.86,30.7,0.124,0.0
1997-08-12,26.5,46,3.75,31.5,0.124,0.0
1997-08-13,27.6,42,4.36,32.2,0.124,0.0
1997-08-14,27.9,38,4.7,32.4,0.124,0.0
1997-08-15,28.2,36,4.49,32.8,0.124,0.0
1997-08-16,27.3,40,3.89,32.4,0.124,0.0
1997-08-17,25.9,45,3.43,31.6,0.124,0.0
1997-08-18,26.2,46,3.43,31.5,0.124,0.0
1997-08-19,27.7,47,4.13,31.7,0.125,0.1
1997-08-20,28.0,51,3.35,32.8,0.125,0.0
1997-08-21,27.9,51,4.13,32.9,0.124,0.0
1997-08-22,27.3,48,3.67,31.9,0.124,0.0
1997-08-23,25.5,45,3.57,30.6,0.124,0.0
1997-08-24,25.0,53,3.0,30.1,0.124,0.0
1997-08-25,25.0,43,3.38,29.8,0.124,0.0
1997-08-26,25.3,43,3.53,29.7,0.124,0.0
1997-08-27,25.3,48,3.39,29.8,0.124,0.0
1997-08-28,24.7,40,3.59,29.3,0.124,0.0
1997-08-29,25.3,45,3.67,29.8,0.124,0.0
1997-08-30,25.4,45,3.59,29.7,0.124,0.0
1997-08-31,25.9,43,3.35,30.1,0.124,0.0
1997-09-01,27.0,46,3.98,31.0,0.124,0.0
1997-09-02,26.7,52,3.34,30.3,0.131,1.7
1997-09-03,27.4,54,3.49,31.0,0.132,0.0
1997-09-04,28.7,50,4.11,32.3,0.129,0.0
1997-09-05,29.3,47,4.38,33.0,0.126,0.0
1997-09-06,28.1,42,4.0,32.7,0.125,0.0
1997-09-07,27.2,40,3.95,31.7,0.125,0.0
1997-09-08,27.6,39,4.01,31.7,0.124,0.0
1997-09-09,27.8,37,4.21,31.7,0.124,0.0
1997-09-10,25.5,41,3.08,30.3,0.124,0.0
1997-09-11,23.3,49,2.87,28.3,0.124,0.0
1997-09-12,24.4,48,3.21,28.9,0.124,0.0
1997-09-13,24.9,48,3.15,29.4,0.124,0.0
1997-09-14,24.3,50,3.18,29.3,0.124,0.0
1997-09-15,21.8,49,2.8,26.8,0.124,0.0
1997-09-16,21.7,41,3.13,26.3,0.124,0.0
1997-09-17,23.2,37,3.15,26.1,0.124,0.0
1997-09-18,23.2,51,2.55,26.3,0.124,0.0
1997-09-19,22.2,49,2.67,26.2,0.124,0.0
1997-09-20,23.4,42,3.39,26.8,0.124,0.0
1997-09-21,24.0,39,3.68,27.3,0.124,0.0
1997-09-22,24.8,41,3.77,27.8,0.124,0.0
1997-09-23,26.1,41,4.32,28.8,0.124,0.0
1997-09-24,26.9,39,4.74,29.2,0.124,0.0
1997-09-25,23.9,51,1.82,25.9,0.125,0.0
1997-09-26,23.6,57,2.46,26.8,0.125,0.0
1997-09-27,22.2,52,2.68,26.2,0.125,0.0
1997-09-28,25.1,44,3.47,27.4,0.124,0.0
1997-09-29,26.9,50,4.31,28.9,0.124,0.0
1997-09-30,26.9,48,3.77,29.3,0.124,0.0
1997-10-01,26.0,50,3.6,29.4,0.124,0.0
1997-10-02,21.8,52,2.03,26.4,0.124,0.0
1997-10-03,20.6,44,2.71,24.9,0.124,0.0
1997-10-04,21.5,48,2.98,25.0,0.124,0.0
1997-10-05,20.7,47,2.8,24.3,0.124,0.0
1997-10-06,18.0,44,2.04,21.9,0.124,0.0
1997-10-07,16.2,49,1.8,20.6,0.124,0.0
1997-10-08,16.1,48,1.89,20.2,0.124,0.0
1997-10-09,18.2,47,1.94,20.4,0.124,0.0
1997-10-10,15.1,66,1.36,19.3,0.138,6.3
1997-10-11,13.6,62,1.45,17.1,0.197,0.7
1997-10-12,14.3,50,1.53,17.2,0.185,0.0
1997-10-13,16.7,51,2.06,18.2,0.175,0.0
1997-10-14,18.6,54,2.44,19.7,0.166,0.0
1997-10-15,19.7,57,2.77,20.9,0.158,0.0
1997-10-16,20.9,58,3.09,21.9,0.152,0.0
1997-10-17,21.3,55,3.23,22.3,0.146,0.0
1997-10-18,20.8,51,3.04,22.1,0.141,0.0
1997-10-19,20.0,51,2.63,22.0,0.138,0.0
1997-10-20,16.9,59,1.62,20.5,0.135,0.0
1997-10-21,17.9,60,1.8,20.3,0.133,0.0
1997-10-22,18.6,59,2.18,20.5,0.132,0.0
1997-10-23,17.7,60,1.92,20.2,0.131,0.0
1997-10-24,15.5,59,1.71,18.9,0.13,0.0
1997-10-25,15.6,51,2.04,18.4,0.129,0.0
1997-10-26,16.2,47,2.32,18.1,0.128,0.0
1997-10-27,15.8,44,2.06,17.4,0.128,0.0
1997-10-28,15.3,48,1.94,17.1,0.127,0.0
1997-10-29,15.9,48,2.1,17.2,0.127,0.0
1997-10-30,16.5,70,1.5,18.4,0.127,0.0
1997-10-31,17.1,76,1.52,18.9,0.127,0.0
1997-11-01,18.6,69,1.71,19.9,0.126,0.0
1997-11-02,19.5,62,2.41,20.4,0.126,0.0
1997-11-03,19.4,60,2.35,20.1,0.126,0.0
1997-11-04,19.0,57,2.4,20.5,0.126,0.0
1997-11-05,17.9,62,2.25,19.9,0.126,0.0
1997-11-06,18.3,62,2.46,20.0,0.125,0.0
1997-11-07,16.8,65,1.46,19.2,0.126,0.0
1997-11-08,13.7,60,1.35,17.1,0.126,0.0
1997-11-09,13.8,62,1.39,15.6,0.126,0.0
1997-11-10,13.2,81,0.57,14.8,0.185,12.6
1997-11-11,12.8,79,0.84,14.9,0.294,2.0
1997-11-12,12.9,75,0.96,15.0,0.268,0.0
1997-11-13,11.5,84,0.4,13.1,0.29,8.4
1997-11-14,10.8,81,0.94,12.8,0.295,0.2
1997-11-15,9.4,83,0.66,10.8,0.317,9.0
1997-11-16,10.7,78,0.88,11.8,0.319,0.0
1997-11-17,12.0,73,0.98,12.7,0.288,0.0
1997-11-18,11.9,78,0.74,12.5,0.272,1.9
1997-11-19,12.1,86,0.44,12.9,0.333,6.5
1997-11-20,11.8,79,0.78,13.3,0.316,0.0
1997-11-21,10.5,79,0.77,12.1,0.292,0.0
1997-11-22,12.4,75,1.07,12.9,0.276,0.2
1997-11-23,13.7,74,1.13,14.0,0.264,0.0
1997-11-24,13.6,80,0.89,13.9,0.254,0.0
1997-11-25,13.9,82,0.81,14.5,0.248,0.4
1997-11-26,12.4,82,0.49,13.5,0.349,19.8
1997-11-27,10.0,82,0.72,12.1,0.348,0.0
1997-11-28,9.6,82,0.65,11.0,0.32,0.0
1997-11-29,10.1,84,0.71,11.2,0.305,0.0
1997-11-30,10.9,89,0.42,11.8,0.342,6.6
1997-12-01,10.4,82,0.56,11.6,0.339,0.0
1997-12-02,10.1,83,0.71,11.0,0.319,0.0
1997-12-03,10.3,77,0.95,11.1,0.306,0.0
1997-12-04,10.3,70,1.06,10.8,0.296,0.0
1997-12-05,9.7,84,0.43,10.2,0.352,19.9
1997-12-06,11.9,86,0.6,12.0,0.407,12.7
1997-12-07,9.7,91,0.24,10.5,0.408,15.1
1997-12-08,6.7,89,0.41,9.5,0.41,3.5
1997-12-09,5.8,81,0.51,7.6,0.388,0.0
1997-12-10,5.8,77,0.5,6.7,0.37,0.0
1997-12-11,5.7,78,0.63,6.5,0.358,0.0
1997-12-12,5.6,74,0.71,6.4,0.348,0.0
1997-12-13,7.1,72,0.87,7.0,0.34,0.0
1997-12-14,8.0,81,0.37,8.0,0.361,5.8
1997-12-15,7.5,87,0.5,8.6,0.368,0.4
1997-12-16,7.9,86,0.59,8.3,0.349,0.0
1997-12-17,8.5,87,0.46,8.7,0.339,0.0
1997-12-18,8.3,89,0.44,9.0,0.332,0.0
1997-12-19,6.8,75,0.57,7.4,0.326,0.0
1997-12-20,7.1,77,0.68,7.4,0.319,0.0
1997-12-21,6.5,77,0.51,7.4,0.314,0.1
1997-12-22,4.6,66,0.66,5.3,0.308,0.0
1997-12-23,4.7,71,0.64,5.0,0.303,0.0
1997-12-24,4.3,77,0.47,4.4,0.298,0.0
1997-12-25,4.1,73,0.56,4.0,0.294,0.0
1997-12-26,4.0,76,0.66,4.1,0.291,0.0
1997-12-27,4.5,77,0.54,4.2,0.287,0.0
1997-12-28,5.7,81,0.62,5.2,0.283,0.0
1997-12-29,6.6,84,0.61,6.3,0.281,0.0
1997-12-30,7.5,86,0.74,7.7,0.277,0.0
1997-12-31,11.3,81,0.95,9.6,0.274,0.0
1998-01-01,11.8,81,1.04,10.0,0.271,0.0
1998-01-02,10.4,89,0.26,9.6,0.306,7.0
1998-01-03,9.5,83,0.69,9.7,0.331,0.0
1998-01-04,7.7,86,0.34,8.4,0.367,12.6
1998-01-05,4.9,84,0.48,6.1,0.357,0.0
1998-01-06,4.7,86,0.44,5.8,0.339,1.3
1998-01-07,7.4,81,0.62,7.7,0.353,1.6
1998-01-08,8.2,83,0.59,8.4,0.337,0.0
1998-01-09,10.0,84,0.5,9.5,0.352,9.7
1998-01-10,11.2,88,0.51,10.9,0.397,5.1
1998-01-11,11.1,88,0.45,11.0,0.37,0.0
1998-01-12,11.3,93,0.26,11.1,0.403,16.2
1998-01-13,9.1,85,0.61,10.0,0.387,0.0
1998-01-14,9.4,85,0.53,9.6,0.376,1.9
1998-01-15,10.9,93,0.16,10.5,0.426,40.9
1998-01-16,13.5,90,0.5,12.6,0.401,0.0
1998-01-17,13.9,88,0.66,12.7,0.383,0.0
1998-01-18,12.5,86,0.94,12.3,0.378,8.5
1998-01-19,9.3,78,0.75,11.1,0.402,3.3
1998-01-20,7.8,77,0.56,9.6,0.38,0.0
1998-01-21,6.6,82,0.55,8.3,0.368,0.0
1998-01-22,7.8,80,0.61,8.5,0.359,0.0
1998-01-23,8.5,82,0.72,8.8,0.351,0.0
1998-01-24,9.5,84,0.63,9.3,0.344,0.0
1998-01-25,9.6,85,0.77,9.6,0.339,0.0
1998-01-26,10.5,80,0.92,10.0,0.333,0.0
1998-01-27,11.6,80,0.77,11.4,0.328,0.0
1998-01-28,11.2,87,0.76,11.4,0.323,0.0
1998-01-29,11.2,84,0.48,11.6,0.378,15.9
1998-01-30,7.6,89,0.5,9.5,0.375,0.0
1998-01-31,9.0,82,0.66,9.4,0.363,0.0
1998-02-01,9.2,87,0.36,9.2,0.384,12.8
1998-02-02,12.2,85,0.84,10.7,0.418,22.3
1998-02-03,11.5,80,1.06,11.0,0.423,47.0
1998-02-04,8.3,86,0.58,9.8,0.403,0.0
1998-02-05,9.3,79,0.47,9.4,0.392,1.1
1998-02-06,11.2,80,0.57,10.4,0.406,11.7
1998-02-07,9.0,88,0.27,9.2,0.42,15.5
1998-02-08,9.4,87,0.49,9.9,0.427,14.9
1998-02-09,8.5,83,0.47,9.5,0.409,0.2
1998-02-10,8.6,83,0.62,9.0,0.401,5.0
1998-02-11,9.9,81,0.79,10.2,0.403,0.4
1998-02-12,8.4,92,0.17,8.8,0.402,4.6
1998-02-13,11.0,85,0.63,10.8,0.397,0.0
1998-02-14,10.0,88,0.28,10.2,0.411,27.3
1998-02-15,7.5,79,0.78,9.0,0.403,0.4
1998-02-16,7.3,81,0.72,8.0,0.402,9.7
1998-02-17,9.4,79,0.76,10.2,0.412,3.9
1998-02-18,9.0,76,0.81,9.8,0.391,0.0
1998-02-19,9.3,83,0.39,9.5,0.403,22.5
1998-02-20,7.1,80,0.67,8.9,0.407,1.0
1998-02-21,7.5,80,0.61,8.0,0.404,18.0
1998-02-22,10.2,85,0.63,10.5,0.418,5.6
1998-02-23,10.1,87,0.3,10.0,0.415,8.5
1998-02-24,7.6,77,0.73,8.9,0.405,0.0
1998-02-25,9.5,69,0.89,9.4,0.387,0.0
1998-02-26,9.5,76,0.76,10.1,0.377,0.0
1998-02-27,9.9,75,0.63,9.6,0.368,0.0
1998-02-28,10.4,82,0.66,10.8,0.361,0.0
1998-03-01,11.0,80,0.86,11.5,0.353,0.0
1998-03-02,11.6,79,0.85,12.0,0.345,0.0
1998-03-03,11.0,77,0.65,11.2,0.338,0.0
1998-03-04,8.6,63,0.96,10.3,0.331,0.0
1998-03-05,7.0,71,0.76,8.1,0.342,8.8
1998-03-06,7.6,76,0.68,8.8,0.397,5.1
1998-03-07,7.6,69,0.85,8.5,0.368,0.0
1998-03-08,10.6,72,0.79,11.5,0.354,0.0
1998-03-09,10.4,80,0.79,11.6,0.343,0.0
1998-03-10,12.3,77,1.18,12.4,0.334,0.0
1998-03-11,13.2,81,1.04,13.5,0.326,0.0
1998-03-12,14.3,74,1.42,14.0,0.318,0.6
1998-03-13,12.8,80,0.79,13.8,0.329,3.4
1998-03-14,12.5,81,0.88,14.0,0.35,0.0
1998-03-15,13.7,82,0.95,14.5,0.332,0.0
1998-03-16,14.5,80,0.9,14.7,0.319,0.0
1998-03-17,15.3,79,1.06,15.1,0.311,0.0
1998-03-18,15.3,77,1.14,15.1,0.304,0.0
1998-03-19,15.9,75,1.36,16.1,0.295,0.0
1998-03-20,15.6,79,1.2,16.4,0.286,0.0
1998-03-21,16.3,77,1.25,16.4,0.279,0.0
1998-03-22,17.1,76,1.43,17.1,0.273,0.0
1998-03-23,18.3,67,2.15,17.9,0.264,0.0
1998-03-24,15.3,86,0.58,16.1,0.33,37.0
1998-03-25,12.3,90,0.29,14.3,0.417,15.0
1998-03-26,12.4,77,0.83,13.5,0.411,1.9
1998-03-27,11.5,79,0.58,13.5,0.398,8.3
1998-03-28,7.7,82,0.49,11.7,0.424,13.2
1998-03-29,6.8,77,0.68,9.9,0.406,1.1
1998-03-30,8.9,71,0.89,11.0,0.386,0.0
1998-03-31,8.2,82,0.49,10.1,0.393,10.1
1998-04-01,8.2,81,0.5,10.2,0.409,2.4
1998-04-02,9.9,75,0.8,10.9,0.388,0.0
1998-04-03,9.6,86,0.42,11.1,0.412,12.0
1998-04-04,9.5,76,0.87,11.0,0.4,0.5
1998-04-05,11.3,71,0.96,12.4,0.383,0.1
1998-04-06,10.3,78,0.67,12.8,0.386,4.3
1998-04-07,10.6,73,0.88,12.4,0.394,0.9
1998-04-08,10.8,68,1.06,12.4,0.372,0.0
1998-04-09,12.8,69,1.09,13.6,0.357,0.0
1998-04-10,13.6,72,1.01,14.1,0.346,0.0
1998-04-11,9.7,84,0.36,11.7,0.359,5.2
1998-04-12,10.1,62,1.05,11.9,0.364,0.0
1998-04-13,9.2,77,0.59,11.6,0.377,9.0
1998-04-14,8.9,72,0.89,11.6,0.385,0.8
1998-04-15,9.6,68,1.03,11.7,0.363,0.0
1998-04-16,11.3,66,1.08,12.5,0.346,0.0
1998-04-17,13.2,66,1.33,13.9,0.332,0.0
1998-04-18,14.6,67,1.39,15.0,0.318,0.0
1998-04-19,15.9,71,1.45,16.5,0.306,0.0
1998-04-20,17.1,76,1.38,17.7,0.294,0.0
1998-04-21,20.5,77,1.9,19.7,0.282,0.0
1998-04-22,21.4,65,2.29,20.6,0.271,0.0
1998-04-23,15.5,69,1.16,17.7,0.265,1.2
1998-04-24,15.1,70,1.21,16.8,0.266,0.0
1998-04-25,14.5,62,1.48,16.4,0.255,0.0
1998-04-26,15.9,67,1.46,17.3,0.244,0.0
1998-04-27,18.8,66,2.12,19.2,0.233,0.0
1998-04-28,20.4,66,2.1,20.6,0.223,0.0
1998-04-29,21.7,64,2.63,21.6,0.213,0.0
1998-04-30,20.4,53,2.48,21.2,0.203,0.0
1998-05-01,16.5,61,1.68,18.4,0.197,0.8
1998-05-02,16.8,78,1.01,18.6,0.224,3.5
1998-05-03,16.5,76,1.1,18.0,0.239,2.0
1998-05-04,16.4,78,1.2,18.8,0.31,7.1
1998-05-05,15.0,84,0.71,17.0,0.38,21.5
1998-05-06,15.3,76,1.0,17.6,0.346,0.0
1998-05-07,15.2,76,0.98,16.7,0.328,0.4
1998-05-08,15.7,76,0.91,16.8,0.319,0.0
1998-05-09,14.4,59,1.32,16.6,0.308,0.0
1998-05-10,13.9,62,1.34,16.4,0.292,0.0
1998-05-11,12.4,74,0.87,14.7,0.281,0.3
1998-05-12,10.0,88,0.39,12.4,0.347,13.8
1998-05-13,11.6,73,0.92,14.0,0.367,0.4
1998-05-14,14.1,65,1.06,15.0,0.338,0.0
1998-05-15,14.5,66,1.21,16.0,0.319,0.0
1998-05-16,13.3,63,1.01,15.4,0.302,0.0
1998-05-17,13.7,59,1.35,15.5,0.288,0.0
1998-05-18,15.4,56,1.62,16.8,0.272,0.0
1998-05-19,16.3,57,1.77,17.7,0.256,0.0
1998-05-20,14.9,57,1.53,17.3,0.241,0.0
1998-05-21,15.1,58,1.47,17.4,0.229,0.0
1998-05-22,16.2,61,1.6,18.3,0.218,0.0
1998-05-23,17.6,63,1.71,19.3,0.208,0.0
1998-05-24,17.7,63,1.63,19.9,0.199,0.0
1998-05-25,15.0,69,0.83,16.9,0.194,0.0
1998-05-26,14.2,49,1.48,17.3,0.192,0.1
1998-05-27,15.6,52,1.79,18.0,0.185,0.0
1998-05-28,15.2,73,1.37,17.4,0.208,8.8
1998-05-29,14.5,63,1.57,16.9,0.27,0.0
1998-05-30,16.1,65,1.59,18.3,0.245,0.0
1998-05-31,19.6,61,2.11,20.6,0.224,0.0
1998-06-01,20.5,65,1.84,21.7,0.205,0.0
1998-06-02,19.1,62,1.45,21.2,0.193,0.0
1998-06-03,17.2,63,1.32,19.5,0.195,2.3
1998-06-04,17.8,60,1.71,19.8,0.19,0.0
1998-06-05,19.4,64,1.81,21.3,0.18,0.0
1998-06-06,18.0,75,1.49,20.6,0.213,25.9
1998-06-07,16.2,78,0.94,18.4,0.37,9.7
1998-06-08,17.9,69,1.44,19.0,0.323,0.0
1998-06-09,19.2,68,1.43,19.8,0.296,0.0
1998-06-10,19.6,74,1.03,20.5,0.285,2.8
1998-06-11,18.2,71,1.53,19.9,0.299,1.9
1998-06-12,17.4,73,1.15,19.3,0.282,0.0
1998-06-13,19.7,68,1.79,21.1,0.265,0.0
1998-06-14,22.2,69,2.01,23.1,0.243,0.0
1998-06-15,25.1,63,2.8,25.0,0.222,0.0
1998-06-16,24.3,56,2.81,24.9,0.203,0.0
1998-06-17,23.5,41,2.9,24.3,0.187,0.0
1998-06-18,24.1,52,3.45,25.1,0.174,0.0
1998-06-19,24.8,50,3.33,26.4,0.164,0.0
1998-06-20,23.0,48,2.76,25.9,0.154,0.0
1998-06-21,22.1,54,2.49,25.6,0.148,0.0
1998-06-22,22.5,59,2.41,25.9,0.143,0.0
1998-06-23,22.2,50,2.64,25.6,0.139,0.0
1998-06-24,21.9,51,2.72,25.6,0.136,0.0
1998-06-25,22.4,56,2.54,25.9,0.134,0.0
1998-06-26,22.0,45,3.14,25.6,0.132,0.0
1998-06-27,23.8,46,3.5,26.7,0.131,0.0
1998-06-28,25.4,46,3.69,27.7,0.13,0.0
1998-06-29,24.7,43,3.37,28.0,0.129,0.0
1998-06-30,23.4,43,3.3,27.1,0.128,0.0
1998-07-01,22.3,46,2.96,26.3,0.127,0.0
1998-07-02,21.0,52,2.51,25.8,0.127,0.0
1998-07-03,22.2,54,2.75,26.4,0.127,0.0
1998-07-04,24.4,54,3.2,28.0,0.126,0.0
1998-07-05,26.2,49,3.74,29.2,0.126,0.0
1998-07-06,27.1,48,3.91,30.3,0.125,0.0
1998-07-07,28.0,41,4.57,30.7,0.125,0.0
1998-07-08,28.5,39,4.44,31.5,0.125,0.0
1998-07-09,28.0,44,3.91,31.7,0.124,0.0
1998-07-10,25.1,44,3.24,29.7,0.124,0.0
1998-07-11,24.4,45,3.48,28.8,0.124,0.0
1998-07-12,26.2,45,4.01,29.8,0.124,0.0
1998-07-13,28.2,43,4.77,30.9,0.124,0.0
1998-07-14,27.7,38,4.56,30.9,0.124,0.0
1998-07-15,27.9,42,4.73,31.1,0.124,0.0
1998-07-16,29.9,35,5.23,32.0,0.124,0.0
1998-07-17,31.0,37,5.63,33.2,0.124,0.0
1998-07-18,31.5,42,5.45,34.1,0.124,0.0
1998-07-19,32.1,44,5.38,35.0,0.124,0.0
1998-07-20,31.6,40,4.53,35.3,0.124,0.0
1998-07-21,29.4,40,3.84,33.8,0.124,0.0
1998-07-22,28.5,42,3.71,33.3,0.124,0.0
1998-07-23,28.0,44,3.53,32.9,0.124,0.0
1998-07-24,27.9,45,3.51,32.7,0.124,0.0
1998-07-25,29.1,46,4.48,33.0,0.124,0.0
1998-07-26,30.5,45,5.01,34.0,0.124,0.0
1998-07-27,30.5,43,5.1,34.1,0.124,0.0
1998-07-28,29.1,37,4.91,32.9,0.124,0.0
1998-07-29,26.3,42,3.57,31.4,0.124,0.0
1998-07-30,24.0,51,2.68,29.9,0.124,0.0
1998-07-31,23.7,49,3.03,29.1,0.124,0.0
1998-08-01,26.1,48,3.62,30.3,0.124,0.0
1998-08-02,29.7,46,4.5,32.4,0.124,0.0
1998-08-03,31.0,44,5.27,33.9,0.124,0.0
1998-08-04,32.2,43,5.73,34.8,0.124,0.0
1998-08-05,33.2,43,5.66,35.8,0.124,0.0
1998-08-06,32.6,43,5.19,36.2,0.124,0.0
1998-08-07,30.7,35,5.43,34.9,0.124,0.0
1998-08-08,28.2,36,4.69,32.8,0.124,0.0
1998-08-09,27.7,39,4.36,32.3,0.124,0.0
1998-08-10,28.5,43,4.37,32.8,0.124,0.0
1998-08-11,29.9,40,4.93,33.5,0.124,0.0
1998-08-12,31.0,39,5.27,34.2,0.124,0.0
1998-08-13,31.5,40,5.34,34.5,0.124,0.0
1998-08-14,31.6,39,5.41,35.1,0.124,0.0
1998-08-15,31.0,41,5.04,35.1,0.124,0.0
1998-08-16,28.7,42,4.07,33.9,0.124,0.0
1998-08-17,25.6,39,3.61,31.4,0.124,0.0
1998-08-18,22.6,46,3.04,29.1,0.124,0.0
1998-08-19,23.0,47,2.93,28.7,0.124,0.0
1998-08-20,23.7,46,3.16,28.6,0.124,0.0
1998-08-21,24.4,46,3.62,28.9,0.124,0.0
1998-08-22,26.0,41,4.32,29.8,0.124,0.0
1998-08-23,26.4,40,4.38,30.2,0.124,0.0
1998-08-24,26.9,41,4.31,30.6,0.124,0.0
1998-08-25,27.3,42,4.09,31.0,0.124,0.0
1998-08-26,24.8,47,3.39,29.9,0.124,0.0
1998-08-27,26.5,44,4.3,30.4,0.124,0.0
1998-08-28,28.0,41,4.68,31.4,0.124,0.0
1998-08-29,28.9,41,4.82,32.2,0.124,0.0
1998-08-30,30.6,38,5.54,33.5,0.124,0.0
1998-08-31,30.4,39,5.12,33.8,0.124,0.0
1998-09-01,30.8,42,5.08,33.9,0.124,0.0
1998-09-02,31.3,42,5.04,34.3,0.124,0.0
1998-09-03,31.9,38,5.68,35.0,0.125,0.7
1998-09-04,27.4,61,2.51,30.8,0.132,3.2
1998-09-05,26.9,66,2.75,30.3,0.173,0.0
1998-09-06,28.7,57,3.75,30.9,0.16,0.0
1998-09-07,29.5,46,4.86,31.7,0.149,0.0
1998-09-08,29.2,47,4.16,32.1,0.14,0.3
1998-09-09,22.2,50,2.28,27.6,0.155,2.6
1998-09-10,20.6,50,2.64,25.5,0.147,0.0
1998-09-11,22.8,46,3.0,26.3,0.141,0.0
1998-09-12,24.5,51,3.14,27.5,0.135,0.0
1998-09-13,26.8,52,3.87,29.3,0.132,0.0
1998-09-14,27.5,51,3.84,30.4,0.129,0.0
1998-09-15,26.9,49,3.6,30.4,0.128,0.0
1998-09-16,26.2,45,3.91,30.1,0.127,0.0
1998-09-17,24.9,41,3.56,28.7,0.126,0.0
1998-09-18,21.4,46,2.74,26.1,0.126,0.0
1998-09-19,21.4,46,2.81,25.7,0.125,0.0
1998-09-20,22.8,44,3.04,26.1,0.125,0.0
1998-09-21,21.1,53,2.34,25.7,0.125,0.0
1998-09-22,20.5,54,2.09,24.9,0.125,0.0
1998-09-23,19.5,58,1.65,23.5,0.125,0.0
1998-09-24,19.7,57,2.01,23.8,0.124,0.0
1998-09-25,19.7,57,2.01,24.3,0.124,0.0
1998-09-26,16.9,69,1.07,21.1,0.127,0.9
1998-09-27,17.5,61,1.79,21.7,0.132,0.0
1998-09-28,18.0,58,1.89,21.6,0.133,1.0
1998-09-29,19.1,61,1.83,22.2,0.142,0.0
1998-09-30,19.3,64,1.65,22.6,0.138,0.0
1998-10-01,20.7,63,1.99,23.7,0.135,0.0
1998-10-02,18.5,59,1.88,22.5,0.133,0.0
1998-10-03,16.5,49,1.91,20.7,0.131,0.0
1998-10-04,16.8,50,2.05,20.4,0.13,0.0
1998-10-05,18.4,49,2.49,21.3,0.129,0.0
1998-10-06,20.3,46,3.13,22.0,0.128,0.0
1998-10-07,20.2,45,3.53,22.3,0.127,0.0
1998-10-08,18.7,59,2.1,21.8,0.127,0.0
1998-10-09,17.6,58,2.03,21.2,0.126,0.0
1998-10-10,16.7,51,2.0,20.4,0.126,0.0
1998-10-11,17.8,46,2.28,20.4,0.126,0.0
1998-10-12,18.0,55,2.15,20.1,0.126,0.0
1998-10-13,18.2,61,1.93,20.8,0.125,0.0
1998-10-14,17.6,59,1.78,20.7,0.125,0.0
1998-10-15,16.3,53,1.84,19.6,0.125,0.0
1998-10-16,15.2,43,1.79,18.3,0.125,0.0
1998-10-17,15.7,48,2.23,18.6,0.125,0.0
1998-10-18,16.4,48,2.25,18.8,0.125,0.0
1998-10-19,17.3,50,2.36,19.3,0.125,0.0
1998-10-20,17.7,51,2.39,19.7,0.125,0.0
1998-10-21,18.7,51,2.61,20.1,0.125,0.0
1998-10-22,19.2,47,2.65,20.8,0.124,0.0
1998-10-23,19.1,53,2.71,21.0,0.124,0.0
1998-10-24,14.8,70,1.28,16.9,0.174,9.9
1998-10-25,13.5,75,1.11,15.6,0.254,0.0
1998-10-26,13.2,74,1.14,15.7,0.236,0.0
1998-10-27,15.5,68,1.52,16.8,0.22,0.0
1998-10-28,14.6,76,0.91,16.0,0.208,0.0
1998-10-29,14.6,77,0.9,16.4,0.202,0.5
1998-10-30,13.1,73,1.09,15.2,0.198,0.0
1998-10-31,13.2,72,1.33,15.3,0.19,0.0
1998-11-01,13.7,69,1.13,15.3,0.182,0.0
1998-11-02,12.5,69,1.27,14.9,0.176,0.0
1998-11-03,13.0,65,1.26,14.6,0.17,0.0
1998-11-04,12.7,75,1.08,14.7,0.165,0.0
1998-11-05,13.0,69,1.09,14.8,0.162,0.0
1998-11-06,11.1,60,1.27,13.5,0.158,0.0
1998-11-07,10.9,70,0.72,12.0,0.18,8.5
1998-11-08,11.3,77,0.87,13.0,0.262,2.1
1998-11-09,9.4,71,0.87,11.5,0.248,0.0
1998-11-10,9.0,73,0.71,10.4,0.244,3.9
1998-11-11,10.6,77,0.73,11.8,0.299,5.3
1998-11-12,9.6,80,0.68,11.4,0.281,0.0
1998-11-13,10.9,78,1.02,11.6,0.261,0.0
1998-11-14,11.6,77,1.16,12.2,0.246,0.0
1998-11-15,11.5,78,1.02,12.7,0.234,0.0
1998-11-16,11.2,88,0.56,12.6,0.225,0.0
1998-11-17,11.7,77,0.96,12.9,0.243,3.2
1998-11-18,10.3,77,0.83,11.9,0.243,0.0
1998-11-19,9.9,74,0.88,11.4,0.232,0.0
1998-11-20,10.3,69,1.05,10.9,0.223,0.0
1998-11-21,10.9,71,1.04,11.4,0.215,0.0
1998-11-22,12.8,75,0.97,12.9,0.207,0.0
1998-11-23,13.9,73,1.42,14.0,0.202,1.1
1998-11-24,12.5,76,0.99,13.6,0.23,2.8
1998-11-25,11.0,74,1.01,12.0,0.222,0.0
1998-11-26,11.4,72,1.19,11.8,0.215,0.0
1998-11-27,10.8,86,0.31,11.5,0.209,0.0
1998-11-28,10.5,85,0.48,11.4,0.225,2.1
1998-11-29,9.9,74,0.53,10.3,0.23,0.3
1998-11-30,13.7,74,0.97,12.8,0.25,9.3
1998-12-01,11.1,79,0.69,12.2,0.371,13.2
1998-12-02,9.6,81,0.65,11.1,0.319,0.0
1998-12-03,9.3,85,0.57,10.5,0.316,5.6
1998-12-04,6.7,72,0.69,8.8,0.328,0.0
1998-12-05,6.1,67,0.57,8.4,0.305,1.3
1998-12-06,5.7,76,0.54,7.7,0.331,2.9
1998-12-07,5.4,73,0.63,6.8,0.309,0.0
1998-12-08,5.8,72,0.66,6.7,0.295,0.0
1998-12-09,5.9,85,0.43,7.8,0.285,0.0
1998-12-10,7.0,77,0.78,7.3,0.278,0.0
1998-12-11,8.0,76,0.81,7.9,0.271,0.0
1998-12-12,8.9,80,0.75,8.6,0.265,0.0
1998-12-13,10.6,73,1.47,9.8,0.259,0.3
1998-12-14,8.4,80,0.6,9.5,0.26,1.0
1998-12-15,7.9,84,0.58,8.6,0.255,0.0
1998-12-16,8.9,80,0.88,9.0,0.25,0.0
1998-12-17,10.5,77,1.08,9.9,0.246,0.0
1998-12-18,9.6,82,0.92,9.8,0.241,0.0
1998-12-19,6.3,84,0.43,7.8,0.239,0.0
1998-12-20,2.8,82,0.21,4.8,0.258,4.5
1998-12-21,0.1,70,0.48,2.7,0.279,0.0
1998-12-22,-0.3,67,0.47,1.9,0.27,0.0
1998-12-23,1.3,65,0.5,1.6,0.264,0.0
1998-12-24,1.7,74,0.53,1.5,0.258,0.0
1998-12-25,2.6,77,0.59,2.4,0.254,0.0
1998-12-26,3.5,76,0.48,2.8,0.25,0.0
1998-12-27,2.9,85,0.48,3.3,0.246,0.0
1998-12-28,3.9,84,0.51,3.9,0.243,0.0
1998-12-29,4.5,92,0.35,5.4,0.24,0.0
1998-12-30,5.5,87,0.56,6.4,0.238,0.0
1998-12-31,9.0,84,0.54,8.4,0.238,0.5
1999-01-01,7.4,88,0.47,8.5,0.236,0.0
1999-01-02,7.5,83,0.7,7.6,0.232,0.0
1999-01-03,8.5,78,0.98,8.0,0.228,0.0
1999-01-04,7.8,78,1.04,8.0,0.224,0.0
1999-01-05,6.9,81,0.81,7.7,0.219,0.0
1999-01-06,8.0,80,0.85,8.1,0.216,0.0
1999-01-07,6.9,79,0.78,7.8,0.212,0.0
1999-01-08,5.1,87,0.46,7.1,0.21,0.0
1999-01-09,7.6,74,0.87,7.1,0.207,0.0
1999-01-10,7.6,78,0.95,7.8,0.204,0.0
1999-01-11,8.8,77,1.07,8.8,0.201,0.0
1999-01-12,7.4,78,0.75,8.5,0.198,0.0
1999-01-13,6.7,87,0.51,7.7,0.195,0.0
1999-01-14,7.7,87,0.69,8.8,0.193,0.0
1999-01-15,10.5,82,0.74,10.6,0.194,0.3
1999-01-16,12.5,84,0.79,12.3,0.227,3.8
1999-01-17,13.0,82,0.89,13.2,0.226,0.0
1999-01-18,11.6,86,0.66,12.0,0.233,5.3
1999-01-19,12.4,92,0.3,12.3,0.367,19.8
1999-01-20,12.1,92,0.2,12.0,0.399,17.5
1999-01-21,10.2,78,0.82,11.0,0.369,0.5
1999-01-22,9.0,76,0.78,9.9,0.343,0.0
1999-01-23,8.7,85,0.42,9.4,0.357,12.0
1999-01-24,6.5,83,0.48,8.5,0.4,11.8
1999-01-25,4.2,94,0.1,6.8,0.419,10.8
1999-01-26,6.3,89,0.33,7.4,0.418,9.1
1999-01-27,5.2,81,0.54,6.8,0.394,0.0
1999-01-28,4.8,83,0.57,6.4,0.374,0.0
1999-01-29,6.0,83,0.64,6.8,0.36,0.0
1999-01-30,8.6,77,0.82,8.0,0.35,0.0
1999-01-31,8.0,86,0.3,8.1,0.397,14.7
1999-02-01,5.3,87,0.45,7.0,0.383,0.0
1999-02-02,6.3,85,0.53,7.1,0.366,0.0
1999-02-03,8.0,82,0.68,8.0,0.353,0.0
1999-02-04,8.2,88,0.43,8.3,0.346,0.5
1999-02-05,9.3,84,0.56,9.2,0.343,0.0
1999-02-06,9.2,84,0.48,9.0,0.338,0.0
1999-02-07,10.4,89,0.35,9.8,0.391,17.8
1999-02-08,11.9,93,0.32,11.0,0.413,8.6
1999-02-09,9.3,87,0.39,10.0,0.402,12.0
1999-02-10,4.2,74,0.67,6.8,0.392,0.0
1999-02-11,5.8,66,0.78,6.7,0.373,0.0
1999-02-12,7.1,74,0.92,7.5,0.359,0.0
1999-02-13,9.9,79,0.87,8.9,0.349,0.0
1999-02-14,9.5,81,0.67,10.0,0.342,0.2
1999-02-15,8.8,79,0.75,9.9,0.335,0.0
1999-02-16,9.1,79,0.54,9.6,0.328,0.0
1999-02-17,12.6,80,0.8,12.4,0.361,4.7
1999-02-18,11.6,84,0.73,11.8,0.348,0.0
1999-02-19,9.6,78,0.69,11.3,0.334,0.0
1999-02-20,9.0,84,0.48,9.3,0.332,3.3
1999-02-21,8.7,75,0.81,10.3,0.39,9.5
1999-02-22,8.5,72,0.77,9.5,0.359,0.0
1999-02-23,9.4,81,0.79,10.2,0.343,0.0
1999-02-24,10.9,82,0.97,11.1,0.332,0.0
1999-02-25,10.6,74,0.81,11.5,0.343,2.6
1999-02-26,8.8,71,0.84,10.6,0.336,0.0
1999-02-27,10.5,75,0.87,11.3,0.322,0.0
1999-02-28,13.0,76,1.04,12.2,0.311,0.0
1999-03-01,13.0,83,0.83,13.3,0.302,0.0
1999-03-02,13.4,78,1.04,13.4,0.293,0.0
1999-03-03,10.8,81,0.44,11.4,0.29,0.2
1999-03-04,9.0,63,0.86,10.9,0.287,0.0
1999-03-05,8.4,68,0.86,10.3,0.278,0.0
1999-03-06,9.6,66,0.97,10.4,0.271,1.6
1999-03-07,9.7,62,0.91,11.1,0.272,0.0
1999-03-08,8.8,69,0.77,9.5,0.268,1.9
1999-03-09,8.9,72,0.71,10.3,0.338,9.4
1999-03-10,7.7,63,0.73,9.3,0.328,0.0
1999-03-11,9.5,64,0.94,10.3,0.308,0.0
1999-03-12,9.9,69,0.89,10.7,0.292,0.0
1999-03-13,11.9,69,1.47,12.1,0.278,0.0
1999-03-14,12.4,62,1.13,12.3,0.266,0.0
1999-03-15,9.0,86,0.35,11.0,0.308,13.3
1999-03-16,9.1,82,0.55,11.3,0.369,1.0
1999-03-17,11.1,77,0.85,11.8,0.333,0.0
1999-03-18,12.4,74,1.17,13.0,0.312,0.0
1999-03-19,12.6,71,1.33,13.6,0.296,0.2
1999-03-20,10.1,78,0.65,12.0,0.349,7.6
1999-03-21,11.1,74,0.94,12.4,0.336,0.0
1999-03-22,11.7,68,1.13,13.1,0.315,0.0
1999-03-23,11.8,72,0.92,13.5,0.321,2.6
1999-03-24,13.2,65,1.37,13.7,0.305,0.0
1999-03-25,14.3,70,1.12,15.1,0.297,0.8
1999-03-26,14.3,71,1.11,15.1,0.285,0.0
1999-03-27,12.4,62,1.12,14.1,0.27,0.0
1999-03-28,11.1,59,1.4,13.2,0.256,0.0
1999-03-29,11.7,63,1.38,13.3,0.243,0.0
1999-03-30,11.0,58,1.13,13.3,0.232,0.0
1999-03-31,9.1,57,1.0,11.8,0.27,6.4
1999-04-01,8.2,61,0.98,10.8,0.277,0.0
1999-04-02,9.4,60,1.21,11.5,0.26,0.0
1999-04-03,8.7,57,0.97,10.9,0.259,3.0
1999-04-04,9.0,47,1.12,11.4,0.263,0.0
1999-04-05,9.1,66,0.95,10.3,0.255,4.1
1999-04-06,9.4,77,0.64,12.0,0.35,8.1
1999-04-07,8.1,80,0.39,10.0,0.345,4.9
1999-04-08,7.5,79,0.6,9.0,0.358,8.9
1999-04-09,7.1,64,0.97,9.4,0.351,0.0
1999-04-10,9.1,59,1.04,10.6,0.318,0.0
1999-04-11,9.2,82,0.34,10.2,0.337,6.7
1999-04-12,11.0,77,1.1,12.0,0.352,0.0
1999-04-13,13.9,75,1.19,14.6,0.321,0.0
1999-04-14,17.4,78,1.29,17.1,0.298,0.0
1999-04-15,19.3,70,2.21,19.0,0.279,0.0
1999-04-16,21.2,63,2.81,20.1,0.261,0.0
1999-04-17,20.7,60,2.8,20.1,0.245,0.0
1999-04-18,21.7,54,2.98,20.7,0.23,0.0
1999-04-19,20.3,54,2.58,20.8,0.215,0.0
1999-04-20,18.7,55,1.89,20.0,0.202,0.0
1999-04-21,17.2,52,2.13,19.0,0.191,0.0
1999-04-22,15.8,51,2.38,17.6,0.183,0.0
1999-04-23,15.4,48,1.96,17.4,0.177,0.0
1999-04-24,17.1,49,2.01,18.9,0.17,0.0
1999-04-25,18.4,52,2.2,20.1,0.164,0.0
1999-04-26,18.5,54,2.27,20.3,0.158,0.0
1999-04-27,15.8,39,2.02,19.3,0.152,0.0
1999-04-28,12.4,41,1.47,16.2,0.152,0.5
1999-04-29,14.6,34,1.82,17.6,0.151,0.0
1999-04-30,16.8,47,1.83,19.7,0.146,0.0
1999-05-01,18.3,54,2.18,20.8,0.143,0.0
1999-05-02,14.1,53,1.15,17.7,0.14,0.0
1999-05-03,14.1,61,1.16,16.9,0.142,0.0
1999-05-04,14.7,51,1.81,17.9,0.142,0.0
1999-05-05,17.7,46,2.48,20.2,0.138,0.0
1999-05-06,21.7,42,3.43,22.6,0.136,0.0
1999-05-07,19.6,40,2.67,22.4,0.133,0.0
1999-05-08,17.8,32,2.62,21.1,0.132,0.0
1999-05-09,17.3,32,2.49,20.6,0.131,0.0
1999-05-10,18.3,37,2.73,21.2,0.13,0.0
1999-05-11,20.9,45,2.82,23.4,0.129,0.0
1999-05-12,22.3,46,3.02,24.8,0.128,0.0
1999-05-13,18.9,32,2.89,22.8,0.128,0.0
1999-05-14,17.1,37,2.47,21.6,0.127,0.0
1999-05-15,15.9,40,2.29,20.5,0.127,0.0
1999-05-16,18.2,37,2.77,22.0,0.126,0.0
1999-05-17,21.0,36,3.45,23.9,0.126,0.0
1999-05-18,21.3,44,3.07,24.2,0.126,0.0
1999-05-19,19.5,43,2.82,23.9,0.125,0.0
1999-05-20,17.7,45,2.32,22.6,0.125,0.0
1999-05-21,19.2,46,2.54,23.4,0.125,0.0
1999-05-22,22.8,48,3.23,25.5,0.125,0.0
1999-05-23,22.7,52,2.51,26.0,0.125,0.0
1999-05-24,23.9,51,2.81,27.2,0.125,0.0
1999-05-25,24.9,49,3.34,28.0,0.125,0.0
1999-05-26,26.9,45,4.06,29.7,0.124,0.0
1999-05-27,26.7,39,4.06,30.0,0.124,0.0
1999-05-28,25.3,36,3.89,29.4,0.124,0.0
1999-05-29,20.7,38,2.62,26.5,0.124,0.0
1999-05-30,20.7,47,2.45,26.0,0.124,0.0
1999-05-31,21.7,49,2.43,26.5,0.124,0.0
1999-06-01,22.0,46,2.83,26.8,0.124,0.0
1999-06-02,16.6,50,1.67,22.2,0.128,2.4
1999-06-03,14.6,43,1.82,20.6,0.14,0.0
1999-06-04,16.8,48,1.84,21.1,0.136,0.0
1999-06-05,20.2,51,2.45,24.0,0.132,0.0
1999-06-06,22.0,42,3.49,25.6,0.129,0.0
1999-06-07,19.8,28,3.08,24.5,0.127,0.0
1999-06-08,19.6,33,3.01,24.2,0.126,0.0
1999-06-09,20.4,33,3.2,24.9,0.125,0.0
1999-06-10,21.5,36,3.32,25.7,0.125,0.0
1999-06-11,23.6,36,3.78,27.3,0.125,0.0
1999-06-12,23.7,37,3.78,27.6,0.124,0.0
1999-06-13,24.2,34,3.92,28.0,0.124,0.0
1999-06-14,25.4,41,3.94,29.1,0.124,0.0
1999-06-15,24.3,40,3.41,28.4,0.124,0.0
1999-06-16,24.1,42,3.59,28.6,0.124,0.0
1999-06-17,26.5,39,4.41,30.3,0.124,0.0
1999-06-18,27.6,35,4.58,31.3,0.124,0.0
1999-06-19,26.9,30,4.68,31.0,0.124,0.0
1999-06-20,27.0,32,4.63,31.3,0.124,0.0
1999-06-21,27.3,34,4.24,31.3,0.124,0.0
1999-06-22,28.3,41,4.23,32.4,0.124,0.0
1999-06-23,29.6,39,4.49,33.6,0.124,0.0
1999-06-24,29.1,37,4.41,33.6,0.124,0.0
1999-06-25,26.1,32,4.21,31.3,0.124,0.0
1999-06-26,25.6,30,4.4,30.6,0.124,0.0
1999-06-27,27.0,32,4.65,31.2,0.124,0.0
1999-06-28,29.2,28,5.37,32.3,0.124,0.0
1999-06-29,30.3,29,5.82,33.5,0.124,0.0
1999-06-30,30.9,33,5.76,34.2,0.124,0.0
1999-07-01,31.8,35,5.57,35.1,0.124,0.0
1999-07-02,29.1,36,4.34,34.4,0.124,0.0
1999-07-03,24.6,32,3.79,31.1,0.124,0.0
1999-07-04,22.6,32,3.42,28.8,0.124,0.0
1999-07-05,25.8,30,4.37,30.4,0.124,0.0
1999-07-06,27.8,30,5.05,31.7,0.124,0.0
1999-07-07,26.7,29,4.55,31.3,0.124,0.0
1999-07-08,29.1,28,5.16,32.9,0.124,0.0
1999-07-09,29.1,30,4.72,33.6,0.124,0.0
1999-07-10,29.6,27,5.05,34.1,0.124,0.0
1999-07-11,31.1,30,5.34,34.4,0.124,0.0
1999-07-12,33.1,44,5.8,36.5,0.124,0.0
1999-07-13,32.8,45,4.89,36.9,0.127,1.9
1999-07-14,32.2,45,5.06,36.2,0.133,0.4
1999-07-15,30.6,39,4.66,35.3,0.13,0.0
1999-07-16,27.7,32,4.18,33.6,0.126,0.0
1999-07-17,26.3,36,4.0,32.2,0.125,0.0
1999-07-18,27.4,34,4.69,32.5,0.125,0.0
1999-07-19,26.0,37,4.23,31.9,0.124,0.0
1999-07-20,24.0,43,3.33,30.5,0.124,0.0
1999-07-21,24.2,44,3.53,30.1,0.124,0.0
1999-07-22,25.9,40,3.97,30.9,0.124,0.0
1999-07-23,25.6,41,3.56,31.0,0.124,0.0
1999-07-24,22.8,43,3.26,28.8,0.124,0.0
1999-07-25,24.4,42,3.6,29.8,0.124,0.0
1999-07-26,26.4,40,4.23,31.1,0.124,0.0
1999-07-27,26.4,41,3.85,31.7,0.124,0.0
1999-07-28,25.4,46,3.29,31.2,0.124,0.0
1999-07-29,25.6,40,3.78,30.8,0.124,0.0
1999-07-30,25.9,35,4.22,30.8,0.124,0.0
1999-07-31,25.8,37,3.84,30.9,0.124,0.0
1999-08-01,25.1,42,3.67,30.2,0.124,0.0
1999-08-02,26.1,46,3.79,30.9,0.124,0.0
1999-08-03,26.3,45,3.9,31.1,0.124,0.0
1999-08-04,26.1,45,4.01,31.3,0.124,0.0
1999-08-05,23.9,49,3.08,30.1,0.124,0.0
1999-08-06,20.7,55,2.19,26.9,0.124,0.0
1999-08-07,21.5,53,2.31,27.0,0.124,0.0
1999-08-08,22.8,50,2.72,28.0,0.124,0.0
1999-08-09,23.3,49,2.84,28.3,0.124,0.0
1999-08-10,23.8,50,2.67,29.0,0.125,0.2
1999-08-11,22.9,55,2.66,28.4,0.125,0.0
1999-08-12,23.7,54,3.15,28.8,0.125,0.0
1999-08-13,24.0,46,3.27,28.7,0.124,0.0
1999-08-14,24.4,41,3.59,29.2,0.124,0.0
1999-08-15,24.0,43,3.49,29.2,0.124,0.0
1999-08-16,26.3,43,4.34,30.5,0.124,0.0
1999-08-17,27.0,42,4.37,31.1,0.124,0.0
1999-08-18,26.0,44,3.55,30.8,0.124,0.0
1999-08-19,24.7,43,3.8,29.7,0.124,0.0
1999-08-20,26.8,40,4.34,30.8,0.124,0.0
1999-08-21,26.8,40,4.3,31.1,0.124,0.0
1999-08-22,28.6,38,5.02,32.1,0.124,0.0
1999-08-23,29.2,39,4.98,33.0,0.124,0.0
1999-08-24,29.0,42,4.6,33.3,0.124,0.0
1999-08-25,29.9,41,4.98,33.7,0.124,0.0
1999-08-26,28.4,49,4.05,30.7,0.124,0.0
1999-08-27,29.5,45,4.75,32.6,0.127,0.8
1999-08-28,28.3,49,4.22,32.5,0.125,0.0
1999-08-29,27.9,47,4.25,32.2,0.125,0.0
1999-08-30,24.0,40,2.98,29.1,0.124,0.0
1999-08-31,21.7,36,3.11,27.2,0.124,0.0
1999-09-01,21.2,38,2.83,26.2,0.124,0.0
1999-09-02,21.6,44,2.82,26.6,0.124,0.0
1999-09-03,22.5,46,2.99,27.2,0.124,0.0
1999-09-04,23.8,45,3.37,28.1,0.124,0.0
1999-09-05,26.3,43,4.26,29.7,0.124,0.0
1999-09-06,27.6,38,5.0,30.7,0.124,0.0
1999-09-07,27.1,37,4.52,30.7,0.124,0.0
1999-09-08,26.1,41,4.16,30.3,0.124,0.0
1999-09-09,25.6,44,3.48,30.1,0.124,0.0
1999-09-10,24.8,51,3.06,29.6,0.124,0.0
1999-09-11,24.3,49,3.19,29.0,0.124,0.0
1999-09-12,25.2,49,3.59,29.4,0.124,0.0
1999-09-13,24.9,47,3.37,29.2,0.124,0.0
1999-09-14,24.2,49,3.21,28.8,0.124,0.0
1999-09-15,25.2,53,3.31,29.2,0.124,0.0
1999-09-16,25.9,51,3.57,29.6,0.124,0.0
1999-09-17,25.5,44,3.71,29.5,0.124,0.0
1999-09-18,25.4,47,3.32,29.2,0.127,0.4
1999-09-19,23.3,52,2.81,28.3,0.126,0.0
1999-09-20,23.2,55,2.69,27.9,0.125,0.0
1999-09-21,24.9,53,3.52,28.5,0.125,0.0
1999-09-22,25.8,55,2.54,29.2,0.126,0.4
1999-09-23,25.6,54,3.11,29.1,0.126,0.0
1999-09-24,25.4,53,3.28,29.2,0.125,0.0
1999-09-25,25.1,51,3.36,28.9,0.125,0.0
1999-09-26,25.5,46,3.35,28.3,0.124,0.0
1999-09-27,24.1,37,3.46,27.1,0.124,0.0
1999-09-28,24.6,37,3.83,27.1,0.124,0.0
1999-09-29,25.6,45,4.07,27.8,0.124,0.0
1999-09-30,25.2,47,3.83,27.8,0.124,0.0
1999-10-01,24.9,45,3.69,27.4,0.124,0.0
1999-10-02,23.6,48,2.99,27.1,0.124,0.0
1999-10-03,22.1,53,2.66,26.4,0.124,0.0
1999-10-04,22.0,58,2.67,25.9,0.124,0.0
1999-10-05,19.6,55,2.06,24.4,0.124,0.0
1999-10-06,19.2,56,1.92,23.1,0.124,0.0
1999-10-07,18.7,61,1.85,23.2,0.124,0.0
1999-10-08,21.3,52,2.98,24.0,0.124,0.0
1999-10-09,22.7,53,3.15,24.8,0.124,0.0
1999-10-10,23.9,49,3.7,25.5,0.124,0.0
1999-10-11,24.2,42,3.87,25.6,0.124,0.0
1999-10-12,21.7,55,3.1,24.9,0.124,0.0
1999-10-13,22.2,53,3.16,24.8,0.124,0.0
1999-10-14,21.1,55,2.79,24.3,0.124,0.0
1999-10-15,20.6,54,2.47,23.5,0.124,0.0
1999-10-16,20.8,49,2.68,23.2,0.124,0.0
1999-10-17,20.6,48,2.77,23.0,0.124,0.0
1999-10-18,19.6,48,2.6,22.3,0.124,0.0
1999-10-19,19.4,51,2.53,22.0,0.124,0.0
1999-10-20,19.8,56,2.58,22.2,0.124,0.0
1999-10-21,19.9,59,2.6,22.3,0.124,0.0
1999-10-22,20.0,60,2.38,22.1,0.124,0.0
1999-10-23,19.7,58,2.19,22.1,0.124,0.0
1999-10-24,17.9,59,2.08,21.4,0.124,0.0
1999-10-25,18.2,58,2.21,20.8,0.124,0.0
1999-10-26,18.2,58,2.23,20.7,0.124,0.0
1999-10-27,18.6,57,2.15,20.9,0.124,0.0
1999-10-28,18.4,59,1.52,20.4,0.124,0.1
1999-10-29,14.5,60,1.43,18.6,0.124,0.0
1999-10-30,17.6,57,2.33,19.0,0.124,0.0
1999-10-31,17.3,59,2.2,19.1,0.124,0.0
1999-11-01,17.4,61,1.97,19.3,0.124,0.0
1999-11-02,18.0,58,2.37,19.7,0.124,0.0
1999-11-03,16.4,65,1.81,19.1,0.124,0.0
1999-11-04,16.5,66,1.88,18.7,0.124,0.0
1999-11-05,17.0,60,2.11,18.8,0.124,0.0
1999-11-06,17.4,60,1.9,19.1,0.124,0.0
1999-11-07,16.3,66,1.57,18.5,0.126,2.0
1999-11-08,14.8,76,1.21,17.5,0.265,11.0
1999-11-09,13.6,70,1.2,15.5,0.248,0.0
1999-11-10,14.4,66,1.23,15.3,0.232,0.0
1999-11-11,15.2,66,1.55,15.8,0.219,0.0
1999-11-12,15.3,71,1.64,16.1,0.207,0.0
1999-11-13,16.1,69,1.79,16.4,0.197,0.0
1999-11-14,16.3,72,1.63,17.0,0.189,0.0
1999-11-15,16.2,76,1.21,17.2,0.184,0.0
1999-11-16,14.8,80,0.92,16.0,0.18,1.1
1999-11-17,12.7,71,1.1,15.1,0.231,3.2
1999-11-18,11.4,68,1.06,13.4,0.22,0.0
1999-11-19,11.9,72,1.14,12.6,0.243,14.8
1999-11-20,13.6,81,0.78,14.7,0.331,1.0
1999-11-21,10.9,69,0.83,12.8,0.29,0.0
1999-11-22,8.5,56,0.94,10.9,0.267,0.0
1999-11-23,9.0,60,1.02,10.0,0.251,0.0
1999-11-24,9.1,66,0.95,9.8,0.239,0.0
1999-11-25,9.9,69,0.94,10.5,0.23,0.0
1999-11-26,10.6,76,0.82,11.0,0.222,0.0
1999-11-27,11.3,80,0.93,12.2,0.215,0.0
1999-11-28,12.1,78,1.13,12.5,0.209,0.0
1999-11-29,13.2,73,1.18,13.0,0.204,0.0
1999-11-30,13.3,72,0.83,13.8,0.201,0.2
1999-12-01,10.7,68,0.84,12.6,0.196,0.0
1999-12-02,9.7,73,0.94,11.2,0.191,0.0
1999-12-03,8.3,65,0.75,11.0,0.187,0.0
1999-12-04,9.0,66,1.12,9.9,0.183,0.0
1999-12-05,9.2,65,1.16,10.0,0.179,0.0
1999-12-06,9.0,70,0.95,10.1,0.176,0.0
1999-12-07,9.5,72,0.84,10.4,0.173,0.0
1999-12-08,7.6,64,0.85,9.5,0.17,0.0
1999-12-09,7.4,65,0.68,8.6,0.173,2.1
1999-12-10,6.9,76,0.65,8.2,0.187,0.0
1999-12-11,6.0,76,0.71,7.6,0.185,0.0
1999-12-12,8.4,71,0.99,8.5,0.181,0.0
1999-12-13,8.6,73,0.74,8.8,0.178,0.0
1999-12-14,6.4,63,0.78,7.9,0.176,0.0
1999-12-15,7.1,67,0.91,7.9,0.173,0.0
1999-12-16,7.8,72,0.86,8.3,0.17,0.0
1999-12-17,9.0,73,0.99,8.9,0.168,0.0
1999-12-18,9.8,74,0.99,9.6,0.165,0.0
1999-12-19,8.3,83,0.7,9.5,0.164,0.0
1999-12-20,10.3,70,1.18,10.1,0.162,0.0
1999-12-21,10.5,67,1.23,10.2,0.16,0.0
1999-12-22,9.1,66,1.24,10.1,0.158,0.0
1999-12-23,8.8,71,1.1,9.7,0.156,0.0
1999-12-24,9.8,68,1.13,9.7,0.155,0.0
1999-12-25,8.7,70,1.13,9.5,0.153,0.0
1999-12-26,9.3,67,1.29,9.4,0.152,0.0
1999-12-27,10.4,62,1.39,10.2,0.15,0.0
1999-12-28,9.3,62,1.23,9.7,0.149,0.0
1999-12-29,9.4,63,1.22,9.2,0.147,0.0
1999-12-30,8.8,66,1.25,9.4,0.146,0.0
1999-12-31,9.4,68,0.91,10.2,0.145,0.0
2000-01-01,8.3,72,0.84,9.4,0.144,0.4
2000-01-02,7.4,69,0.9,9.1,0.147,0.0
2000-01-03,6.0,64,0.79,7.8,0.146,0.0
2000-01-04,7.3,64,1.09,8.0,0.145,0.0
2000-01-05,6.4,84,0.51,8.0,0.144,0.0
2000-01-06,7.1,75,1.0,8.0,0.144,0.0
2000-01-07,7.4,64,1.08,8.0,0.143,0.0
2000-01-08,7.2,67,1.0,8.1,0.142,0.0
2000-01-09,8.6,71,0.83,8.6,0.141,0.0
2000-01-10,9.1,72,0.91,9.8,0.14,0.0
2000-01-11,9.9,75,0.98,10.4,0.14,1.6
2000-01-12,11.7,81,0.86,12.3,0.148,0.0
2000-01-13,11.1,77,1.29,11.8,0.147,0.0
2000-01-14,11.4,66,1.18,11.1,0.146,0.0
2000-01-15,11.9,62,0.73,11.3,0.145,0.0
2000-01-16,12.7,81,0.57,12.1,0.24,15.7
2000-01-17,11.7,93,0.17,11.7,0.366,18.9
2000-01-18,14.3,88,0.62,13.3,0.387,10.8
2000-01-19,13.9,88,0.71,13.6,0.338,0.0
2000-01-20,13.2,93,0.2,13.4,0.367,7.2
2000-01-21,11.1,79,0.84,12.3,0.344,0.0
2000-01-22,10.2,78,0.73,11.1,0.323,0.0
2000-01-23,10.8,87,0.28,11.0,0.384,28.9
2000-01-24,13.0,92,0.19,12.2,0.431,27.5
2000-01-25,12.8,90,0.4,13.2,0.424,18.9
2000-01-26,9.3,83,0.59,10.9,0.398,0.0
2000-01-27,9.7,80,0.69,10.2,0.377,0.0
2000-01-28,9.6,80,0.72,9.9,0.363,0.0
2000-01-29,10.2,78,0.92,10.1,0.353,0.2
2000-01-30,9.8,87,0.26,10.0,0.383,15.4
2000-01-31,9.9,83,0.56,10.3,0.386,0.0
2000-02-01,9.9,80,0.69,10.5,0.369,0.0
2000-02-02,11.1,82,1.01,11.0,0.356,0.0
2000-02-03,12.8,72,1.53,12.1,0.345,1.0
2000-02-04,13.2,81,0.71,13.4,0.356,0.3
2000-02-05,12.9,75,0.96,12.5,0.343,0.0
2000-02-06,11.9,81,0.88,12.0,0.331,0.0
2000-02-07,12.9,83,1.06,12.5,0.322,0.0
2000-02-08,14.1,81,1.02,13.7,0.314,0.0
2000-02-09,14.0,77,1.06,13.9,0.308,1.1
2000-02-10,11.7,89,0.35,12.8,0.361,16.8
2000-02-11,10.6,84,0.52,11.4,0.378,6.9
2000-02-12,10.6,82,0.66,11.6,0.406,11.7
2000-02-13,11.2,89,0.19,11.2,0.419,38.1
2000-02-14,13.8,83,0.82,13.0,0.419,11.3
2000-02-15,11.3,78,0.77,12.4,0.398,0.0
2000-02-16,10.1,83,0.48,11.4,0.406,15.1
2000-02-17,9.0,78,0.75,10.8,0.4,0.1
2000-02-18,10.5,75,0.76,10.8,0.381,0.0
2000-02-19,10.6,76,0.89,11.1,0.368,0.0
2000-02-20,13.7,67,1.09,12.8,0.369,6.0
2000-02-21,11.3,73,0.82,12.2,0.402,4.5
2000-02-22,10.1,86,0.6,10.9,0.392,4.8
2000-02-23,9.5,80,0.6,10.6,0.417,17.9
2000-02-24,7.6,73,0.73,9.3,0.394,0.0
2000-02-25,9.7,68,0.82,11.2,0.38,0.1
2000-02-26,11.9,74,0.9,12.3,0.367,0.0
2000-02-27,10.7,85,0.46,11.6,0.406,21.9
2000-02-28,9.3,78,0.71,10.6,0.408,1.4
2000-02-29,9.0,83,0.4,10.1,0.407,7.3
2000-03-01,8.3,82,0.67,10.1,0.397,0.0
2000-03-02,8.5,84,0.53,9.4,0.386,2.4
2000-03-03,10.1,83,0.71,11.3,0.393,0.9
2000-03-04,11.1,81,0.86,11.8,0.374,0.0
2000-03-05,9.3,89,0.27,11.0,0.409,18.0
2000-03-06,8.3,70,0.83,10.1,0.399,0.0
2000-03-07,8.3,74,0.71,9.2,0.385,2.1
2000-03-08,9.3,82,0.67,10.4,0.411,8.6
2000-03-09,9.8,76,0.83,11.0,0.399,0.3
2000-03-10,11.0,74,0.92,11.8,0.379,0.0
2000-03-11,12.3,76,1.02,12.8,0.365,0.0
2000-03-12,12.5,81,0.92,13.6,0.355,0.0
2000-03-13,13.3,76,1.07,13.8,0.345,0.0
2000-03-14,14.2,80,0.92,14.6,0.336,0.0
2000-03-15,14.6,75,1.18,14.9,0.327,0.0
2000-03-16,14.9,68,1.2,14.8,0.318,0.0
2000-03-17,13.3,62,1.16,14.9,0.307,0.0
2000-03-18,14.9,64,1.28,14.7,0.298,0.0
2000-03-19,15.3,70,1.07,15.1,0.29,0.0
2000-03-20,12.3,49,1.24,14.0,0.28,0.0
2000-03-21,12.0,59,1.28,13.4,0.271,0.0
2000-03-22,13.9,65,1.73,14.3,0.264,0.0
2000-03-23,15.4,63,1.6,15.9,0.255,0.0
2000-03-24,14.5,74,1.07,15.5,0.249,0.0
2000-03-25,14.4,74,1.13,15.9,0.245,0.0
2000-03-26,14.9,72,1.29,16.4,0.238,0.0
2000-03-27,14.0,69,1.11,15.8,0.231,0.0
2000-03-28,12.5,66,1.1,14.9,0.225,0.0
2000-03-29,13.2,67,1.22,15.2,0.219,0.0
2000-03-30,15.4,63,1.57,16.3,0.212,0.0
2000-03-31,16.3,46,2.27,16.1,0.204,0.0
2000-04-01,16.3,55,2.18,16.8,0.197,0.0
2000-04-02,18.1,56,2.41,18.1,0.19,0.0
2000-04-03,19.9,58,2.76,19.7,0.183,0.0
2000-04-04,20.5,54,2.44,20.4,0.177,0.0
2000-04-05,18.5,56,2.23,20.1,0.171,0.0
2000-04-06,18.4,55,2.3,19.9,0.166,0.0
2000-04-07,18.2,51,2.49,19.4,0.161,0.0
2000-04-08,18.4,51,2.28,19.5,0.157,0.0
2000-04-09,16.2,56,1.8,18.9,0.153,0.0
2000-04-10,17.1,56,1.91,19.4,0.15,0.0
2000-04-11,19.9,58,2.6,20.8,0.147,0.0
2000-04-12,21.8,50,3.29,22.0,0.144,0.0
2000-04-13,18.5,58,1.81,20.9,0.159,4.1
2000-04-14,14.6,73,1.16,18.4,0.196,2.1
2000-04-15,15.1,64,1.31,17.1,0.199,0.0
2000-04-16,15.3,56,1.2,16.8,0.19,0.0
2000-04-17,11.4,83,0.47,13.7,0.324,29.7
2000-04-18,12.2,68,1.1,14.6,0.343,0.1
2000-04-19,14.2,60,1.35,15.7,0.307,0.0
2000-04-20,16.0,64,1.59,17.1,0.281,0.0
2000-04-21,17.4,62,1.71,18.4,0.259,0.0
2000-04-22,15.4,65,1.32,17.6,0.242,0.0
2000-04-23,14.7,53,1.66,17.1,0.227,0.0
2000-04-24,16.1,53,2.03,18.0,0.212,0.0
2000-04-25,17.8,52,2.34,18.9,0.199,0.0
2000-04-26,19.7,60,2.55,20.8,0.187,0.0
2000-04-27,19.8,53,2.8,21.0,0.177,0.0
2000-04-28,13.9,42,1.54,17.6,0.169,0.0
2000-04-29,15.6,46,1.99,18.4,0.164,0.0
2000-04-30,19.7,48,2.56,20.5,0.158,0.0
2000-05-01,21.2,47,3.04,22.4,0.152,0.0
2000-05-02,20.8,54,2.48,22.9,0.146,0.0
2000-05-03,20.8,48,3.09,22.9,0.142,0.0
2000-05-04,20.9,49,2.7,23.4,0.139,0.0
2000-05-05,19.2,40,2.42,22.3,0.136,0.0
2000-05-06,18.2,41,2.44,21.8,0.135,0.0
2000-05-07,16.9,65,1.36,20.4,0.134,0.3
2000-05-08,19.6,64,1.78,21.7,0.136,0.0
2000-05-09,18.8,58,2.4,21.9,0.135,0.0
2000-05-10,15.4,48,1.8,19.7,0.133,0.0
2000-05-11,14.7,37,2.01,18.6,0.133,0.0
2000-05-12,17.1,40,2.41,20.1,0.131,0.0
2000-05-13,19.6,42,3.1,22.4,0.13,0.0
2000-05-14,18.3,47,2.39,21.6,0.129,0.0
2000-05-15,17.9,59,1.86,21.2,0.141,7.2
2000-05-16,14.2,70,1.24,18.2,0.287,8.4
2000-05-17,16.4,61,1.67,18.4,0.264,0.0
2000-05-18,20.1,58,2.17,21.1,0.234,0.0
2000-05-19,23.0,56,2.93,23.5,0.207,0.0
2000-05-20,25.3,54,3.31,25.6,0.185,0.0
2000-05-21,27.4,51,4.32,27.7,0.168,0.0
2000-05-22,29.0,46,5.0,29.1,0.153,0.0
2000-05-23,28.9,45,4.64,29.5,0.143,0.0
2000-05-24,27.8,46,3.68,29.8,0.136,0.0
2000-05-25,23.4,37,2.93,27.7,0.133,0.0
2000-05-26,23.7,41,3.4,27.2,0.13,0.0
2000-05-27,24.9,44,3.93,28.2,0.129,0.0
2000-05-28,26.7,38,4.56,29.3,0.128,0.0
2000-05-29,25.4,27,4.28,28.7,0.127,0.0
2000-05-30,22.7,30,3.61,27.0,0.126,0.0
2000-05-31,22.4,31,3.58,26.5,0.126,0.0
2000-06-01,24.0,27,4.03,27.4,0.125,0.0
2000-06-02,25.0,35,4.39,28.1,0.125,0.0
2000-06-03,25.7,34,4.3,29.4,0.125,0.0
2000-06-04,26.7,35,4.49,30.3,0.124,0.0
2000-06-05,22.2,35,3.32,27.6,0.124,0.0
2000-06-06,23.4,39,3.55,27.8,0.124,0.0
2000-06-07,22.8,41,3.2,27.9,0.124,0.0
2000-06-08,17.7,63,1.6,22.7,0.174,7.2
2000-06-09,18.6,53,2.15,22.9,0.183,0.0
2000-06-10,19.5,50,2.57,23.6,0.166,0.0
2000-06-11,21.4,40,3.17,24.9,0.153,0.0
2000-06-12,24.7,43,3.55,27.3,0.143,0.0
2000-06-13,26.9,50,3.7,30.0,0.136,0.0
2000-06-14,30.4,48,5.41,32.6,0.131,0.0
2000-06-15,32.1,39,6.23,33.9,0.128,0.0
2000-06-16,30.4,37,5.11,33.8,0.127,0.0
2000-06-17,29.2,41,4.37,33.4,0.126,0.0
2000-06-18,27.2,42,3.59,32.3,0.125,0.0
2000-06-19,26.5,47,3.33,31.8,0.125,0.0
2000-06-20,28.7,45,4.0,33.0,0.124,0.0
2000-06-21,30.3,35,5.26,34.0,0.124,0.0
2000-06-22,30.1,31,5.45,34.3,0.124,0.0
2000-06-23,28.6,36,4.73,33.6,0.124,0.0
2000-06-24,27.8,41,4.01,32.9,0.124,0.0
2000-06-25,28.1,41,4.44,33.0,0.124,0.0
2000-06-26,29.2,38,4.55,33.7,0.124,0.0
2000-06-27,30.2,34,5.22,34.4,0.124,0.0
2000-06-28,30.6,29,5.53,34.9,0.124,0.0
2000-06-29,30.3,30,5.2,34.9,0.124,0.0
2000-06-30,28.4,33,4.8,33.7,0.124,0.0
2000-07-01,25.9,36,3.98,31.7,0.124,0.0
2000-07-02,24.8,38,3.58,31.0,0.124,0.0
2000-07-03,21.7,43,3.05,29.0,0.124,0.0
2000-07-04,22.1,44,3.11,28.5,0.124,0.0
2000-07-05,22.3,46,2.77,28.1,0.124,0.0
2000-07-06,22.5,47,2.9,28.4,0.124,0.0
2000-07-07,22.8,46,2.88,28.6,0.124,0.0
2000-07-08,23.2,45,2.99,28.8,0.124,0.0
2000-07-09,25.6,40,3.73,30.3,0.124,0.0
2000-07-10,26.5,36,4.1,31.3,0.124,0.0
2000-07-11,27.2,36,4.41,31.9,0.124,0.0
2000-07-12,27.1,40,3.87,32.3,0.124,0.0
2000-07-13,26.3,46,3.61,31.9,0.124,0.0
2000-07-14,27.5,39,4.42,32.2,0.124,0.0
2000-07-15,28.5,35,4.61,33.0,0.124,0.0
2000-07-16,26.6,35,3.9,32.2,0.124,0.0
2000-07-17,24.3,43,3.48,30.3,0.124,0.0
2000-07-18,25.8,41,4.17,30.6,0.124,0.0
2000-07-19,27.1,37,4.75,31.5,0.124,0.0
2000-07-20,26.8,38,4.57,31.6,0.124,0.0
2000-07-21,27.4,40,4.7,32.0,0.124,0.0
2000-07-22,27.1,36,4.51,31.7,0.124,0.0
2000-07-23,28.7,34,5.25,32.7,0.124,0.0
2000-07-24,29.5,29,5.58,33.6,0.124,0.0
2000-07-25,28.8,31,5.2,33.3,0.124,0.0
2000-07-26,27.1,34,4.57,32.1,0.124,0.0
2000-07-27,25.3,33,4.22,30.9,0.124,0.0
2000-07-28,27.9,36,4.79,32.2,0.124,0.0
2000-07-29,29.6,34,5.43,33.5,0.124,0.0
2000-07-30,31.0,30,5.64,34.8,0.124,0.0
2000-07-31,31.0,32,5.88,34.9,0.124,0.0
2000-08-01,33.0,33,5.87,35.9,0.124,0.0
2000-08-02,33.2,35,5.78,36.6,0.124,0.0
2000-08-03,31.9,39,5.09,36.4,0.124,0.2
2000-08-04,30.8,42,4.52,35.5,0.125,0.0
2000-08-05,30.4,38,5.18,35.1,0.124,0.0
2000-08-06,29.7,33,5.1,34.3,0.124,0.0
2000-08-07,27.8,40,4.06,33.4,0.124,0.0
2000-08-08,27.5,42,4.11,33.1,0.124,0.0
2000-08-09,27.4,44,4.07,32.8,0.124,0.0
2000-08-10,26.0,43,4.06,31.6,0.124,0.0
2000-08-11,26.4,39,4.51,31.5,0.124,0.0
2000-08-12,28.4,33,5.21,32.6,0.124,0.0
2000-08-13,28.7,27,5.55,32.7,0.124,0.0
2000-08-14,28.1,31,5.22,32.6,0.124,0.0
2000-08-15,28.9,30,5.57,33.0,0.124,0.0
2000-08-16,29.2,29,5.64,33.4,0.124,0.0
2000-08-17,29.3,30,5.4,33.6,0.124,0.0
2000-08-18,27.5,30,4.92,32.4,0.124,0.0
2000-08-19,25.3,34,4.04,30.7,0.124,0.0
2000-08-20,23.9,35,3.8,29.6,0.124,0.0
2000-08-21,25.2,38,3.97,30.2,0.124,0.0
2000-08-22,26.3,41,3.98,30.8,0.124,0.0
2000-08-23,26.2,47,3.77,31.1,0.124,0.0
2000-08-24,26.7,44,4.13,31.4,0.124,0.0
2000-08-25,28.3,35,4.35,32.6,0.124,0.0
2000-08-26,28.9,37,4.52,33.1,0.124,0.0
2000-08-27,28.9,38,4.4,33.4,0.124,0.0
2000-08-28,28.4,38,4.0,33.1,0.124,0.0
2000-08-29,25.2,42,2.54,29.5,0.124,0.0
2000-08-30,24.1,48,2.75,29.2,0.124,0.0
2000-08-31,22.4,54,2.25,28.0,0.124,0.0
2000-09-01,20.2,64,1.61,25.3,0.161,3.8
2000-09-02,20.4,60,1.74,24.7,0.16,0.0
2000-09-03,20.5,46,2.18,24.8,0.152,0.0
2000-09-04,19.9,41,2.55,24.3,0.144,0.0
2000-09-05,20.2,39,3.01,24.3,0.138,0.0
2000-09-06,21.5,36,3.14,25.5,0.134,0.0
2000-09-07,24.2,37,4.25,27.3,0.131,0.0
2000-09-08,25.9,35,4.45,28.9,0.129,0.0
2000-09-09,25.0,36,4.02,29.0,0.127,0.0
2000-09-10,24.9,39,3.78,29.0,0.126,0.0
2000-09-11,25.5,41,4.27,29.0,0.126,0.0
2000-09-12,25.6,42,3.92,28.0,0.125,0.0
2000-09-13,27.9,39,4.62,30.1,0.125,0.0
2000-09-14,26.2,50,3.14,29.9,0.125,0.0
2000-09-15,24.4,51,2.99,28.8,0.124,0.0
2000-09-16,24.3,47,3.49,28.4,0.124,0.0
2000-09-17,26.2,44,4.15,29.6,0.124,0.0
2000-09-18,27.5,43,4.68,30.3,0.124,0.0
2000-09-19,27.5,43,4.43,30.6,0.124,0.0
2000-09-20,28.5,46,4.63,31.4,0.124,0.0
2000-09-21,25.0,51,2.91,29.7,0.124,0.0
2000-09-22,20.4,54,1.74,25.3,0.124,0.0
2000-09-23,21.0,54,2.3,25.7,0.124,0.0
2000-09-24,22.5,47,2.91,26.0,0.124,0.0
2000-09-25,23.7,43,3.78,26.9,0.124,0.0
2000-09-26,24.4,39,3.79,27.0,0.124,0.0
2000-09-27,23.5,49,3.12,27.2,0.124,0.0
2000-09-28,20.7,55,2.21,25.5,0.124,0.0
2000-09-29,20.6,54,2.3,25.3,0.124,0.0
2000-09-30,23.3,56,3.07,26.6,0.124,0.0
2000-10-01,25.1,53,3.42,27.4,0.124,0.0
2000-10-02,24.8,51,3.27,27.8,0.124,0.0
2000-10-03,23.0,45,2.87,27.2,0.124,0.0
2000-10-04,21.4,46,2.65,25.8,0.124,0.0
2000-10-05,21.5,50,2.7,25.4,0.124,0.0
2000-10-06,22.7,51,2.91,25.9,0.124,0.0
2000-10-07,21.3,54,2.36,25.6,0.124,0.0
2000-10-08,20.9,59,2.16,25.1,0.124,0.0
2000-10-09,19.9,62,2.17,23.6,0.134,7.8
2000-10-10,13.2,87,0.35,18.2,0.297,14.6
2000-10-11,13.8,77,1.05,17.5,0.329,1.8
2000-10-12,14.2,74,1.04,17.3,0.312,1.3
2000-10-13,14.9,69,1.31,17.6,0.28,0.0
2000-10-14,16.6,68,1.35,18.3,0.255,0.0
2000-10-15,17.7,66,1.76,18.9,0.236,0.0
2000-10-16,18.0,66,1.71,19.3,0.219,0.0
2000-10-17,19.0,67,1.83,20.0,0.206,0.0
2000-10-18,19.1,60,2.07,20.7,0.194,0.0
2000-10-19,18.1,62,1.84,20.1,0.183,0.0
2000-10-20,18.8,63,1.88,19.8,0.175,0.0
2000-10-21,16.5,62,1.5,19.0,0.169,0.0
2000-10-22,15.3,41,1.92,17.1,0.163,0.0
2000-10-23,15.5,49,2.05,17.1,0.158,0.0
2000-10-24,16.3,55,2.08,18.0,0.153,0.0
2000-10-25,15.9,60,1.44,17.9,0.151,0.2
2000-10-26,13.3,83,0.58,15.3,0.197,9.8
2000-10-27,13.5,79,0.97,15.5,0.313,5.3
2000-10-28,14.7,71,1.28,15.6,0.286,4.2
2000-10-29,13.0,82,0.66,15.4,0.391,24.8
2000-10-30,11.4,75,0.86,13.7,0.345,0.0
2000-10-31,10.8,78,0.86,13.3,0.318,0.0
2000-11-01,11.2,75,0.95,13.1,0.301,0.0
2000-11-02,12.4,76,0.86,13.6,0.288,0.0
2000-11-03,13.7,73,1.15,14.0,0.278,0.0
2000-11-04,13.3,74,1.15,14.5,0.268,0.0
2000-11-05,12.7,79,0.82,14.0,0.259,0.0
2000-11-06,12.5,76,1.05,13.6,0.252,0.0
2000-11-07,12.0,69,0.92,13.1,0.245,0.0
2000-11-08,12.1,68,1.18,13.2,0.239,0.0
2000-11-09,10.8,63,1.0,12.9,0.233,0.0
2000-11-10,8.3,69,0.72,11.2,0.234,1.0
2000-11-11,7.7,67,0.83,9.8,0.237,0.4
2000-11-12,7.4,63,0.86,9.2,0.234,0.0
2000-11-13,7.6,62,0.97,8.9,0.228,0.0
2000-11-14,7.8,68,0.88,9.7,0.222,0.0
2000-11-15,7.4,68,0.82,8.6,0.218,0.0
2000-11-16,7.0,69,0.87,8.7,0.214,0.0
2000-11-17,7.5,68,0.98,8.8,0.209,0.0
2000-11-18,7.8,68,1.06,9.0,0.206,0.0
2000-11-19,8.6,69,1.05,9.4,0.202,0.0
2000-11-20,9.7,72,1.12,9.9,0.199,0.0
2000-11-21,9.8,72,1.01,10.5,0.195,0.0
2000-11-22,9.1,79,0.78,10.6,0.193,0.0
2000-11-23,8.6,81,0.66,9.8,0.19,0.0
2000-11-24,8.6,84,0.59,10.1,0.188,0.0
2000-11-25,9.6,81,0.82,10.3,0.187,0.0
2000-11-26,9.3,82,0.74,10.5,0.184,0.0
2000-11-27,9.7,80,0.81,10.6,0.183,0.0
2000-11-28,9.6,82,0.77,10.8,0.181,0.0
2000-11-29,10.9,78,0.88,11.2,0.179,0.0
2000-11-30,9.5,78,0.79,11.1,0.178,0.0
2000-12-01,8.6,83,0.56,10.1,0.177,0.0
2000-12-02,8.9,81,0.8,10.3,0.175,0.0
2000-12-03,10.0,78,1.12,10.3,0.173,0.0
2000-12-04,10.0,78,1.06,10.9,0.172,0.0
2000-12-05,10.3,78,1.01,11.3,0.17,0.0
2000-12-06,9.6,78,0.86,10.4,0.169,0.0
2000-12-07,11.5,74,1.09,11.9,0.172,1.0
2000-12-08,11.7,74,1.01,12.0,0.173,0.2
2000-12-09,10.4,80,0.92,11.7,0.172,0.0
2000-12-10,11.5,79,0.86,12.4,0.17,0.0
2000-12-11,8.7,86,0.52,10.5,0.169,0.1
2000-12-12,8.9,73,0.84,10.3,0.184,1.0
2000-12-13,8.0,67,0.92,9.3,0.183,0.0
2000-12-14,10.2,66,0.87,10.8,0.18,0.2
2000-12-15,12.4,74,0.82,12.6,0.178,0.0
2000-12-16,9.7,83,0.7,11.3,0.176,0.0
2000-12-17,10.0,73,0.93,10.4,0.174,0.0
2000-12-18,9.5,70,1.01,10.1,0.171,0.0
2000-12-19,9.1,74,1.1,10.1,0.169,0.0
2000-12-20,9.8,68,1.11,9.7,0.167,0.0
2000-12-21,9.3,68,1.31,10.0,0.165,0.0
2000-12-22,9.5,78,0.82,10.5,0.163,0.0
2000-12-23,8.2,84,0.62,9.7,0.162,0.0
2000-12-24,8.0,80,0.7,9.3,0.16,0.0
2000-12-25,7.7,76,0.82,8.9,0.159,0.0
2000-12-26,8.9,73,1.01,8.9,0.158,0.0
2000-12-27,7.5,74,1.02,8.4,0.157,0.0
2000-12-28,7.5,72,0.99,8.2,0.155,0.0
2000-12-29,8.6,69,1.21,8.8,0.154,0.0
2000-12-30,8.5,70,1.05,8.9,0.153,0.0
2000-12-31,7.7,73,1.03,8.7,0.152,0.0
2001-01-01,8.4,71,1.2,9.1,0.15,0.0
2001-01-02,9.2,66,1.32,9.3,0.149,0.0
2001-01-03,8.5,69,1.34,9.4,0.148,0.0
2001-01-04,8.7,70,1.35,9.4,0.147,0.0
2001-01-05,9.1,69,1.36,9.6,0.145,0.0
2001-01-06,9.7,67,1.41,9.9,0.144,0.0
2001-01-07,10.8,63,1.62,10.8,0.143,0.0
2001-01-08,10.2,74,0.69,10.6,0.179,5.8
2001-01-09,8.1,85,0.49,9.6,0.22,0.0
2001-01-10,7.9,85,0.45,8.1,0.264,21.7
2001-01-11,8.9,80,0.53,9.2,0.354,7.8
2001-01-12,8.7,71,0.78,9.3,0.344,2.6
2001-01-13,8.4,75,0.76,8.4,0.319,0.0
2001-01-14,7.2,80,0.61,8.0,0.302,0.0
2001-01-15,5.5,75,0.63,7.3,0.291,0.0
2001-01-16,4.4,70,0.61,5.5,0.282,0.0
2001-01-17,3.8,65,0.72,4.8,0.274,0.0
2001-01-18,4.7,68,0.75,5.1,0.267,0.0
2001-01-19,7.3,70,0.74,6.8,0.261,0.1
2001-01-20,7.3,78,0.94,7.2,0.256,0.0
2001-01-21,8.8,77,1.07,8.3,0.25,0.0
2001-01-22,9.9,78,0.99,9.9,0.246,0.0
2001-01-23,10.6,72,1.06,10.2,0.24,1.0
2001-01-24,8.0,91,0.21,9.3,0.379,23.7
2001-01-25,6.4,82,0.7,7.7,0.36,6.5
2001-01-26,6.9,83,0.44,8.1,0.378,6.4
2001-01-27,5.4,80,0.56,7.1,0.354,0.0
2001-01-28,6.3,78,0.69,7.3,0.339,0.0
2001-01-29,7.1,76,0.71,7.5,0.327,0.0
2001-01-30,6.7,78,0.55,7.8,0.318,0.0
2001-01-31,7.1,73,0.75,8.1,0.31,0.0
2001-02-01,7.5,71,0.97,7.9,0.302,0.0
2001-02-02,9.1,72,0.93,8.7,0.294,0.0
2001-02-03,10.8,73,0.88,9.9,0.286,0.0
2001-02-04,13.1,76,1.05,11.4,0.279,0.0
2001-02-05,12.4,82,1.04,12.3,0.272,0.0
2001-02-06,9.7,70,1.05,10.5,0.265,0.0
2001-02-07,6.8,57,0.8,8.8,0.257,0.0
2001-02-08,5.5,60,0.82,6.9,0.251,0.0
2001-02-09,6.8,73,0.53,7.0,0.285,12.8
2001-02-10,6.6,86,0.38,7.7,0.364,3.9
2001-02-11,6.1,90,0.17,6.9,0.399,21.0
2001-02-12,6.3,84,0.49,7.4,0.386,2.0
2001-02-13,6.9,79,0.58,8.1,0.372,2.0
2001-02-14,7.4,75,0.82,8.4,0.363,0.0
2001-02-15,8.0,72,0.79,9.0,0.345,0.0
2001-02-16,9.4,70,1.02,9.9,0.331,0.0
2001-02-17,9.7,75,0.76,9.4,0.321,0.0
2001-02-18,11.2,74,0.8,10.8,0.318,1.2
2001-02-19,9.7,83,0.45,9.8,0.351,7.5
2001-02-20,9.9,83,0.6,10.1,0.361,0.0
2001-02-21,9.7,81,0.73,9.9,0.365,3.4
2001-02-22,8.5,82,0.65,9.4,0.364,3.8
2001-02-23,7.1,76,0.69,8.3,0.387,5.2
2001-02-24,6.4,86,0.21,6.9,0.4,13.9
2001-02-25,9.2,81,0.75,9.1,0.384,0.1
2001-02-26,10.3,81,0.74,10.8,0.386,2.7
2001-02-27,11.0,79,0.92,11.0,0.366,0.6
2001-02-28,9.5,84,0.55,10.7,0.374,4.0
2001-03-01,9.1,80,0.82,10.7,0.369,0.0
2001-03-02,9.3,81,0.39,9.9,0.362,3.1
2001-03-03,9.3,76,0.88,9.9,0.354,0.0
2001-03-04,11.3,81,0.62,10.7,0.382,15.9
2001-03-05,11.7,88,0.4,11.5,0.426,31.2
2001-03-06,11.6,88,0.45,11.9,0.412,3.1
2001-03-07,13.0,77,1.05,12.6,0.393,0.0
2001-03-08,12.7,80,0.86,13.1,0.372,0.0
2001-03-09,10.3,71,0.81,12.1,0.36,0.6
2001-03-10,9.8,72,0.82,11.2,0.349,0.0
2001-03-11,10.8,73,0.89,11.5,0.337,0.0
2001-03-12,11.2,74,1.14,12.0,0.326,0.0
2001-03-13,12.4,74,1.05,12.9,0.315,0.0
2001-03-14,13.6,74,1.08,13.7,0.304,0.0
2001-03-15,13.5,72,1.01,13.7,0.295,0.0
2001-03-16,12.4,69,1.04,13.7,0.285,0.0
2001-03-17,13.1,67,1.08,13.8,0.275,0.0
2001-03-18,15.2,76,1.28,15.5,0.266,0.0
2001-03-19,18.1,76,1.65,17.2,0.256,0.0
2001-03-20,19.3,75,1.72,18.4,0.247,0.0
2001-03-21,19.3,69,1.62,18.8,0.239,0.0
2001-03-22,17.2,77,1.18,18.0,0.247,1.4
2001-03-23,16.6,74,1.31,17.9,0.242,0.0
2001-03-24,17.1,72,1.5,18.0,0.231,0.0
2001-03-25,17.0,65,1.33,17.9,0.226,0.4
2001-03-26,15.3,54,1.62,17.1,0.215,0.0
2001-03-27,15.6,57,1.72,17.1,0.204,0.0
2001-03-28,17.8,60,1.83,18.3,0.195,0.0
2001-03-29,17.7,61,1.82,18.9,0.186,0.0
2001-03-30,19.0,54,2.07,19.2,0.179,0.0
2001-03-31,19.7,52,2.46,19.5,0.172,0.0
2001-04-01,18.1,55,2.24,19.3,0.166,0.0
2001-04-02,12.7,43,1.46,16.4,0.161,0.0
2001-04-03,10.7,41,1.34,14.7,0.157,0.0
2001-04-04,11.2,41,1.48,14.5,0.153,0.0
2001-04-05,12.0,48,1.49,14.6,0.153,0.3
2001-04-06,10.8,65,1.13,13.2,0.159,5.3
2001-04-07,9.3,82,0.43,12.5,0.341,27.6
2001-04-08,8.9,64,1.2,12.0,0.342,0.6
2001-04-09,9.2,71,0.82,12.2,0.33,2.3
2001-04-10,10.0,66,1.25,12.6,0.304,0.0
2001-04-11,10.6,74,0.75,12.2,0.287,2.0
2001-04-12,12.2,68,1.21,14.1,0.286,0.0
2001-04-13,12.7,57,1.32,13.6,0.266,0.0
2001-04-14,12.6,53,1.54,14.7,0.247,0.0
2001-04-15,14.6,58,1.81,16.0,0.229,0.0
2001-04-16,17.1,55,2.13,17.6,0.214,0.0
2001-04-17,17.3,50,2.09,18.3,0.199,0.0
2001-04-18,17.6,53,2.45,19.1,0.188,0.3
2001-04-19,12.7,76,0.55,15.3,0.216,10.0
2001-04-20,10.6,78,0.93,13.0,0.318,13.6
2001-04-21,9.4,72,1.03,12.0,0.356,0.9
2001-04-22,12.8,66,1.32,14.4,0.31,0.0
2001-04-23,16.7,64,1.75,16.8,0.28,0.0
2001-04-24,19.5,63,2.32,19.4,0.256,0.0
2001-04-25,22.2,61,2.77,21.5,0.234,0.0
2001-04-26,22.2,57,2.86,22.1,0.215,0.0
2001-04-27,20.3,48,2.69,21.7,0.197,0.0
2001-04-28,17.1,52,1.84,19.9,0.184,0.0
2001-04-29,17.2,44,2.29,19.6,0.174,0.0
2001-04-30,20.7,45,2.83,21.5,0.165,0.0
2001-05-01,21.2,48,2.69,22.5,0.157,0.0
2001-05-02,19.5,25,2.73,21.6,0.15,0.0
2001-05-03,18.9,32,2.69,20.9,0.145,0.0
2001-05-04,19.7,41,3.13,21.9,0.14,0.0
2001-05-05,21.2,43,3.26,23.1,0.137,0.0
2001-05-06,23.2,40,3.76,24.3,0.134,0.0
2001-05-07,25.3,39,4.23,26.0,0.132,0.0
2001-05-08,27.3,44,4.83,27.7,0.131,0.0
2001-05-09,27.0,38,4.96,28.6,0.129,0.0
2001-05-10,26.0,39,4.38,28.6,0.128,0.0
2001-05-11,27.0,42,4.58,28.9,0.127,0.0
2001-05-12,24.0,45,3.1,26.7,0.127,0.0
2001-05-13,22.5,47,2.69,26.1,0.133,1.2
2001-05-14,22.3,37,3.27,26.1,0.132,0.0
2001-05-15,23.2,41,2.9,26.4,0.129,0.0
2001-05-16,23.7,52,2.94,27.2,0.128,0.0
2001-05-17,24.3,37,3.81,27.8,0.127,0.0
2001-05-18,25.0,39,3.96,28.1,0.126,0.0
2001-05-19,26.3,43,4.14,29.3,0.125,0.0
2001-05-20,27.5,40,4.85,30.0,0.125,0.0
2001-05-21,28.5,40,4.74,31.1,0.125,0.0
2001-05-22,29.0,41,5.07,31.9,0.124,0.0
2001-05-23,29.1,30,5.23,32.1,0.124,0.0
2001-05-24,28.8,26,5.51,32.0,0.124,0.0
2001-05-25,28.2,26,5.29,31.6,0.124,0.0
2001-05-26,27.4,27,4.77,31.3,0.124,0.0
2001-05-27,25.1,31,3.87,29.9,0.124,0.0
2001-05-28,21.9,32,3.21,27.5,0.124,0.0
2001-05-29,23.7,36,3.71,28.2,0.124,0.0
2001-05-30,28.1,33,5.05,31.0,0.124,0.0
2001-05-31,30.9,33,6.16,33.4,0.124,0.0
2001-06-01,29.8,31,5.63,33.7,0.124,0.0
2001-06-02,24.6,30,4.1,30.5,0.124,0.0
2001-06-03,21.6,34,3.16,27.5,0.124,0.0
2001-06-04,22.9,28,3.67,28.2,0.124,0.0
2001-06-05,23.8,30,3.68,28.0,0.124,0.0
2001-06-06,25.3,30,4.29,29.4,0.124,0.0
2001-06-07,27.6,34,4.97,31.0,0.124,0.0
2001-06-08,28.4,30,5.26,32.0,0.124,0.0
2001-06-09,26.0,32,4.27,31.1,0.124,0.0
2001-06-10,24.8,30,4.14,30.1,0.124,0.0
2001-06-11,23.4,38,3.43,28.8,0.124,0.0
2001-06-12,23.3,44,3.39,28.2,0.124,0.0
2001-06-13,24.2,29,4.16,28.7,0.124,0.0
2001-06-14,25.7,33,4.42,30.0,0.124,0.0
2001-06-15,27.4,35,4.95,31.2,0.124,0.0
2001-06-16,29.0,35,5.09,32.4,0.124,0.0
2001-06-17,29.7,30,5.42,33.1,0.124,0.0
2001-06-18,29.3,28,5.53,33.6,0.124,0.0
2001-06-19,29.5,30,5.55,33.9,0.124,0.0
2001-06-20,30.1,30,5.55,34.0,0.124,0.0
2001-06-21,31.4,30,6.16,34.9,0.124,0.0
2001-06-22,31.9,28,6.35,35.7,0.123,0.0
2001-06-23,30.3,25,5.58,35.3,0.123,0.0
2001-06-24,27.0,24,4.72,32.8,0.123,0.0
2001-06-25,24.5,30,3.78,30.7,0.124,0.0
2001-06-26,24.6,43,3.36,30.7,0.124,0.0
2001-06-27,26.2,40,4.03,31.9,0.124,0.0
2001-06-28,25.0,48,3.48,30.8,0.124,0.0
2001-06-29,26.8,35,4.48,31.5,0.124,0.0
2001-06-30,29.0,31,5.37,33.2,0.124,0.0
2001-07-01,30.4,29,5.7,34.5,0.124,0.0
2001-07-02,31.8,28,6.31,35.7,0.124,0.0
2001-07-03,34.1,31,6.88,37.2,0.124,0.0
2001-07-04,33.6,33,5.35,36.6,0.123,0.0
2001-07-05,32.0,44,5.18,36.4,0.129,1.8
2001-07-06,28.1,52,2.93,31.9,0.14,1.1
2001-07-07,29.1,55,3.91,32.5,0.155,2.9
2001-07-08,29.8,44,4.79,33.6,0.146,0.0
2001-07-09,29.8,36,4.75,34.1,0.136,0.0
2001-07-10,28.7,35,4.39,34.1,0.13,0.0
2001-07-11,27.0,38,3.63,33.1,0.127,0.0
2001-07-12,25.8,39,3.79,31.9,0.126,0.0
2001-07-13,27.6,33,4.81,32.5,0.125,0.0
2001-07-14,27.5,30,4.67,32.7,0.125,0.0
2001-07-15,25.5,38,3.92,31.8,0.124,0.0
2001-07-16,23.7,42,3.14,30.8,0.124,0.0
2001-07-17,23.6,43,3.28,30.3,0.124,0.0
2001-07-18,26.1,35,4.06,31.5,0.124,0.0
2001-07-19,26.4,37,4.07,31.9,0.124,0.0
2001-07-20,25.0,41,3.73,31.2,0.124,0.0
2001-07-21,24.5,39,3.67,30.5,0.124,0.0
2001-07-22,26.2,35,4.31,31.2,0.124,0.0
2001-07-23,27.6,30,4.76,32.4,0.124,0.0
2001-07-24,28.9,32,4.5,33.2,0.124,0.0
2001-07-25,29.1,39,4.74,33.9,0.124,0.0
2001-07-26,30.0,35,5.23,34.6,0.124,0.0
2001-07-27,30.9,34,6.15,35.2,0.124,0.0
2001-07-28,30.6,31,5.57,35.5,0.123,0.0
2001-07-29,29.6,30,5.32,35.0,0.123,0.0
2001-07-30,24.9,43,3.05,31.4,0.123,0.0
2001-07-31,25.2,43,3.69,31.3,0.124,0.0
2001-08-01,28.3,37,4.42,33.2,0.124,0.0
2001-08-02,29.1,35,4.94,33.7,0.124,0.0
2001-08-03,28.2,33,4.45,33.6,0.123,0.0
2001-08-04,26.2,42,4.01,31.9,0.123,0.0
2001-08-05,26.9,41,4.42,32.1,0.124,0.0
2001-08-06,28.4,36,4.93,32.9,0.124,0.0
2001-08-07,30.4,33,5.54,34.6,0.124,0.0
2001-08-08,32.5,32,6.0,36.0,0.123,0.0
2001-08-09,30.9,38,4.98,35.5,0.123,0.0
2001-08-10,28.2,39,4.23,33.9,0.123,0.0
2001-08-11,27.3,37,4.52,32.9,0.123,0.0
2001-08-12,27.7,37,4.7,32.8,0.123,0.0
2001-08-13,26.1,37,4.06,31.7,0.123,0.0
2001-08-14,27.0,37,4.66,32.0,0.123,0.0
2001-08-15,27.9,35,4.8,32.3,0.123,0.0
2001-08-16,29.1,35,5.46,33.4,0.123,0.0
2001-08-17,30.6,33,5.75,34.6,0.123,0.0
2001-08-18,30.7,34,5.52,34.8,0.123,0.0
2001-08-19,30.5,30,5.57,35.1,0.123,0.0
2001-08-20,27.4,33,4.32,33.3,0.123,0.0
2001-08-21,23.9,37,3.55,30.4,0.123,0.0
2001-08-22,23.3,48,3.04,29.0,0.123,0.0
2001-08-23,23.5,51,3.33,28.8,0.123,0.0
2001-08-24,25.2,49,3.75,29.9,0.123,0.0
2001-08-25,27.0,39,4.47,31.2,0.123,0.0
2001-08-26,29.5,35,5.45,32.9,0.123,0.0
2001-08-27,29.8,31,5.66,33.5,0.123,0.0
2001-08-28,30.1,35,5.34,33.8,0.123,0.0
2001-08-29,28.3,38,4.39,33.0,0.123,0.0
2001-08-30,25.1,45,3.34,31.1,0.123,0.0
2001-08-31,25.4,47,3.43,31.0,0.123,0.0
2001-09-01,27.3,43,4.07,31.8,0.123,0.0
2001-09-02,28.7,39,4.83,32.7,0.123,0.0
2001-09-03,29.0,37,4.54,33.0,0.123,0.0
2001-09-04,29.5,35,5.01,33.5,0.123,0.0
2001-09-05,27.9,31,4.64,32.5,0.123,0.0
2001-09-06,25.0,33,3.82,30.1,0.123,0.0
2001-09-07,26.6,27,4.35,30.2,0.123,0.0
2001-09-08,26.0,33,4.1,30.0,0.123,0.0
2001-09-09,24.6,44,3.31,29.7,0.123,0.0
2001-09-10,24.2,49,2.94,29.4,0.123,0.0
2001-09-11,23.8,51,2.63,28.7,0.124,0.0
2001-09-12,23.8,48,2.79,28.8,0.124,0.0
2001-09-13,23.8,48,3.18,28.6,0.124,0.0
2001-09-14,25.3,43,4.14,29.3,0.124,0.0
2001-09-15,25.9,39,4.22,29.7,0.124,0.0
2001-09-16,25.2,41,3.62,29.4,0.124,0.0
2001-09-17,23.7,47,3.3,28.5,0.124,0.0
2001-09-18,24.8,46,3.53,28.9,0.124,0.0
2001-09-19,25.6,43,3.9,29.6,0.124,0.0
2001-09-20,25.7,39,4.3,29.4,0.124,0.0
2001-09-21,24.7,39,3.83,29.0,0.124,0.0
2001-09-22,25.4,39,3.86,28.7,0.124,0.0
2001-09-23,25.6,39,3.98,28.7,0.124,0.0
2001-09-24,24.9,45,3.72,28.7,0.124,0.0
2001-09-25,22.2,52,2.43,27.2,0.125,0.0
2001-09-26,22.0,51,2.82,26.4,0.125,0.0
2001-09-27,23.1,49,3.12,26.7,0.124,0.0
2001-09-28,21.0,35,3.08,25.3,0.124,0.0
2001-09-29,21.3,44,2.84,25.6,0.124,0.0
2001-09-30,25.0,44,4.02,27.2,0.124,0.0
2001-10-01,27.6,38,4.96,28.8,0.124,0.0
2001-10-02,26.2,43,3.9,29.0,0.124,0.0
2001-10-03,27.0,41,4.2,29.0,0.124,0.0
2001-10-04,24.7,45,3.33,28.0,0.124,0.0
2001-10-05,21.0,48,2.41,26.0,0.124,0.0
2001-10-06,19.1,58,1.78,24.4,0.124,0.0
2001-10-07,20.0,55,2.14,24.3,0.124,0.0
2001-10-08,20.7,52,2.36,24.5,0.124,0.0
2001-10-09,19.8,47,2.48,23.7,0.124,0.0
2001-10-10,20.1,38,2.79,23.2,0.124,0.0
2001-10-11,21.2,41,3.07,23.3,0.124,0.0
2001-10-12,20.2,49,2.49,23.5,0.124,0.0
2001-10-13,20.4,47,2.97,23.4,0.124,0.0
2001-10-14,21.9,46,3.2,23.9,0.124,0.0
2001-10-15,23.1,46,3.57,24.8,0.124,0.0
2001-10-16,23.6,42,3.26,25.3,0.124,0.0
2001-10-17,21.5,51,2.4,24.9,0.124,0.0
2001-10-18,20.3,55,2.47,23.9,0.124,0.0
2001-10-19,20.3,56,2.34,22.6,0.124,0.0
2001-10-20,20.2,56,2.54,22.4,0.124,0.0
2001-10-21,20.1,50,2.32,22.9,0.124,0.0
2001-10-22,17.7,54,2.02,21.5,0.124,0.0
2001-10-23,18.4,59,1.82,21.1,0.124,0.0
2001-10-24,17.0,47,1.8,20.5,0.124,0.0
2001-10-25,18.9,46,2.36,20.8,0.124,0.0
2001-10-26,19.8,54,2.56,21.3,0.124,0.0
2001-10-27,19.3,57,2.14,21.7,0.124,0.0
2001-10-28,17.4,68,1.46,21.0,0.124,0.0
2001-10-29,17.8,66,1.37,20.4,0.124,0.0
2001-10-30,16.5,83,0.63,18.3,0.186,11.7
2001-10-31,15.1,77,1.25,17.6,0.247,0.0
2001-11-01,15.0,72,1.16,16.9,0.23,0.0
2001-11-02,15.1,71,1.35,17.1,0.216,0.0
2001-11-03,16.1,71,1.4,17.9,0.203,0.0
2001-11-04,17.0,70,1.56,18.2,0.193,0.0
2001-11-05,17.3,71,1.52,18.5,0.185,0.0
2001-11-06,17.4,69,1.56,18.6,0.177,0.0
2001-11-07,15.1,69,1.27,17.9,0.17,0.0
2001-11-08,15.9,69,1.71,17.6,0.164,0.0
2001-11-09,16.6,65,2.18,17.9,0.16,0.0
2001-11-10,17.1,55,2.32,18.1,0.156,0.4
2001-11-11,16.7,80,0.98,17.9,0.214,5.8
2001-11-12,14.9,85,0.8,16.5,0.278,26.3
2001-11-13,12.9,74,0.95,15.4,0.339,0.0
2001-11-14,12.6,77,0.76,14.5,0.302,0.0
2001-11-15,13.2,85,0.75,14.7,0.283,0.0
2001-11-16,13.9,83,0.99,15.1,0.269,0.0
2001-11-17,13.8,83,0.95,15.3,0.258,0.0
2001-11-18,12.6,83,0.77,14.2,0.249,0.0
2001-11-19,12.9,82,1.02,14.3,0.241,0.0
2001-11-20,13.2,79,0.74,13.6,0.236,0.0
2001-11-21,13.2,80,0.93,14.0,0.232,0.1
2001-11-22,14.4,79,0.77,15.1,0.234,1.1
2001-11-23,11.8,73,0.88,13.8,0.232,0.0
2001-11-24,11.7,77,0.55,12.9,0.311,25.2
2001-11-25,8.0,77,0.68,10.8,0.351,1.5
2001-11-26,7.7,73,0.73,9.8,0.324,0.0
2001-11-27,6.7,71,0.73,8.8,0.308,0.0
2001-11-28,7.7,63,0.76,8.4,0.298,0.1
2001-11-29,9.3,83,0.51,10.0,0.362,11.8
2001-11-30,7.6,84,0.54,9.4,0.347,0.0
2001-12-01,9.2,82,0.41,9.7,0.343,6.3
2001-12-02,10.5,87,0.31,10.5,0.413,24.0
2001-12-03,8.7,81,0.67,10.2,0.398,2.0
2001-12-04,6.4,78,0.55,8.6,0.373,0.0
2001-12-05,7.0,75,0.61,8.2,0.359,0.0
2001-12-06,8.9,84,0.47,9.5,0.348,0.0
2001-12-07,10.7,91,0.38,11.5,0.341,0.0
2001-12-08,10.6,85,0.79,10.8,0.333,0.0
2001-12-09,8.4,77,0.53,9.8,0.327,0.1
2001-12-10,5.7,78,0.55,7.6,0.322,0.1
2001-12-11,6.0,79,0.56,7.1,0.316,0.0
2001-12-12,6.5,76,0.61,7.7,0.31,0.0
2001-12-13,6.5,78,0.59,7.6,0.304,0.0
2001-12-14,7.6,74,0.47,8.3,0.368,12.5
2001-12-15,5.3,59,0.59,6.9,0.357,0.0
2001-12-16,5.0,70,0.65,6.2,0.338,0.0
2001-12-17,6.5,80,0.47,6.8,0.332,1.2
2001-12-18,6.0,92,0.31,7.0,0.328,0.0
2001-12-19,8.1,83,0.58,8.7,0.321,0.0
2001-12-20,9.6,80,0.73,9.6,0.347,9.3
2001-12-21,8.2,83,0.51,9.1,0.364,0.3
2001-12-22,7.8,83,0.54,8.0,0.353,3.6
2001-12-23,9.3,83,0.62,9.7,0.363,0.5
2001-12-24,8.0,82,0.57,8.3,0.343,0.0
2001-12-25,7.6,84,0.61,8.1,0.332,0.0
2001-12-26,8.8,80,0.76,9.3,0.323,0.0
2001-12-27,9.4,81,0.73,9.6,0.316,0.0
2001-12-28,10.8,83,0.32,10.5,0.338,11.5
2001-12-29,11.4,93,0.14,11.0,0.428,29.1
2001-12-30,12.9,94,0.24,12.4,0.408,3.2
2001-12-31,12.7,89,0.64,13.1,0.403,2.2
2002-01-01,11.7,88,0.63,11.9,0.38,0.0
2002-01-02,12.3,91,0.4,12.0,0.393,13.9
2002-01-03,11.3,87,0.58,12.2,0.406,3.0
2002-01-04,8.4,86,0.53,9.8,0.382,0.0
2002-01-05,8.9,85,0.7,9.3,0.369,0.0
2002-01-06,10.5,83,0.7,10.5,0.359,0.0
2002-01-07,9.9,89,0.56,10.4,0.352,0.0
2002-01-08,9.9,87,0.48,10.6,0.345,0.0
2002-01-09,10.4,88,0.51,10.8,0.341,0.0
2002-01-10,9.1,90,0.47,9.9,0.336,0.0
2002-01-11,9.3,86,0.72,10.0,0.329,0.0
2002-01-12,9.2,85,0.63,9.5,0.323,0.0
2002-01-13,7.1,90,0.41,9.3,0.318,0.0
2002-01-14,6.6,83,0.53,8.0,0.314,0.0
2002-01-15,5.5,81,0.52,7.6,0.309,0.0
2002-01-16,6.4,74,0.58,7.5,0.304,0.0
2002-01-17,5.9,78,0.66,7.0,0.3,0.0
2002-01-18,5.3,76,0.59,6.9,0.295,0.0
2002-01-19,5.5,76,0.72,6.6,0.291,0.0
2002-01-20,5.7,74,0.63,6.7,0.287,0.0
2002-01-21,6.3,75,0.65,6.9,0.283,0.0
2002-01-22,6.5,63,0.74,7.9,0.279,0.0
2002-01-23,4.2,71,0.56,6.0,0.274,0.0
2002-01-24,4.9,73,0.73,5.9,0.271,0.0
2002-01-25,7.0,73,0.87,7.1,0.267,0.0
2002-01-26,7.6,81,0.55,7.8,0.266,1.5
2002-01-27,7.3,88,0.26,8.1,0.359,11.9
2002-01-28,4.0,88,0.3,6.2,0.365,3.6
2002-01-29,2.5,80,0.43,4.8,0.364,2.1
2002-01-30,2.4,75,0.49,4.0,0.342,0.0
2002-01-31,4.0,72,0.65,4.3,0.33,0.0
2002-02-01,4.5,74,0.69,4.7,0.321,0.0
2002-02-02,5.9,79,0.63,5.8,0.314,0.0
2002-02-03,6.7,81,0.78,6.8,0.307,0.0
2002-02-04,6.5,85,0.65,7.4,0.301,0.0
2002-02-05,7.4,82,0.82,7.9,0.295,0.0
2002-02-06,8.3,82,0.85,8.6,0.289,0.0
2002-02-07,10.6,77,1.0,10.0,0.285,0.8
2002-02-08,10.6,78,0.75,11.1,0.288,0.3
2002-02-09,9.0,75,0.75,10.0,0.281,0.0
2002-02-10,10.4,76,1.14,10.4,0.274,0.0
2002-02-11,10.9,76,0.96,10.7,0.268,0.0
2002-02-12,10.7,79,0.85,10.7,0.262,0.0
2002-02-13,11.3,82,0.74,10.8,0.258,0.0
2002-02-14,12.2,78,1.05,12.7,0.255,0.0
2002-02-15,11.6,82,0.84,11.8,0.251,0.2
2002-02-16,11.5,76,1.01,12.3,0.248,0.3
2002-02-17,9.2,84,0.42,10.9,0.331,13.5
2002-02-18,7.9,77,0.71,9.2,0.34,0.0
2002-02-19,8.3,76,0.52,8.7,0.318,0.0
2002-02-20,12.4,79,0.9,11.6,0.305,0.0
2002-02-21,14.2,85,0.88,13.6,0.293,0.0
2002-02-22,14.7,78,1.47,14.1,0.282,0.0
2002-02-23,12.9,71,0.96,13.9,0.27,0.0
2002-02-24,10.6,78,0.77,12.6,0.26,0.0
2002-02-25,12.9,77,1.01,13.0,0.252,0.0
2002-02-26,14.2,78,1.4,14.2,0.245,0.0
2002-02-27,14.8,77,1.44,15.3,0.237,0.0
2002-02-28,14.4,75,1.35,15.0,0.23,0.0
2002-03-01,12.0,62,1.12,13.7,0.222,0.0
2002-03-02,12.2,60,1.52,13.2,0.215,0.0
2002-03-03,12.4,55,1.63,13.0,0.208,0.0
2002-03-04,12.8,58,1.7,13.4,0.201,0.0
2002-03-05,13.5,61,1.58,14.0,0.195,0.0
2002-03-06,12.3,79,0.78,12.9,0.251,18.0
2002-03-07,10.9,84,0.63,12.3,0.385,12.3
2002-03-08,7.9,57,0.93,10.4,0.348,0.0
2002-03-09,10.4,61,1.49,10.7,0.318,0.0
2002-03-10,11.1,73,0.71,11.5,0.302,0.0
2002-03-11,12.2,75,1.14,13.1,0.29,0.0
2002-03-12,13.4,73,1.29,13.8,0.277,0.0
2002-03-13,10.6,51,1.08,12.7,0.263,0.0
2002-03-14,8.8,56,1.09,11.2,0.251,0.0
2002-03-15,8.4,60,1.08,10.6,0.247,1.2
2002-03-16,7.7,69,0.8,10.2,0.263,1.9
2002-03-17,6.3,79,0.58,8.6,0.292,7.0
2002-03-18,7.0,71,0.9,9.6,0.328,0.0
2002-03-19,9.3,63,1.2,10.5,0.301,0.0
2002-03-20,12.7,69,1.66,12.7,0.281,0.0
2002-03-21,15.8,67,1.91,14.9,0.265,0.0
2002-03-22,14.3,60,1.68,14.6,0.26,5.8
2002-03-23,11.6,83,0.7,13.8,0.337,8.2
2002-03-24,11.1,70,1.1,12.7,0.332,0.1
2002-03-25,11.2,69,0.94,12.5,0.304,0.0
2002-03-26,13.3,68,1.51,14.0,0.284,0.0
2002-03-27,15.1,63,1.79,15.4,0.264,0.0
2002-03-28,15.9,64,1.56,16.4,0.247,0.0
2002-03-29,17.0,72,1.64,17.7,0.232,0.0
2002-03-30,18.7,69,1.87,18.9,0.219,0.0
2002-03-31,19.5,67,2.18,19.7,0.207,0.0
2002-04-01,19.9,67,2.39,20.3,0.196,0.0
2002-04-02,19.8,68,2.19,20.7,0.186,0.0
2002-04-03,18.6,67,1.7,20.5,0.177,0.0
2002-04-04,17.3,66,1.52,19.8,0.171,0.0
2002-04-05,16.0,65,1.41,18.4,0.166,0.0
2002-04-06,16.2,59,1.55,18.0,0.163,0.0
2002-04-07,16.3,63,1.67,18.7,0.159,0.0
2002-04-08,18.8,59,2.11,20.1,0.154,0.0
2002-04-09,18.0,55,2.01,20.1,0.149,0.0
2002-04-10,18.1,58,2.09,20.3,0.146,0.0
2002-04-11,18.8,54,2.32,20.7,0.142,0.0
2002-04-12,19.9,57,2.57,21.9,0.139,0.0
2002-04-13,21.6,49,3.1,23.0,0.137,0.0
2002-04-14,22.9,49,3.23,24.2,0.134,0.0
2002-04-15,13.3,38,1.61,18.7,0.133,0.0
2002-04-16,13.5,45,1.83,18.2,0.132,0.0
2002-04-17,12.4,52,1.43,16.7,0.155,3.8
2002-04-18,11.9,47,1.43,15.8,0.159,0.0
2002-04-19,13.8,42,1.8,16.8,0.153,0.0
2002-04-20,14.6,45,2.11,17.8,0.147,0.0
2002-04-21,16.6,49,2.48,19.3,0.141,0.0
2002-04-22,19.8,43,3.24,21.8,0.137,0.0
2002-04-23,21.3,43,3.51,23.2,0.133,0.0
2002-04-24,19.2,48,2.23,22.9,0.131,0.0
2002-04-25,18.8,46,2.15,22.5,0.131,0.7
2002-04-26,15.0,70,0.96,18.7,0.196,8.2
2002-04-27,14.2,54,1.35,17.6,0.213,0.0
2002-04-28,14.8,50,1.68,18.3,0.196,0.0
2002-04-29,14.1,51,1.18,17.7,0.183,0.1
2002-04-30,13.9,50,1.67,17.8,0.173,0.0
2002-05-01,13.8,55,1.56,17.4,0.164,0.0
2002-05-02,16.5,52,1.93,19.4,0.156,0.0
2002-05-03,18.3,52,2.41,21.2,0.148,0.0
2002-05-04,19.5,45,2.8,22.5,0.141,0.0
2002-05-05,21.5,42,3.33,24.1,0.136,0.0
2002-05-06,21.3,38,3.33,24.5,0.132,0.0
2002-05-07,19.5,39,2.69,23.7,0.13,0.0
2002-05-08,20.0,32,2.86,23.9,0.129,0.0
2002-05-09,20.2,28,3.4,23.9,0.128,0.0
2002-05-10,17.8,35,2.43,22.5,0.127,0.0
2002-05-11,19.2,37,2.95,23.4,0.126,0.0
2002-05-12,21.9,37,3.53,24.6,0.126,0.0
2002-05-13,22.6,36,3.81,25.4,0.125,0.0
2002-05-14,21.4,36,3.15,25.4,0.125,0.0
2002-05-15,22.6,37,3.63,26.2,0.125,0.0
2002-05-16,23.4,34,3.84,26.8,0.125,0.0
2002-05-17,23.5,34,3.85,27.3,0.124,0.0
2002-05-18,22.4,31,3.55,26.9,0.124,0.0
2002-05-19,19.5,35,2.66,25.0,0.124,0.0
2002-05-20,15.3,56,1.42,20.7,0.158,7.7
2002-05-21,14.8,51,1.69,19.2,0.191,0.1
2002-05-22,16.7,45,2.24,20.4,0.175,0.0
2002-05-23,18.9,40,2.67,22.5,0.16,0.0
2002-05-24,22.3,40,3.47,24.8,0.149,0.0
2002-05-25,24.0,39,3.92,27.1,0.14,0.0
2002-05-26,23.9,36,3.78,27.7,0.133,0.0
2002-05-27,23.3,41,3.53,27.5,0.13,0.0
2002-05-28,23.4,48,3.18,27.9,0.128,0.0
2002-05-29,25.8,49,3.87,29.5,0.127,0.0
2002-05-30,28.9,42,5.04,32.1,0.126,0.0
2002-05-31,28.8,42,4.6,32.4,0.127,0.4
2002-06-01,25.5,45,3.54,30.5,0.132,0.0
2002-06-02,21.5,37,3.28,27.5,0.129,0.0
2002-06-03,23.0,41,3.48,27.8,0.128,0.0
2002-06-04,26.4,37,4.4,30.2,0.127,0.0
2002-06-05,29.3,33,5.2,32.3,0.126,0.0
2002-06-06,30.0,34,5.64,33.1,0.125,0.0
2002-06-07,28.1,30,4.94,32.5,0.125,0.0
2002-06-08,24.8,28,3.92,29.8,0.124,0.0
2002-06-09,22.4,20,3.5,27.6,0.124,0.0
2002-06-10,24.2,22,4.09,28.5,0.124,0.0
2002-06-11,26.8,27,5.05,30.4,0.124,0.0
2002-06-12,26.3,35,4.12,31.2,0.124,0.0
2002-06-13,26.0,38,3.94,31.3,0.124,0.0
2002-06-14,24.2,38,3.71,29.9,0.124,0.0
2002-06-15,25.2,33,4.5,30.1,0.124,0.0
2002-06-16,25.8,28,4.81,30.2,0.124,0.0
2002-06-17,25.8,32,4.53,30.2,0.124,0.0
2002-06-18,26.7,43,3.73,30.8,0.124,0.0
2002-06-19,27.0,40,4.28,31.7,0.124,0.0
2002-06-20,27.3,33,4.34,32.5,0.124,0.0
2002-06-21,22.7,40,3.11,30.0,0.124,0.0
2002-06-22,22.3,45,3.28,28.5,0.124,0.0
2002-06-23,25.2,42,3.98,30.0,0.124,0.0
2002-06-24,26.0,37,4.25,30.9,0.124,0.0
2002-06-25,28.3,33,4.96,32.6,0.124,0.0
2002-06-26,28.1,36,4.58,32.5,0.124,0.0
2002-06-27,26.5,40,4.17,31.8,0.124,0.0
2002-06-28,25.9,41,3.99,31.4,0.124,0.0
2002-06-29,26.5,39,4.31,31.4,0.124,0.0
2002-06-30,29.1,43,4.64,33.4,0.124,0.0
2002-07-01,31.8,37,5.41,35.3,0.124,0.0
2002-07-02,30.7,34,5.23,35.4,0.124,0.0
2002-07-03,29.1,28,5.19,34.3,0.124,0.0
2002-07-04,27.5,28,4.86,33.0,0.124,0.0
2002-07-05,27.5,30,4.74,32.9,0.124,0.0
2002-07-06,27.8,34,4.72,33.0,0.124,0.0
2002-07-07,28.0,33,4.63,32.7,0.124,0.0
2002-07-08,27.4,34,4.81,32.4,0.124,0.0
2002-07-09,30.8,27,5.99,34.3,0.124,0.0
2002-07-10,32.3,29,6.7,35.8,0.124,0.0
2002-07-11,32.5,35,6.45,36.1,0.123,0.0
2002-07-12,32.9,36,5.69,37.3,0.123,0.0
2002-07-13,32.9,32,5.81,37.7,0.123,0.0
2002-07-14,32.0,32,5.55,37.1,0.123,0.0
2002-07-15,30.6,29,5.15,36.2,0.123,0.0
2002-07-16,28.6,33,4.73,34.6,0.123,0.0
2002-07-17,28.5,34,4.44,34.4,0.123,0.3
2002-07-18,28.4,38,4.26,34.2,0.125,0.0
2002-07-19,28.9,36,4.75,34.3,0.124,0.0
2002-07-20,29.8,34,5.13,35.0,0.124,0.0
2002-07-21,28.7,38,4.22,34.7,0.124,0.0
2002-07-22,27.3,41,3.94,33.6,0.124,0.0
2002-07-23,27.6,42,4.31,33.5,0.124,0.0
2002-07-24,28.0,40,4.53,33.5,0.124,0.0
2002-07-25,28.8,31,5.2,33.8,0.124,0.0
2002-07-26,27.7,33,4.89,33.0,0.124,0.0
2002-07-27,28.8,32,4.83,33.7,0.124,0.0
2002-07-28,28.3,41,4.15,33.7,0.123,0.0
2002-07-29,27.4,39,4.13,33.2,0.124,0.0
2002-07-30,28.8,39,4.74,34.1,0.124,0.0
2002-07-31,29.4,34,4.91,34.5,0.123,0.0
2002-08-01,28.9,37,4.45,34.2,0.123,0.0
2002-08-02,28.5,49,3.8,34.4,0.123,0.0
2002-08-03,27.6,47,3.64,33.6,0.123,0.0
2002-08-04,26.5,40,3.87,32.9,0.123,0.0
2002-08-05,25.8,33,4.02,31.9,0.123,0.0
2002-08-06,24.9,27,3.79,30.9,0.123,0.0
2002-08-07,25.5,31,4.14,30.7,0.123,0.0
2002-08-08,26.9,29,4.7,31.6,0.123,0.0
2002-08-09,29.3,29,5.43,32.8,0.123,0.0
2002-08-10,29.8,30,5.78,33.6,0.123,0.0
2002-08-11,30.1,28,5.78,34.3,0.123,0.0
2002-08-12,29.6,29,5.52,34.3,0.123,0.0
2002-08-13,30.2,32,5.6,34.4,0.123,0.0
2002-08-14,29.8,33,5.54,34.3,0.123,0.0
2002-08-15,29.1,35,5.17,34.0,0.123,0.0
2002-08-16,29.4,38,4.6,33.9,0.123,0.0
2002-08-17,28.4,41,4.62,33.4,0.123,0.0
2002-08-18,27.1,37,4.56,32.5,0.123,0.0
2002-08-19,26.0,38,3.96,31.7,0.123,0.0
2002-08-20,24.0,42,3.72,30.1,0.123,0.0
2002-08-21,23.8,35,3.49,29.6,0.123,0.0
2002-08-22,23.9,42,3.34,29.6,0.123,0.0
2002-08-23,23.3,41,3.06,29.0,0.123,0.0
2002-08-24,23.7,42,3.48,29.0,0.123,0.0
2002-08-25,24.1,40,3.87,29.1,0.123,0.0
2002-08-26,25.2,41,3.85,29.6,0.123,0.0
2002-08-27,26.8,40,4.12,30.9,0.123,0.0
2002-08-28,27.8,39,4.6,31.6,0.123,0.0
2002-08-29,26.7,45,3.69,31.5,0.123,0.0
2002-08-30,27.2,44,4.08,31.9,0.123,0.0
2002-08-31,27.6,40,4.76,32.0,0.123,0.0
2002-09-01,28.8,33,5.58,32.5,0.123,0.0
2002-09-02,29.4,34,5.53,33.0,0.123,0.0
2002-09-03,30.1,33,5.41,33.3,0.123,0.0
2002-09-04,28.5,35,4.29,32.5,0.125,0.1
2002-09-05,24.8,31,3.25,29.9,0.125,0.0
2002-09-06,20.3,45,2.29,24.9,0.161,5.1
2002-09-07,20.0,44,2.49,24.6,0.171,0.0
2002-09-08,21.2,42,3.01,25.1,0.158,0.0
2002-09-09,23.7,36,3.73,26.3,0.148,0.0
2002-09-10,25.6,37,4.48,27.8,0.14,0.0
2002-09-11,26.4,32,4.63,28.8,0.134,0.0
2002-09-12,26.2,34,4.42,29.3,0.131,0.0
2002-09-13,25.8,35,4.43,29.6,0.129,0.0
2002-09-14,26.1,40,4.3,29.9,0.127,0.0
2002-09-15,24.9,43,3.49,28.9,0.126,0.0
2002-09-16,21.8,51,3.02,26.9,0.126,0.0
2002-09-17,22.8,46,3.2,27.1,0.126,0.0
2002-09-18,23.2,52,2.87,27.8,0.125,0.0
2002-09-19,25.5,46,4.22,28.7,0.125,0.0
2002-09-20,27.0,38,4.7,29.6,0.125,0.0
2002-09-21,26.5,35,4.57,29.6,0.124,0.0
2002-09-22,26.5,35,4.41,29.8,0.124,0.0
2002-09-23,27.0,38,4.32,29.8,0.124,0.0
2002-09-24,26.1,42,3.97,29.0,0.124,0.0
2002-09-25,26.5,34,4.46,29.6,0.124,0.0
2002-09-26,24.8,38,3.71,28.6,0.124,0.0
2002-09-27,21.5,51,2.06,25.8,0.124,0.0
2002-09-28,19.2,59,1.82,23.7,0.124,0.0
2002-09-29,19.5,53,2.12,23.5,0.124,0.0
2002-09-30,19.6,54,2.08,24.2,0.124,0.0
2002-10-01,18.4,43,2.36,22.4,0.124,0.0
2002-10-02,17.6,34,2.41,21.1,0.124,0.0
2002-10-03,17.1,39,2.46,21.0,0.124,0.0
2002-10-04,19.2,36,2.76,22.3,0.124,0.0
2002-10-05,21.4,40,3.12,23.5,0.124,0.0
2002-10-06,22.2,46,3.3,24.7,0.124,0.0
2002-10-07,23.5,45,3.54,25.6,0.124,0.0
2002-10-08,24.0,45,3.61,26.3,0.124,0.0
2002-10-09,24.3,44,3.76,26.2,0.124,0.0
2002-10-10,22.8,44,2.89,25.6,0.124,0.0
2002-10-11,19.9,54,2.13,23.9,0.124,0.0
2002-10-12,20.8,48,2.66,23.5,0.124,0.0
2002-10-13,21.4,43,3.14,24.1,0.124,0.0
2002-10-14,21.4,42,2.9,23.7,0.124,0.0
2002-10-15,19.5,49,2.47,22.7,0.124,0.0
2002-10-16,17.3,55,1.8,21.6,0.124,0.0
2002-10-17,16.6,61,1.72,20.8,0.124,0.0
2002-10-18,16.5,63,1.65,20.3,0.124,0.0
2002-10-19,17.2,60,1.83,20.7,0.124,0.0
2002-10-20,18.1,62,1.99,21.0,0.124,0.0
2002-10-21,18.6,57,2.16,21.0,0.124,0.0
2002-10-22,17.6,57,1.86,20.7,0.124,0.0
2002-10-23,15.7,63,1.55,19.3,0.124,0.0
2002-10-24,13.9,62,1.35,18.0,0.124,0.0
2002-10-25,14.1,62,1.33,17.5,0.124,0.0
2002-10-26,14.9,63,1.47,17.8,0.124,0.0
2002-10-27,14.9,64,1.47,17.7,0.124,0.0
2002-10-28,16.0,62,1.76,18.1,0.124,0.0
2002-10-29,15.2,62,1.75,17.7,0.124,0.0
2002-10-30,14.7,59,1.79,17.5,0.124,0.0
2002-10-31,14.3,55,1.68,17.1,0.124,0.0
2002-11-01,13.6,43,1.79,16.3,0.124,0.0
2002-11-02,13.2,41,1.76,15.4,0.124,0.0
2002-11-03,14.7,42,1.92,16.2,0.124,0.0
2002-11-04,15.0,41,1.93,15.9,0.124,0.0
2002-11-05,14.1,54,1.91,15.8,0.124,0.0
2002-11-06,14.9,53,1.84,15.7,0.124,0.0
2002-11-07,14.4,72,0.92,15.5,0.268,26.3
2002-11-08,15.8,94,0.18,16.2,0.413,39.8
2002-11-09,15.4,87,0.79,16.9,0.407,13.7
2002-11-10,13.1,71,0.93,14.7,0.377,0.0
2002-11-11,12.5,81,0.74,14.6,0.357,0.0
2002-11-12,13.8,81,1.04,14.4,0.344,0.0
2002-11-13,13.6,81,0.84,14.7,0.333,0.0
2002-11-14,12.2,80,0.74,14.2,0.323,0.0
2002-11-15,13.4,81,1.0,13.9,0.314,0.0
2002-11-16,13.7,77,1.44,14.1,0.306,0.0
2002-11-17,13.0,77,0.94,13.8,0.298,0.0
2002-11-18,12.1,81,0.88,13.2,0.29,0.0
2002-11-19,11.8,79,0.85,12.8,0.284,0.0
2002-11-20,13.4,77,1.1,13.4,0.278,0.0
2002-11-21,15.2,79,1.38,14.4,0.273,0.0
2002-11-22,14.9,81,1.05,14.6,0.267,0.0
2002-11-23,12.4,81,0.82,14.1,0.262,0.0
2002-11-24,11.3,86,0.54,12.8,0.258,0.0
2002-11-25,11.0,89,0.52,12.8,0.256,0.0
2002-11-26,9.4,77,0.93,11.3,0.252,0.0
2002-11-27,9.7,76,1.01,11.3,0.247,0.0
2002-11-28,9.9,70,1.17,11.0,0.243,0.0
2002-11-29,11.2,71,1.15,11.9,0.238,0.0
2002-11-30,11.2,75,0.81,11.4,0.237,0.0
2002-12-01,10.5,77,0.93,11.5,0.237,0.0
2002-12-02,10.3,78,0.89,11.1,0.233,0.0
2002-12-03,10.4,79,0.86,10.8,0.229,0.0
2002-12-04,9.6,80,0.85,10.6,0.225,0.0
2002-12-05,9.8,81,0.86,10.4,0.223,0.0
2002-12-06,10.9,78,0.98,10.8,0.222,0.4
2002-12-07,11.1,78,0.94,11.6,0.223,0.0
2002-12-08,10.2,83,0.89,11.0,0.22,0.0
2002-12-09,11.4,78,0.94,11.5,0.218,0.3
2002-12-10,10.3,84,0.69,11.1,0.219,0.0
2002-12-11,9.8,83,0.63,10.5,0.216,0.0
2002-12-12,8.8,84,0.74,10.0,0.213,0.0
2002-12-13,11.6,74,0.99,11.4,0.212,0.2
2002-12-14,12.8,76,0.7,12.1,0.232,7.7
2002-12-15,12.2,80,0.78,12.4,0.292,1.0
2002-12-16,11.4,83,0.54,11.9,0.371,35.3
2002-12-17,7.9,90,0.34,10.0,0.413,13.5
2002-12-18,6.8,82,0.62,8.1,0.385,0.1
2002-12-19,7.1,72,0.83,7.5,0.378,13.0
2002-12-20,8.4,83,0.54,9.3,0.405,3.8
2002-12-21,8.4,81,0.57,9.2,0.388,1.2
2002-12-22,6.7,83,0.49,8.0,0.371,0.0
2002-12-23,6.1,73,0.58,6.7,0.359,0.0
2002-12-24,5.6,73,0.59,5.7,0.349,0.0
2002-12-25,4.5,80,0.51,5.5,0.342,0.0
2002-12-26,7.6,74,0.46,7.2,0.337,0.0
2002-12-27,11.2,72,0.76,10.5,0.33,0.0
2002-12-28,10.5,80,0.92,10.2,0.337,6.3
2002-12-29,7.8,83,0.53,9.0,0.366,0.6
2002-12-30,7.2,83,0.56,7.9,0.353,4.2
2002-12-31,9.1,81,0.64,9.6,0.386,4.8
2003-01-01,6.6,85,0.48,7.7,0.361,0.0
2003-01-02,7.1,82,0.64,7.5,0.348,0.0
2003-01-03,9.3,83,0.71,8.8,0.339,0.0
2003-01-04,10.2,86,0.7,9.6,0.331,0.0
2003-01-05,9.6,92,0.41,10.0,0.325,0.0
2003-01-06,9.0,84,0.67,9.6,0.32,0.0
2003-01-07,8.9,80,0.72,9.4,0.314,0.0
2003-01-08,9.6,81,0.8,9.6,0.308,0.0
2003-01-09,9.6,89,0.33,9.5,0.308,0.2
2003-01-10,10.6,94,0.19,10.3,0.364,10.2
2003-01-11,8.7,94,0.34,9.6,0.363,0.0
2003-01-12,10.3,86,0.74,10.2,0.345,0.0
2003-01-13,10.2,87,0.65,10.2,0.334,0.0
2003-01-14,9.8,91,0.44,10.2,0.327,0.0
2003-01-15,9.2,90,0.48,10.1,0.323,0.0
2003-01-16,8.5,87,0.69,9.9,0.317,0.0
2003-01-17,9.0,85,0.79,9.7,0.31,0.0
2003-01-18,10.0,85,0.82,10.1,0.305,0.0
2003-01-19,10.3,86,0.87,10.7,0.299,0.0
2003-01-20,11.1,84,0.76,10.9,0.293,0.0
2003-01-21,11.0,86,0.7,11.4,0.288,0.0
2003-01-22,11.6,85,0.84,11.7,0.284,0.0
2003-01-23,12.8,86,0.67,12.4,0.28,0.0
2003-01-24,11.9,89,0.62,12.6,0.276,0.0
2003-01-25,11.2,89,0.56,11.7,0.273,0.0
2003-01-26,12.5,88,0.67,12.4,0.269,0.0
2003-01-27,12.5,87,0.8,13.1,0.265,0.0
2003-01-28,12.0,89,0.57,12.9,0.263,0.0
2003-01-29,10.8,88,0.63,12.3,0.26,0.0
2003-01-30,10.7,87,0.63,12.0,0.256,0.0
2003-01-31,11.4,87,0.82,12.3,0.252,0.0
2003-02-01,12.0,80,0.79,12.6,0.248,0.0
2003-02-02,9.4,63,0.85,11.2,0.242,0.0
2003-02-03,9.5,70,0.99,10.4,0.237,0.0
2003-02-04,8.5,78,0.82,10.0,0.232,0.0
2003-02-05,8.2,71,0.88,9.7,0.228,0.0
2003-02-06,8.6,66,1.2,9.5,0.223,0.0
2003-02-07,7.9,60,1.16,9.1,0.218,0.0
2003-02-08,7.9,65,1.02,9.1,0.213,0.0
2003-02-09,7.9,66,1.09,9.1,0.209,0.0
2003-02-10,8.7,68,1.16,9.5,0.205,0.0
2003-02-11,9.7,75,0.83,10.6,0.206,0.6
2003-02-12,9.0,91,0.26,9.6,0.263,12.8
2003-02-13,12.3,87,0.56,11.9,0.383,10.4
2003-02-14,11.9,84,0.7,12.0,0.344,0.4
2003-02-15,11.9,79,0.83,12.0,0.321,0.0
2003-02-16,12.4,74,0.94,13.2,0.367,9.6
2003-02-17,9.6,72,0.75,11.1,0.341,0.0
2003-02-18,9.0,74,0.92,10.5,0.322,0.0
2003-02-19,8.8,78,0.6,9.3,0.311,0.2
2003-02-20,8.8,78,0.69,10.5,0.304,0.0
2003-02-21,9.7,79,0.84,10.8,0.294,0.0
2003-02-22,11.4,76,0.96,11.4,0.284,0.0
2003-02-23,11.9,74,0.93,11.7,0.275,0.0
2003-02-24,11.8,81,0.86,12.3,0.279,5.6
2003-02-25,11.7,79,0.73,12.5,0.37,5.4
2003-02-26,10.8,73,1.02,12.0,0.339,0.2
2003-02-27,9.7,72,0.77,11.3,0.343,2.9
2003-02-28,9.7,68,0.89,10.4,0.325,0.0
2003-03-01,10.3,66,0.92,10.3,0.309,0.0
2003-03-02,10.1,71,0.96,11.1,0.296,0.0
2003-03-03,10.0,70,0.88,10.9,0.285,0.0
2003-03-04,10.0,70,0.87,11.6,0.282,0.5
2003-03-05,10.1,68,0.9,11.1,0.275,0.0
2003-03-06,11.1,72,1.12,12.0,0.265,0.0
2003-03-07,12.3,66,1.41,12.5,0.254,0.0
2003-03-08,11.9,68,1.32,12.9,0.244,0.0
2003-03-09,13.5,69,1.45,13.5,0.235,0.0
2003-03-10,13.3,74,1.29,14.3,0.226,0.0
2003-03-11,14.4,76,1.21,15.3,0.219,0.0
2003-03-12,15.1,78,1.1,15.7,0.212,0.0
2003-03-13,16.8,67,1.97,16.6,0.206,0.0
2003-03-14,16.1,65,1.77,16.8,0.205,3.2
2003-03-15,14.3,81,0.89,15.4,0.352,23.4
2003-03-16,11.3,72,1.08,13.2,0.333,0.0
2003-03-17,11.1,67,1.02,12.6,0.309,0.2
2003-03-18,11.7,54,1.34,12.9,0.289,0.0
2003-03-19,12.4,61,1.23,13.2,0.272,0.0
2003-03-20,13.1,62,1.26,14.1,0.257,0.0
2003-03-21,13.4,67,1.13,14.6,0.244,0.0
2003-03-22,15.3,72,1.43,15.9,0.233,0.0
2003-03-23,13.8,82,0.56,15.1,0.227,0.4
2003-03-24,14.9,68,1.49,16.1,0.223,0.0
2003-03-25,14.8,65,1.51,16.0,0.212,0.0
2003-03-26,16.1,68,1.36,16.6,0.204,0.0
2003-03-27,13.9,51,1.54,15.9,0.195,0.0
2003-03-28,14.8,50,1.66,16.3,0.187,0.0
2003-03-29,16.4,53,2.36,17.3,0.179,0.0
2003-03-30,18.1,53,2.48,18.7,0.172,0.0
2003-03-31,19.8,56,2.7,19.8,0.166,0.0
2003-04-01,14.8,64,1.47,17.6,0.165,3.4
2003-04-02,9.9,78,0.71,14.5,0.218,7.1
2003-04-03,10.3,62,1.26,13.6,0.283,1.8
2003-04-04,9.0,70,0.73,11.8,0.28,4.9
2003-04-05,9.7,63,1.32,12.1,0.283,0.0
2003-04-06,11.7,60,1.33,13.2,0.258,0.0
2003-04-07,14.0,63,1.61,15.5,0.237,0.0
2003-04-08,17.4,55,2.58,17.6,0.217,0.0
2003-04-09,18.4,56,2.62,19.0,0.2,0.0
2003-04-10,18.6,56,2.34,19.9,0.185,0.0
2003-04-11,17.0,61,1.64,19.3,0.174,0.0
2003-04-12,15.9,50,1.69,17.6,0.168,1.4
2003-04-13,12.9,83,0.45,14.7,0.325,20.5
2003-04-14,12.3,66,1.12,14.8,0.336,2.8
2003-04-15,12.8,58,1.45,15.0,0.298,0.0
2003-04-16,14.3,57,1.45,15.8,0.274,0.4
2003-04-17,13.5,71,1.17,16.1,0.265,2.9
2003-04-18,13.4,58,1.53,15.5,0.27,0.0
2003-04-19,14.8,55,1.67,16.4,0.246,0.0
2003-04-20,16.3,55,1.78,16.6,0.227,0.0
2003-04-21,12.3,71,0.98,15.2,0.247,9.0
2003-04-22,11.6,63,1.18,13.8,0.293,0.6
2003-04-23,13.6,61,1.44,15.4,0.268,0.0
2003-04-24,14.5,65,1.16,15.5,0.249,0.6
2003-04-25,14.4,60,1.47,16.1,0.238,0.0
2003-04-26,15.2,48,1.76,17.2,0.22,0.0
2003-04-27,16.1,48,1.94,18.2,0.203,0.4
2003-04-28,14.0,64,1.4,16.9,0.254,9.4
2003-04-29,13.9,52,1.65,16.2,0.268,0.0
2003-04-30,14.5,54,1.7,16.9,0.241,0.0
2003-05-01,17.1,51,2.17,18.9,0.217,0.0
2003-05-02,13.9,71,0.9,15.7,0.222,5.2
2003-05-03,14.1,83,0.76,15.5,0.383,25.7
2003-05-04,14.7,67,1.32,16.5,0.356,1.7
2003-05-05,15.0,61,1.54,17.0,0.308,0.0
2003-05-06,15.9,56,1.7,17.7,0.278,0.0
2003-05-07,15.0,62,1.27,17.3,0.267,1.1
2003-05-08,12.7,59,1.18,16.1,0.267,4.6
2003-05-09,12.6,58,1.45,15.2,0.279,0.0
2003-05-10,14.9,54,1.86,16.8,0.254,0.0
2003-05-11,17.8,49,2.52,18.8,0.231,0.0
2003-05-12,20.0,47,2.99,20.5,0.209,0.0
2003-05-13,22.1,47,3.33,22.5,0.192,0.0
2003-05-14,19.9,56,2.09,21.0,0.185,1.1
2003-05-15,19.5,47,2.7,21.6,0.178,0.0
2003-05-16,20.4,42,3.16,22.2,0.166,0.0
2003-05-17,21.7,42,3.11,23.2,0.157,0.0
2003-05-18,20.9,31,3.29,23.1,0.148,0.0
2003-05-19,21.9,30,3.73,24.0,0.142,0.0
2003-05-20,24.5,32,4.51,25.7,0.137,0.0
2003-05-21,26.2,35,4.66,27.7,0.133,0.0
2003-05-22,27.4,38,5.03,29.2,0.131,0.0
2003-05-23,27.9,38,5.16,30.3,0.129,0.0
2003-05-24,25.0,37,3.69,28.8,0.128,0.0
2003-05-25,21.8,43,2.9,26.6,0.127,0.0
2003-05-26,23.2,46,3.51,26.9,0.127,0.0
2003-05-27,26.4,35,4.45,29.5,0.126,0.0
2003-05-28,30.3,38,5.77,32.1,0.126,0.0
2003-05-29,30.3,30,5.98,32.5,0.125,0.0
2003-05-30,24.0,42,3.69,29.3,0.125,0.0
2003-05-31,25.9,41,4.23,29.9,0.125,0.0
2003-06-01,27.4,35,4.85,31.0,0.124,0.0
2003-06-02,29.5,30,5.62,32.3,0.124,0.0
2003-06-03,29.9,31,5.75,32.9,0.124,0.0
2003-06-04,27.9,34,4.43,32.4,0.124,0.0
2003-06-05,27.7,39,4.18,32.4,0.124,0.0
2003-06-06,26.4,44,3.62,31.5,0.124,0.0
2003-06-07,25.7,43,3.8,31.0,0.124,0.0
2003-06-08,26.1,43,3.98,31.1,0.124,0.0
2003-06-09,27.3,41,4.09,32.2,0.124,0.0
2003-06-10,24.2,42,3.25,30.7,0.124,0.0
2003-06-11,22.5,45,2.85,29.2,0.124,0.0
2003-06-12,21.2,46,2.79,27.7,0.124,0.0
2003-06-13,21.9,42,3.27,27.5,0.124,0.0
2003-06-14,23.7,41,3.66,28.8,0.124,0.0
2003-06-15,25.4,35,4.18,30.0,0.124,0.0
2003-06-16,27.3,38,4.29,31.6,0.124,0.0
2003-06-17,28.8,34,5.13,32.7,0.124,0.0
2003-06-18,25.7,35,3.94,30.6,0.124,0.0
2003-06-19,23.1,41,3.4,29.4,0.124,0.0
2003-06-20,22.0,45,3.02,28.5,0.124,0.0
2003-06-21,21.6,41,3.09,27.9,0.124,0.0
2003-06-22,23.1,40,3.69,28.6,0.124,0.0
2003-06-23,22.7,34,3.46,28.5,0.124,0.0
2003-06-24,23.5,38,3.59,28.9,0.124,0.0
2003-06-25,27.5,31,5.36,31.1,0.124,0.0
2003-06-26,29.7,28,6.3,33.1,0.124,0.0
2003-06-27,30.9,25,6.35,34.1,0.124,0.0
2003-06-28,31.5,23,6.5,35.1,0.124,0.0
2003-06-29,30.0,21,5.7,34.6,0.124,0.0
2003-06-30,28.0,28,4.81,33.5,0.124,0.0
2003-07-01,27.5,31,4.78,32.9,0.124,0.0
2003-07-02,28.4,29,4.88,33.3,0.124,0.0
2003-07-03,28.6,27,5.15,33.4,0.124,0.0
2003-07-04,28.5,26,5.53,33.1,0.124,0.0
2003-07-05,28.6,27,5.49,33.5,0.124,0.0
2003-07-06,26.5,30,4.47,32.2,0.124,0.0
2003-07-07,25.9,37,4.33,31.5,0.124,0.0
2003-07-08,26.5,31,4.84,31.5,0.124,0.0
2003-07-09,28.1,32,5.13,32.8,0.124,0.0
2003-07-10,29.8,29,5.97,33.4,0.124,0.0
2003-07-11,29.5,29,5.74,33.7,0.124,0.0
2003-07-12,30.2,29,5.96,34.1,0.124,0.0
2003-07-13,28.9,31,5.33,33.5,0.124,0.0
2003-07-14,29.5,30,5.52,34.1,0.124,0.0
2003-07-15,31.1,30,6.16,35.3,0.124,0.0
2003-07-16,31.2,30,6.04,35.6,0.124,0.0
2003-07-17,33.1,28,6.29,37.2,0.123,0.0
2003-07-18,33.7,28,6.62,37.5,0.123,0.0
2003-07-19,31.8,30,4.95,36.0,0.124,0.0
2003-07-20,32.3,36,5.53,36.7,0.124,0.0
2003-07-21,33.1,34,6.08,37.7,0.124,0.0
2003-07-22,33.5,29,6.45,37.9,0.123,0.0
2003-07-23,33.5,30,5.75,37.8,0.124,0.0
2003-07-24,33.3,35,5.71,38.5,0.124,0.0
2003-07-25,32.2,35,4.94,37.5,0.125,0.7
2003-07-26,31.9,38,5.49,37.1,0.126,0.0
2003-07-27,32.1,31,5.68,37.4,0.125,0.0
2003-07-28,32.0,31,5.66,36.9,0.124,0.0
2003-07-29,32.1,36,4.84,37.0,0.124,0.0
2003-07-30,31.8,44,4.17,36.2,0.124,0.0
2003-07-31,30.2,50,3.47,35.1,0.125,0.0
2003-08-01,29.2,51,3.41,34.7,0.125,0.1
2003-08-02,27.6,62,3.02,33.3,0.136,2.1
2003-08-03,28.1,48,3.69,33.1,0.14,0.0
2003-08-04,27.3,44,3.64,32.8,0.133,0.0
2003-08-05,25.5,45,3.23,31.7,0.13,0.0
2003-08-06,25.7,44,3.5,31.5,0.128,0.0
2003-08-07,25.4,41,3.79,31.0,0.127,0.0
2003-08-08,26.1,37,4.22,31.3,0.126,0.0
2003-08-09,27.5,38,4.6,32.2,0.125,0.0
2003-08-10,27.9,33,4.77,32.5,0.125,0.0
2003-08-11,27.6,30,4.82,32.2,0.125,0.0
2003-08-12,27.3,32,4.79,32.4,0.124,0.0
2003-08-13,28.0,33,4.76,32.8,0.124,0.0
2003-08-14,29.1,32,5.0,33.5,0.124,0.0
2003-08-15,28.1,31,4.85,33.1,0.124,0.0
2003-08-16,29.2,29,5.08,33.8,0.124,0.0
2003-08-17,29.7,30,5.3,34.3,0.124,0.0
2003-08-18,29.2,33,5.09,34.0,0.124,0.0
2003-08-19,28.5,36,4.64,33.7,0.123,0.0
2003-08-20,29.0,44,4.52,34.0,0.123,0.0
2003-08-21,28.7,50,3.51,33.1,0.131,1.0
2003-08-22,24.1,62,1.92,29.8,0.135,0.7
2003-08-23,25.1,55,3.34,30.2,0.133,0.0
2003-08-24,27.7,49,4.48,32.0,0.129,0.0
2003-08-25,29.7,41,5.26,33.4,0.127,0.0
2003-08-26,31.4,37,5.22,35.1,0.126,0.0
2003-08-27,29.9,38,4.91,34.5,0.125,0.0
2003-08-28,27.5,39,4.43,32.8,0.125,0.0
2003-08-29,26.0,38,4.18,31.4,0.124,0.0
2003-08-30,27.0,37,4.61,31.7,0.124,0.0
2003-08-31,27.8,39,4.51,32.2,0.124,0.1
2003-09-01,29.7,39,5.11,33.6,0.124,0.0
2003-09-02,30.6,39,5.43,34.6,0.124,0.0
2003-09-03,30.8,40,4.84,35.1,0.124,0.0
2003-09-04,30.2,45,4.25,34.8,0.124,0.0
2003-09-05,29.2,47,4.47,34.0,0.124,0.0
2003-09-06,27.6,45,4.11,33.0,0.124,0.0
2003-09-07,24.9,46,3.32,30.8,0.124,0.0
2003-09-08,23.4,46,3.16,29.1,0.124,0.0
2003-09-09,22.9,42,3.11,28.0,0.124,0.0
2003-09-10,23.2,57,2.73,28.2,0.124,0.0
2003-09-11,26.1,40,4.13,29.8,0.124,0.0
2003-09-12,27.5,39,4.41,31.0,0.124,0.0
2003-09-13,27.9,40,4.37,31.5,0.124,0.0
2003-09-14,28.6,41,4.61,32.4,0.124,0.0
2003-09-15,27.3,42,3.91,31.9,0.124,0.0
2003-09-16,25.5,36,3.9,30.4,0.124,0.0
2003-09-17,22.5,39,3.18,27.8,0.124,0.0
2003-09-18,24.0,34,3.69,28.0,0.124,0.0
2003-09-19,25.3,37,4.25,28.9,0.124,0.0
2003-09-20,25.6,39,4.12,29.1,0.124,0.0
2003-09-21,26.9,40,4.6,29.9,0.124,0.0
2003-09-22,27.9,39,4.98,30.5,0.124,0.0
2003-09-23,27.5,40,4.51,30.6,0.124,0.0
2003-09-24,25.0,46,3.51,29.5,0.124,0.0
2003-09-25,22.9,53,2.8,28.1,0.124,0.0
2003-09-26,23.2,56,2.91,27.8,0.124,0.0
2003-09-27,23.7,58,3.11,27.9,0.124,0.0
2003-09-28,23.7,56,3.07,28.0,0.124,0.0
2003-09-29,23.1,49,2.99,27.3,0.124,0.0
2003-09-30,24.0,46,3.14,27.8,0.124,0.0
2003-10-01,23.1,45,2.81,27.3,0.124,0.0
2003-10-02,20.9,50,2.43,25.6,0.124,0.0
2003-10-03,20.5,57,2.27,25.1,0.124,0.0
2003-10-04,22.1,55,2.58,25.4,0.124,0.0
2003-10-05,22.2,54,2.47,25.9,0.124,0.0
2003-10-06,23.2,51,2.96,26.7,0.124,0.0
2003-10-07,23.4,51,2.95,26.6,0.124,0.0
2003-10-08,22.8,50,3.11,26.2,0.124,0.0
2003-10-09,21.4,46,2.81,25.2,0.124,0.0
2003-10-10,18.9,35,2.55,23.2,0.124,0.0
2003-10-11,19.6,33,2.76,22.8,0.124,0.0
2003-10-12,21.0,37,2.79,23.2,0.124,0.0
2003-10-13,20.2,33,2.76,23.0,0.124,0.0
2003-10-14,20.6,39,3.1,23.3,0.124,0.0
2003-10-15,20.6,43,2.92,23.1,0.124,0.0
2003-10-16,19.6,44,2.7,22.9,0.124,0.0
2003-10-17,20.9,48,2.8,22.8,0.124,0.0
2003-10-18,22.1,51,3.48,23.8,0.124,0.0
2003-10-19,21.9,47,3.06,24.6,0.124,0.0
2003-10-20,22.1,44,3.23,24.3,0.124,0.0
2003-10-21,22.5,48,3.5,24.7,0.124,0.0
2003-10-22,22.8,46,3.26,24.3,0.124,0.0
2003-10-23,20.2,56,2.15,23.2,0.124,0.0
2003-10-24,21.0,49,2.75,22.8,0.124,0.0
2003-10-25,20.7,50,2.99,22.9,0.124,0.0
2003-10-26,21.0,47,3.09,23.1,0.124,0.0
2003-10-27,21.0,49,3.09,23.1,0.124,0.0
2003-10-28,20.8,50,3.03,22.8,0.124,0.0
2003-10-29,20.2,49,2.94,22.4,0.124,0.0
2003-10-30,14.4,42,1.68,18.7,0.124,0.0
2003-10-31,10.8,68,0.81,14.7,0.131,3.8
2003-11-01,10.8,68,1.09,14.4,0.154,0.2
2003-11-02,11.5,53,1.24,14.4,0.151,0.0
2003-11-03,10.7,62,0.86,13.5,0.157,1.3
2003-11-04,10.2,60,1.16,12.8,0.159,0.0
2003-11-05,10.5,58,1.24,13.4,0.155,0.0
2003-11-06,13.2,57,1.42,15.2,0.152,0.0
2003-11-07,14.8,59,1.64,15.9,0.159,2.1
2003-11-08,14.1,75,0.94,15.5,0.174,6.4
2003-11-09,13.7,87,0.57,15.3,0.273,8.1
2003-11-10,13.0,76,1.07,14.6,0.278,0.0
2003-11-11,12.6,67,1.25,14.2,0.254,0.0
2003-11-12,10.9,74,0.72,12.7,0.241,0.7
2003-11-13,13.8,67,1.25,14.9,0.237,0.3
2003-11-14,12.9,69,1.28,14.4,0.224,0.0
2003-11-15,12.3,74,0.58,13.7,0.216,0.2
2003-11-16,11.3,72,0.98,12.7,0.212,0.0
2003-11-17,12.0,72,0.9,12.8,0.204,0.0
2003-11-18,11.6,80,0.85,12.9,0.198,0.0
2003-11-19,13.4,73,1.35,13.7,0.192,0.0
2003-11-20,13.2,70,1.45,14.2,0.186,0.0
2003-11-21,11.3,60,1.2,13.1,0.18,0.0
2003-11-22,8.3,44,1.19,10.9,0.174,0.0
2003-11-23,8.2,47,1.23,9.4,0.169,0.0
2003-11-24,8.3,52,0.99,8.8,0.166,0.0
2003-11-25,7.6,58,1.05,8.8,0.163,0.0
2003-11-26,8.5,68,0.91,9.2,0.16,0.0
2003-11-27,9.3,70,1.26,10.1,0.158,0.0
2003-11-28,12.0,59,1.6,12.3,0.156,0.0
2003-11-29,11.6,57,1.48,11.9,0.154,0.0
2003-11-30,12.0,56,1.28,11.7,0.152,0.0
2003-12-01,10.6,59,1.2,10.9,0.151,0.1
2003-12-02,12.5,71,1.18,12.7,0.15,0.0
2003-12-03,10.7,83,0.79,12.1,0.149,0.0
2003-12-04,11.3,74,1.28,12.2,0.148,0.5
2003-12-05,11.7,88,0.37,12.4,0.234,14.0
2003-12-06,13.3,88,0.58,13.2,0.301,0.2
2003-12-07,13.3,80,0.77,13.6,0.338,8.3
2003-12-08,9.1,69,0.84,11.0,0.305,0.0
2003-12-09,9.4,65,1.32,9.9,0.28,0.9
2003-12-10,10.7,81,0.6,11.2,0.341,10.7
2003-12-11,8.9,77,0.76,10.1,0.348,5.2
2003-12-12,6.9,78,0.6,8.4,0.32,0.0
2003-12-13,9.0,72,0.46,10.0,0.3,0.0
2003-12-14,8.9,80,0.61,9.6,0.335,8.2
2003-12-15,6.4,75,0.73,7.5,0.329,0.0
2003-12-16,6.9,72,0.9,7.3,0.308,0.0
2003-12-17,7.9,69,0.85,7.6,0.295,0.0
2003-12-18,9.2,71,1.03,8.6,0.285,0.0
2003-12-19,10.9,67,1.18,9.8,0.278,1.4
2003-12-20,11.0,90,0.32,11.1,0.291,2.2
2003-12-21,10.2,87,0.67,11.2,0.313,0.7
2003-12-22,9.6,87,0.6,10.2,0.3,0.0
2003-12-23,10.1,83,0.49,10.0,0.304,2.8
2003-12-24,10.8,87,0.31,10.3,0.361,24.9
2003-12-25,8.8,93,0.17,9.7,0.412,17.5
2003-12-26,5.8,82,0.57,7.9,0.404,2.2
2003-12-27,4.4,72,0.59,5.7,0.379,0.0
2003-12-28,4.2,74,0.59,5.5,0.364,0.0
2003-12-29,7.0,72,0.49,7.0,0.368,6.0
2003-12-30,9.4,86,0.5,8.9,0.416,14.6
2003-12-31,8.2,85,0.54,8.4,0.384,0.0
2004-01-01,8.5,84,0.31,8.3,0.401,15.9
2004-01-02,8.7,88,0.4,9.3,0.408,3.5
2004-01-03,5.3,77,0.63,7.4,0.388,0.0
2004-01-04,3.7,75,0.59,5.5,0.37,0.0
2004-01-05,4.7,76,0.62,5.4,0.358,0.0
2004-01-06,6.6,74,0.69,6.6,0.349,0.0
2004-01-07,10.2,74,0.73,9.4,0.345,0.8
2004-01-08,11.2,73,1.1,10.3,0.338,0.0
2004-01-09,11.6,72,0.97,10.3,0.33,0.0
2004-01-10,10.0,85,0.77,10.0,0.323,0.0
2004-01-11,9.6,88,0.69,9.8,0.317,0.0
2004-01-12,11.1,82,0.89,10.3,0.312,0.0
2004-01-13,9.9,86,0.79,10.2,0.306,0.0
2004-01-14,9.4,82,0.76,9.8,0.301,0.0
2004-01-15,8.6,85,0.55,9.8,0.296,0.0
2004-01-16,7.4,91,0.39,8.5,0.292,0.0
2004-01-17,7.9,88,0.51,9.4,0.289,0.0
2004-01-18,7.4,87,0.49,8.3,0.287,0.1
2004-01-19,7.2,89,0.44,8.1,0.284,0.0
2004-01-20,7.2,88,0.38,8.4,0.282,0.0
2004-01-21,7.4,85,0.59,8.3,0.28,0.0
2004-01-22,7.1,83,0.67,8.3,0.275,0.0
2004-01-23,7.6,81,0.71,8.2,0.27,0.0
2004-01-24,8.1,84,0.59,8.8,0.276,1.1
2004-01-25,8.1,81,0.55,8.8,0.277,0.0
2004-01-26,7.4,73,0.74,8.0,0.272,0.0
2004-01-27,8.4,81,0.61,8.7,0.289,8.8
2004-01-28,7.6,88,0.34,8.3,0.35,0.1
2004-01-29,8.1,87,0.49,9.2,0.325,0.0
2004-01-30,8.5,85,0.56,9.0,0.31,0.0
2004-01-31,8.1,68,0.8,9.3,0.298,0.0
2004-02-01,6.8,70,0.53,7.6,0.289,0.0
2004-02-02,9.2,76,0.49,8.9,0.329,15.0
2004-02-03,7.1,87,0.45,8.4,0.37,1.5
2004-02-04,7.5,82,0.58,7.9,0.352,0.0
2004-02-05,6.7,82,0.58,7.9,0.335,0.0
2004-02-06,8.9,76,1.0,8.8,0.322,0.1
2004-02-07,8.7,77,0.7,9.4,0.32,1.4
2004-02-08,7.9,75,0.75,8.8,0.31,0.0
2004-02-09,8.3,76,0.86,9.2,0.3,0.0
2004-02-10,8.0,69,1.01,9.1,0.292,0.0
2004-02-11,8.1,74,0.92,9.1,0.284,0.0
2004-02-12,10.1,70,1.38,9.9,0.277,0.0
2004-02-13,9.3,65,1.1,9.1,0.272,0.9
2004-02-14,10.6,62,1.28,9.9,0.276,0.0
2004-02-15,11.8,64,1.2,11.0,0.268,0.0
2004-02-16,12.2,78,0.64,11.6,0.268,0.5
2004-02-17,12.8,77,0.96,11.6,0.271,0.2
2004-02-18,11.2,84,0.42,11.3,0.375,24.5
2004-02-19,9.9,78,0.79,10.9,0.369,0.0
2004-02-20,10.6,74,0.84,11.3,0.354,0.3
2004-02-21,9.9,79,0.74,11.2,0.344,0.0
2004-02-22,9.7,88,0.4,10.5,0.395,15.4
2004-02-23,9.8,82,0.69,10.5,0.405,4.0
2004-02-24,10.2,78,0.77,10.5,0.377,0.0
2004-02-25,10.3,85,0.41,10.0,0.395,25.3
2004-02-26,10.3,84,0.77,11.4,0.416,8.4
2004-02-27,8.2,78,0.77,10.2,0.398,0.3
2004-02-28,9.1,70,0.87,9.8,0.377,0.0
2004-02-29,9.6,73,0.81,10.3,0.362,0.0
2004-03-01,9.1,83,0.59,9.9,0.383,14.6
2004-03-02,9.5,82,0.71,10.5,0.402,1.8
2004-03-03,10.3,76,0.82,11.1,0.376,0.0
2004-03-04,10.4,73,0.87,11.7,0.361,0.0
2004-03-05,11.3,74,0.84,11.8,0.348,0.0
2004-03-06,12.6,77,0.96,12.8,0.338,0.0
2004-03-07,14.8,80,1.04,14.5,0.327,0.0
2004-03-08,16.4,81,1.39,15.8,0.317,0.0
2004-03-09,17.4,78,1.57,16.5,0.307,0.0
2004-03-10,17.5,69,1.66,16.7,0.295,0.0
2004-03-11,17.1,68,1.77,17.0,0.284,0.0
2004-03-12,17.0,73,1.69,17.1,0.275,0.0
2004-03-13,17.5,72,1.54,17.5,0.265,0.0
2004-03-14,18.3,71,1.68,17.7,0.256,0.0
2004-03-15,18.5,71,1.59,18.4,0.247,0.0
2004-03-16,19.5,62,2.04,18.9,0.237,0.0
2004-03-17,19.8,61,2.35,19.2,0.227,0.0
2004-03-18,20.3,63,2.77,19.5,0.218,0.0
2004-03-19,20.3,56,2.87,19.9,0.208,0.0
2004-03-20,20.5,54,2.77,20.0,0.199,0.0
2004-03-21,20.5,54,2.67,20.3,0.19,0.0
2004-03-22,19.9,58,2.41,20.7,0.182,0.0
2004-03-23,18.0,56,2.03,19.9,0.175,0.0
2004-03-24,16.8,48,2.14,18.8,0.169,0.0
2004-03-25,16.2,58,1.88,18.6,0.164,0.6
2004-03-26,14.0,59,1.55,17.1,0.221,5.4
2004-03-27,14.4,60,1.45,16.7,0.212,0.0
2004-03-28,16.8,67,2.05,18.4,0.199,0.0
2004-03-29,20.1,58,3.2,19.6,0.187,0.0
2004-03-30,17.0,58,1.79,18.7,0.177,0.0
2004-03-31,15.8,59,1.69,18.4,0.169,0.0
2004-04-01,15.7,45,1.89,17.8,0.162,0.0
2004-04-02,16.0,38,2.28,17.7,0.156,0.0
2004-04-03,17.2,46,2.42,18.6,0.151,0.0
2004-04-04,18.9,44,2.5,20.1,0.146,0.0
2004-04-05,17.1,48,2.09,19.8,0.142,0.0
2004-04-06,15.9,45,2.18,19.2,0.139,0.0
2004-04-07,17.0,53,2.14,19.9,0.137,0.0
2004-04-08,19.7,48,2.61,21.1,0.135,0.0
2004-04-09,20.6,50,2.88,22.6,0.133,0.0
2004-04-10,21.6,48,3.36,23.2,0.132,0.0
2004-04-11,21.6,41,3.42,23.2,0.131,0.0
2004-04-12,21.3,46,3.22,23.6,0.13,0.0
2004-04-13,17.6,44,2.21,21.7,0.129,0.0
2004-04-14,16.4,46,2.11,20.4,0.129,0.0
2004-04-15,16.4,46,1.78,20.0,0.128,0.0
2004-04-16,15.4,42,1.6,19.1,0.128,0.0
2004-04-17,13.9,49,1.64,18.1,0.13,0.3
2004-04-18,13.7,48,1.62,17.5,0.131,0.0
2004-04-19,16.1,45,1.91,19.7,0.13,0.0
2004-04-20,18.1,44,2.14,20.4,0.129,0.0
2004-04-21,17.9,47,2.24,21.1,0.128,0.0
2004-04-22,17.3,42,2.55,20.8,0.128,0.0
2004-04-23,19.4,34,3.12,22.1,0.127,0.0
2004-04-24,21.8,33,3.6,23.8,0.126,0.0
2004-04-25,23.7,39,4.25,25.6,0.126,0.0
2004-04-26,25.8,33,5.1,27.0,0.125,0.0
2004-04-27,26.9,26,5.33,28.1,0.125,0.0
2004-04-28,24.3,25,4.3,27.4,0.125,0.0
2004-04-29,21.4,23,3.34,25.9,0.124,0.0
2004-04-30,22.0,31,3.59,25.5,0.124,0.0
2004-05-01,23.7,32,4.32,26.5,0.124,0.0
2004-05-02,25.6,32,4.59,28.2,0.124,0.0
2004-05-03,27.1,31,5.2,29.6,0.124,0.0
2004-05-04,27.4,32,4.95,29.8,0.124,0.0
2004-05-05,24.8,33,4.39,28.9,0.124,0.0
2004-05-06,23.6,32,3.79,27.4,0.124,0.0
2004-05-07,22.7,34,3.74,26.6,0.124,0.0
2004-05-08,21.0,43,2.91,25.6,0.124,0.0
2004-05-09,21.1,35,3.31,25.4,0.124,0.0
2004-05-10,18.3,35,2.42,23.4,0.124,0.0
2004-05-11,18.1,42,2.51,23.3,0.124,0.0
2004-05-12,19.8,36,2.98,24.5,0.124,0.0
2004-05-13,22.1,33,3.62,26.0,0.124,0.0
2004-05-14,23.7,31,4.11,27.3,0.124,0.0
2004-05-15,22.5,36,3.46,26.4,0.124,0.0
2004-05-16,22.1,37,3.43,26.6,0.124,0.0
2004-05-17,20.3,37,2.91,25.6,0.124,0.0
2004-05-18,19.0,41,2.59,24.4,0.124,0.0
2004-05-19,20.2,39,2.93,25.0,0.124,0.0
2004-05-20,20.1,42,2.83,25.2,0.124,0.0
2004-05-21,19.4,44,2.7,24.7,0.124,0.0
2004-05-22,19.8,47,2.74,25.0,0.124,0.0
2004-05-23,19.7,44,2.75,25.2,0.124,0.0
2004-05-24,19.8,41,2.63,25.6,0.124,0.0
2004-05-25,20.5,45,2.64,25.8,0.124,0.0
2004-05-26,22.8,44,3.26,27.2,0.124,0.0
2004-05-27,24.7,41,3.77,28.6,0.124,0.0
2004-05-28,20.8,52,2.33,25.0,0.162,6.6
2004-05-29,20.1,45,2.73,24.4,0.168,0.0
2004-05-30,23.8,35,4.0,26.8,0.154,0.0
2004-05-31,26.0,34,4.67,28.6,0.142,0.0
2004-06-01,27.0,34,5.0,29.9,0.135,0.0
2004-06-02,27.4,31,5.14,31.0,0.13,0.0
2004-06-03,27.3,29,5.1,31.2,0.128,0.0
2004-06-04,26.7,30,5.11,30.9,0.126,0.0
2004-06-05,26.1,31,4.66,30.3,0.126,0.0
2004-06-06,26.3,38,4.79,30.5,0.125,0.0
2004-06-07,22.9,35,3.51,28.5,0.125,0.0
2004-06-08,19.4,39,2.67,26.2,0.125,0.0
2004-06-09,19.1,46,2.62,25.3,0.124,0.0
2004-06-10,21.2,43,3.06,26.6,0.124,0.0
2004-06-11,23.4,37,3.81,28.1,0.124,0.0
2004-06-12,24.0,33,3.89,28.7,0.124,0.0
2004-06-13,25.8,36,4.28,29.9,0.124,0.0
2004-06-14,26.3,39,4.1,30.7,0.124,0.0
2004-06-15,29.7,31,5.04,33.1,0.124,0.0
2004-06-16,30.0,32,5.28,34.1,0.124,0.0
2004-06-17,27.3,41,3.83,33.0,0.124,0.0
2004-06-18,26.3,42,3.66,32.5,0.124,0.0
2004-06-19,25.9,39,3.94,31.7,0.124,0.0
2004-06-20,25.2,38,4.05,31.0,0.124,0.0
2004-06-21,24.9,39,3.93,30.6,0.124,0.0
2004-06-22,26.2,39,4.25,31.4,0.124,0.0
2004-06-23,26.3,38,4.19,31.7,0.124,0.0
2004-06-24,26.2,34,4.34,31.2,0.124,0.0
2004-06-25,26.4,29,4.66,31.2,0.124,0.0
2004-06-26,26.1,33,4.3,31.1,0.124,0.0
2004-06-27,25.6,34,3.91,31.0,0.124,0.0
2004-06-28,27.7,38,4.28,32.5,0.124,0.0
2004-06-29,25.9,43,3.33,32.1,0.124,0.0
2004-06-30,25.3,44,3.19,31.5,0.124,0.0
2004-07-01,25.0,46,3.22,31.2,0.124,0.0
2004-07-02,26.9,43,3.74,31.9,0.124,0.0
2004-07-03,28.7,34,4.74,33.4,0.124,0.0
2004-07-04,28.6,36,4.75,33.8,0.124,0.0
2004-07-05,30.0,35,5.22,34.8,0.124,0.0
2004-07-06,30.7,31,5.41,35.5,0.124,0.0
2004-07-07,30.2,32,5.05,35.8,0.123,0.0
2004-07-08,28.2,39,4.23,34.6,0.123,0.0
2004-07-09,27.3,39,4.3,33.5,0.123,0.0
2004-07-10,27.1,37,4.47,33.0,0.123,0.0
2004-07-11,29.0,32,5.27,34.2,0.123,0.0
2004-07-12,30.2,28,5.77,35.1,0.123,0.0
2004-07-13,28.8,30,5.04,34.5,0.123,0.0
2004-07-14,29.0,31,5.3,34.2,0.123,0.0
2004-07-15,29.2,27,5.24,34.3,0.123,0.0
2004-07-16,29.7,27,5.31,34.6,0.123,0.0
2004-07-17,30.0,28,5.28,34.8,0.123,0.0
2004-07-18,29.8,30,4.99,34.7,0.123,0.0
2004-07-19,29.7,36,4.68,34.7,0.123,0.0
2004-07-20,29.5,37,4.78,34.7,0.123,0.0
2004-07-21,30.5,34,5.58,35.3,0.123,0.0
2004-07-22,31.0,33,5.49,36.0,0.123,0.0
2004-07-23,30.2,31,5.26,35.6,0.123,0.0
2004-07-24,30.4,33,5.28,35.7,0.123,0.0
2004-07-25,30.4,34,5.73,35.5,0.123,0.0
2004-07-26,31.1,32,6.02,36.0,0.123,0.0
2004-07-27,30.4,31,5.58,35.8,0.123,0.0
2004-07-28,29.4,34,5.08,35.2,0.123,0.0
2004-07-29,29.2,34,4.72,34.8,0.123,0.0
2004-07-30,28.9,37,4.56,34.7,0.123,0.0
2004-07-31,27.9,38,4.28,34.1,0.123,0.0
2004-08-01,26.0,42,3.85,32.7,0.123,0.0
2004-08-02,25.0,43,3.46,31.5,0.123,0.0
2004-08-03,25.3,40,4.02,31.2,0.123,0.0
2004-08-04,27.0,37,4.64,32.0,0.123,0.0
2004-08-05,26.8,37,4.44,32.1,0.123,0.0
2004-08-06,26.2,31,4.31,31.3,0.123,0.0
2004-08-07,27.0,38,4.67,32.2,0.123,0.0
2004-08-08,29.5,32,5.62,33.6,0.123,0.0
2004-08-09,29.9,34,5.61,34.3,0.123,0.0
2004-08-10,29.7,33,5.62,34.4,0.123,0.0
2004-08-11,31.1,31,6.1,35.4,0.123,0.0
2004-08-12,31.5,32,5.43,35.6,0.123,0.0
2004-08-13,30.6,38,5.29,35.7,0.123,0.0
2004-08-14,29.3,39,4.74,34.9,0.123,0.0
2004-08-15,26.1,42,3.95,32.4,0.123,0.0
2004-08-16,27.5,39,4.3,32.9,0.123,0.0
2004-08-17,28.7,37,4.96,33.3,0.123,0.0
2004-08-18,29.3,36,5.12,34.0,0.123,0.0
2004-08-19,29.3,36,4.76,34.2,0.123,0.0
2004-08-20,28.9,42,4.24,34.1,0.123,0.0
2004-08-21,28.4,42,3.89,33.5,0.123,0.0
2004-08-22,25.6,42,3.2,31.6,0.123,0.0
2004-08-23,25.3,48,3.12,30.9,0.123,0.0
2004-08-24,25.7,46,3.41,30.9,0.123,0.0
2004-08-25,25.8,42,4.04,30.7,0.123,0.0
2004-08-26,25.4,47,3.32,30.3,0.123,0.0
2004-08-27,26.9,35,4.34,31.2,0.123,0.0
2004-08-28,28.9,31,5.54,32.6,0.123,0.0
2004-08-29,29.5,29,5.54,33.5,0.123,0.0
2004-08-30,29.1,31,5.25,33.5,0.123,0.0
2004-08-31,28.7,34,5.11,33.2,0.123,0.0
2004-09-01,28.8,37,4.77,33.1,0.123,0.0
2004-09-02,27.7,36,4.63,32.3,0.123,0.0
2004-09-03,24.8,30,3.76,30.1,0.123,0.0
2004-09-04,25.0,27,4.11,29.5,0.123,0.0
2004-09-05,26.5,30,5.13,30.2,0.123,0.0
2004-09-06,28.6,25,5.49,31.2,0.123,0.0
2004-09-07,29.6,25,5.63,32.4,0.123,0.0
2004-09-08,29.9,25,6.19,32.6,0.123,0.0
2004-09-09,29.7,23,5.95,32.7,0.123,0.0
2004-09-10,28.8,29,5.2,32.9,0.123,0.0
2004-09-11,28.7,29,5.24,32.8,0.123,0.0
2004-09-12,27.2,34,4.36,31.5,0.123,0.0
2004-09-13,24.0,36,3.36,29.1,0.123,0.0
2004-09-14,23.9,42,3.58,28.6,0.123,0.0
2004-09-15,25.0,29,4.06,28.7,0.123,0.0
2004-09-16,26.1,33,4.24,29.4,0.123,0.0
2004-09-17,26.5,38,4.25,30.2,0.123,0.0
2004-09-18,20.6,38,2.34,26.0,0.123,0.0
2004-09-19,17.1,46,1.64,22.8,0.125,0.4
2004-09-20,17.4,49,2.13,22.3,0.129,0.0
2004-09-21,19.4,37,2.71,23.4,0.127,0.0
2004-09-22,21.5,34,3.57,24.4,0.126,0.0
2004-09-23,23.0,33,3.78,25.7,0.125,0.0
2004-09-24,24.3,34,4.17,26.7,0.125,0.0
2004-09-25,24.3,37,4.19,27.3,0.125,0.0
2004-09-26,24.4,39,4.07,27.7,0.124,0.0
2004-09-27,24.0,40,3.73,27.4,0.124,0.0
2004-09-28,20.9,52,2.35,26.0,0.124,0.0
2004-09-29,20.8,53,2.24,25.6,0.124,0.0
2004-09-30,20.9,52,2.16,25.1,0.124,0.0
2004-10-01,20.3,56,2.18,24.8,0.124,0.0
2004-10-02,21.9,51,2.97,25.5,0.124,0.0
2004-10-03,22.8,47,3.24,26.1,0.124,0.0
2004-10-04,22.0,51,2.79,25.6,0.124,0.0
2004-10-05,21.7,53,2.81,25.4,0.124,0.0
2004-10-06,22.6,48,3.28,25.5,0.124,0.0
2004-10-07,22.5,47,3.17,25.7,0.124,0.0
2004-10-08,22.4,49,3.21,25.5,0.124,0.0
2004-10-09,20.4,58,2.01,24.2,0.124,0.0
2004-10-10,19.3,36,2.45,23.5,0.124,0.0
2004-10-11,19.7,41,2.91,23.1,0.124,0.0
2004-10-12,21.5,32,3.52,23.6,0.124,0.0
2004-10-13,22.0,38,3.5,24.3,0.124,0.0
2004-10-14,22.7,41,3.51,24.8,0.124,0.0
2004-10-15,22.9,43,3.21,24.8,0.124,0.0
2004-10-16,21.0,52,2.3,23.9,0.124,0.0
2004-10-17,17.5,77,1.03,20.3,0.205,11.8
2004-10-18,16.0,79,0.95,19.0,0.301,7.6
2004-10-19,13.7,82,0.62,15.8,0.334,25.2
2004-10-20,13.8,82,0.77,16.2,0.374,11.1
2004-10-21,12.8,69,1.11,15.3,0.338,0.0
2004-10-22,13.2,68,1.12,15.2,0.309,0.0
2004-10-23,14.1,67,1.05,15.1,0.292,0.0
2004-10-24,15.1,76,0.62,16.0,0.292,2.0
2004-10-25,14.7,74,1.12,16.5,0.289,0.0
2004-10-26,12.1,83,0.55,14.1,0.354,23.7
2004-10-27,10.4,78,0.81,13.2,0.366,0.0
2004-10-28,11.3,70,0.96,13.4,0.341,0.0
2004-10-29,11.3,66,1.03,13.0,0.324,0.0
2004-10-30,12.1,74,0.87,13.5,0.311,0.0
2004-10-31,12.2,75,1.0,13.4,0.301,0.0
2004-11-01,12.1,68,0.96,13.2,0.292,0.0
2004-11-02,13.5,73,1.24,13.8,0.283,0.0
2004-11-03,11.6,81,0.94,12.9,0.299,9.8
2004-11-04,10.3,72,0.77,12.3,0.36,0.6
2004-11-05,11.4,70,0.97,12.9,0.331,0.0
2004-11-06,12.1,76,0.91,13.0,0.312,0.0
2004-11-07,12.0,84,0.72,13.1,0.329,4.8
2004-11-08,12.3,90,0.38,12.9,0.383,8.0
2004-11-09,13.0,82,0.69,14.4,0.361,0.0
2004-11-10,13.1,78,0.9,13.9,0.337,0.0
2004-11-11,13.7,77,0.87,14.1,0.324,0.0
2004-11-12,12.0,80,0.83,13.1,0.315,0.0
2004-11-13,12.7,81,0.76,13.6,0.309,0.1
2004-11-14,11.8,82,0.85,13.1,0.301,0.0
2004-11-15,12.1,82,0.88,12.9,0.293,0.0
2004-11-16,12.9,80,1.15,13.5,0.287,0.0
2004-11-17,12.2,81,0.91,13.3,0.28,0.0
2004-11-18,11.0,88,0.52,12.5,0.274,0.0
2004-11-19,9.6,88,0.53,11.3,0.271,0.0
2004-11-20,9.4,75,0.8,10.4,0.267,0.0
2004-11-21,8.7,54,1.25,9.1,0.26,0.0
2004-11-22,7.4,65,0.97,8.9,0.253,0.0
2004-11-23,8.1,70,0.92,9.0,0.248,0.0
2004-11-24,9.1,73,0.96,9.4,0.244,0.0
2004-11-25,10.4,71,1.04,10.6,0.24,0.0
2004-11-26,9.7,84,0.52,11.0,0.236,0.0
2004-11-27,9.2,84,0.4,9.9,0.281,8.3
2004-11-28,7.3,51,0.85,8.8,0.312,0.0
2004-11-29,5.6,65,0.72,6.8,0.294,0.0
2004-11-30,5.7,69,0.81,6.5,0.283,0.0
2004-12-01,5.4,71,0.72,6.3,0.273,0.0
2004-12-02,5.8,70,0.79,6.3,0.266,0.0
2004-12-03,5.3,63,0.87,6.1,0.259,0.0
2004-12-04,5.7,65,1.0,6.2,0.253,0.0
2004-12-05,7.7,63,1.0,7.6,0.247,0.0
2004-12-06,8.4,68,0.77,8.4,0.242,0.0
2004-12-07,9.3,82,0.39,9.0,0.341,19.7
2004-12-08,10.8,89,0.35,10.3,0.381,6.9
2004-12-09,11.4,90,0.44,11.4,0.351,0.0
2004-12-10,11.3,92,0.49,11.7,0.334,0.0
2004-12-11,11.3,86,0.85,12.0,0.322,0.0
2004-12-12,12.3,82,1.13,11.8,0.313,0.0
2004-12-13,11.3,87,0.64,11.3,0.305,0.0
2004-12-14,9.9,92,0.38,11.1,0.3,0.0
2004-12-15,8.2,89,0.47,10.1,0.296,0.0
2004-12-16,8.7,84,0.72,9.1,0.292,0.0
2004-12-17,7.3,80,0.82,8.5,0.287,0.0
2004-12-18,7.2,82,0.73,8.1,0.282,0.0
2004-12-19,7.7,82,0.84,8.5,0.277,0.0
2004-12-20,7.2,83,0.72,8.3,0.273,0.0
2004-12-21,6.5,86,0.51,7.9,0.269,0.0
2004-12-22,6.5,82,0.71,7.9,0.266,0.0
2004-12-23,6.5,79,0.71,7.5,0.262,0.0
2004-12-24,6.1,78,0.86,7.3,0.258,0.0
2004-12-25,6.3,75,0.89,7.4,0.254,0.0
2004-12-26,7.5,80,0.41,7.5,0.252,0.3
2004-12-27,11.8,71,0.92,10.0,0.281,6.9
2004-12-28,9.5,92,0.17,9.8,0.404,25.0
2004-12-29,9.2,89,0.25,9.6,0.412,9.0
2004-12-30,9.6,84,0.29,9.3,0.418,30.6
2004-12-31,9.4,87,0.34,10.0,0.42,36.0
2005-01-01,8.9,84,0.54,9.6,0.407,2.7
2005-01-02,8.4,87,0.43,9.0,0.396,4.6
2005-01-03,7.5,92,0.19,8.6,0.428,21.9
2005-01-04,5.9,87,0.38,7.6,0.402,0.0
2005-01-05,6.4,80,0.63,7.4,0.384,0.0
2005-01-06,7.8,75,0.64,8.3,0.373,0.1
2005-01-07,8.8,83,0.59,8.5,0.41,16.6
2005-01-08,10.2,92,0.16,9.6,0.418,16.9
2005-01-09,12.0,95,0.15,11.0,0.425,16.6
2005-01-10,11.9,92,0.34,11.4,0.418,10.4
2005-01-11,8.3,89,0.29,9.7,0.42,12.7
2005-01-12,5.8,88,0.31,7.8,0.399,0.0
2005-01-13,4.4,88,0.35,6.1,0.387,0.0
2005-01-14,5.4,83,0.57,6.5,0.378,0.0
2005-01-15,6.5,82,0.66,7.1,0.371,0.0
2005-01-16,8.4,83,0.58,8.4,0.365,0.0
2005-01-17,7.6,91,0.44,8.5,0.36,0.0
2005-01-18,8.3,89,0.54,9.0,0.356,0.0
2005-01-19,9.4,87,0.74,9.7,0.351,0.0
2005-01-20,10.0,87,0.73,10.1,0.347,0.0
2005-01-21,9.5,89,0.64,10.2,0.342,0.0
2005-01-22,9.6,90,0.58,10.5,0.339,0.0
2005-01-23,10.7,87,0.7,10.9,0.335,0.0
2005-01-24,11.6,86,0.84,11.5,0.331,0.1
2005-01-25,13.9,83,0.91,13.2,0.343,2.9
2005-01-26,11.9,92,0.32,12.4,0.408,17.5
2005-01-27,9.7,86,0.63,10.8,0.395,0.3
2005-01-28,9.6,89,0.29,10.4,0.423,15.5
2005-01-29,7.4,82,0.61,8.8,0.402,0.0
2005-01-30,7.2,83,0.54,8.6,0.386,0.0
2005-01-31,7.6,80,0.71,8.5,0.376,0.0
2005-02-01,9.8,78,0.77,9.1,0.368,0.0
2005-02-02,8.7,81,0.71,9.6,0.361,0.0
2005-02-03,8.8,81,0.8,9.9,0.354,0.0
2005-02-04,10.2,77,0.97,10.2,0.349,0.0
2005-02-05,10.9,81,0.79,11.2,0.343,0.0
2005-02-06,10.6,83,0.65,11.0,0.339,0.0
2005-02-07,9.6,83,0.44,9.9,0.339,0.0
2005-02-08,9.5,80,0.75,10.2,0.336,0.0
2005-02-09,10.1,79,0.86,10.8,0.33,0.0
2005-02-10,10.3,82,0.81,10.8,0.325,0.0
2005-02-11,10.8,86,0.45,11.3,0.324,0.6
2005-02-12,12.4,84,0.7,12.6,0.324,0.0
2005-02-13,12.3,84,0.71,12.2,0.32,0.0
2005-02-14,12.3,81,0.68,12.5,0.318,0.5
2005-02-15,10.7,91,0.21,11.4,0.38,15.6
2005-02-16,13.0,86,0.58,12.9,0.409,5.9
2005-02-17,12.3,84,0.7,12.4,0.385,1.5
2005-02-18,11.9,88,0.56,12.4,0.409,9.7
2005-02-19,10.4,87,0.54,11.1,0.415,7.5
2005-02-20,12.4,75,1.0,12.4,0.408,1.9
2005-02-21,12.5,82,0.8,12.8,0.424,16.8
2005-02-22,11.7,79,0.87,12.3,0.41,1.3
2005-02-23,11.9,79,0.87,12.4,0.391,0.1
2005-02-24,11.7,83,0.65,12.1,0.38,0.0
2005-02-25,11.0,82,0.81,11.9,0.372,0.0
2005-02-26,11.2,78,0.99,12.0,0.362,0.0
2005-02-27,12.2,76,1.02,12.6,0.354,0.0
2005-02-28,12.6,78,0.86,13.5,0.394,10.8
2005-03-01,11.9,74,0.89,12.6,0.377,0.0
2005-03-02,11.8,78,0.7,12.6,0.371,0.4
2005-03-03,12.3,78,0.82,12.4,0.363,0.0
2005-03-04,12.2,87,0.47,13.2,0.397,7.7
2005-03-05,12.5,80,0.84,13.3,0.38,0.0
2005-03-06,13.1,82,0.84,13.7,0.364,0.0
2005-03-07,13.1,86,0.8,14.1,0.353,0.0
2005-03-08,14.8,85,0.94,15.0,0.344,0.0
2005-03-09,15.6,86,1.01,15.8,0.335,0.0
2005-03-10,15.8,86,0.83,16.4,0.328,0.0
2005-03-11,16.9,78,1.41,16.8,0.32,0.0
2005-03-12,17.7,77,1.31,17.3,0.31,0.0
2005-03-13,15.3,81,0.93,16.7,0.302,0.0
2005-03-14,14.7,74,1.02,16.3,0.294,0.0
2005-03-15,13.9,64,1.51,14.8,0.286,0.0
2005-03-16,14.0,68,1.46,14.6,0.278,0.0
2005-03-17,13.3,65,1.24,14.2,0.273,0.0
2005-03-18,13.0,74,1.02,13.8,0.271,0.5
2005-03-19,12.3,85,0.54,13.3,0.355,19.2
2005-03-20,11.5,82,0.73,13.1,0.402,9.4
2005-03-21,12.3,78,0.95,13.8,0.384,2.1
2005-03-22,12.4,88,0.28,13.1,0.423,37.0
2005-03-23,10.3,85,0.52,12.7,0.42,7.6
2005-03-24,10.9,70,1.01,12.7,0.398,0.0
2005-03-25,10.7,67,1.02,12.5,0.376,0.0
2005-03-26,12.2,70,1.0,13.2,0.363,0.0
2005-03-27,14.5,67,1.43,14.4,0.352,0.0
2005-03-28,12.4,72,0.86,14.2,0.392,12.5
2005-03-29,10.5,74,0.6,12.2,0.376,0.0
2005-03-30,11.9,68,1.12,13.2,0.362,0.0
2005-03-31,13.0,68,1.28,13.9,0.347,0.0
2005-04-01,15.6,68,1.69,15.3,0.334,0.0
2005-04-02,15.3,69,1.47,15.8,0.323,0.0
2005-04-03,13.1,68,0.98,14.8,0.314,0.5
2005-04-04,11.6,69,1.09,14.1,0.339,2.8
2005-04-05,13.4,66,1.23,14.4,0.32,0.0
2005-04-06,17.1,66,2.04,16.3,0.304,0.0
2005-04-07,12.4,71,0.7,14.0,0.315,4.0
2005-04-08,9.3,76,0.58,11.8,0.341,4.7
2005-04-09,10.7,72,1.02,12.1,0.348,0.3
2005-04-10,12.3,72,1.15,13.6,0.325,0.0
2005-04-11,14.7,66,1.34,14.8,0.306,0.0
2005-04-12,14.0,65,1.41,15.4,0.288,0.0
2005-04-13,11.6,52,1.21,13.9,0.273,0.0
2005-04-14,11.9,52,1.34,13.9,0.26,0.0
2005-04-15,14.1,58,1.56,15.2,0.248,0.0
2005-04-16,17.5,63,1.81,17.3,0.238,0.0
2005-04-17,17.5,66,1.64,18.3,0.227,0.0
2005-04-18,15.1,50,1.68,17.1,0.216,0.0
2005-04-19,14.0,47,1.7,16.3,0.21,0.8
2005-04-20,14.6,51,1.87,16.2,0.206,0.0
2005-04-21,16.1,56,2.04,17.4,0.197,0.0
2005-04-22,16.9,58,1.97,17.8,0.192,1.1
2005-04-23,15.7,57,1.58,17.7,0.194,0.4
2005-04-24,15.4,64,1.47,17.4,0.198,0.4
2005-04-25,15.7,60,1.64,17.9,0.19,0.0
2005-04-26,17.5,60,1.73,18.8,0.182,0.0
2005-04-27,16.7,66,2.09,18.4,0.209,6.4
2005-04-28,14.1,76,0.83,16.1,0.3,8.9
2005-04-29,15.8,65,1.55,16.6,0.302,0.0
2005-04-30,17.1,61,1.82,18.0,0.271,0.0
2005-05-01,18.4,56,1.9,19.6,0.247,0.0
2005-05-02,18.8,54,2.19,19.9,0.224,0.0
2005-05-03,19.4,55,2.37,20.6,0.205,0.0
2005-05-04,18.9,59,1.7,20.1,0.192,0.0
2005-05-05,15.8,84,0.87,18.0,0.306,27.1
2005-05-06,15.3,78,0.99,17.7,0.369,3.0
2005-05-07,16.4,62,1.64,18.1,0.322,0.0
2005-05-08,17.3,67,1.68,18.5,0.297,3.6
2005-05-09,14.3,77,0.72,17.7,0.38,16.9
2005-05-10,14.1,60,1.53,16.2,0.352,0.0
2005-05-11,15.7,61,1.59,17.3,0.315,0.0
2005-05-12,18.4,60,1.95,19.0,0.289,0.0
2005-05-13,20.4,64,2.11,20.6,0.268,0.0
2005-05-14,21.8,58,2.68,22.1,0.249,0.0
2005-05-15,22.3,63,2.44,22.9,0.23,0.0
2005-05-16,18.5,66,1.42,20.5,0.291,9.6
2005-05-17,17.1,52,1.87,19.4,0.287,0.0
2005-05-18,20.9,52,2.73,21.3,0.259,0.0
2005-05-19,22.3,65,2.22,23.2,0.234,0.0
2005-05-20,20.2,53,2.09,22.1,0.214,0.0
2005-05-21,21.2,44,2.9,22.4,0.196,0.0
2005-05-22,23.3,44,3.37,23.8,0.181,0.0
2005-05-23,23.3,45,3.33,24.6,0.168,0.0
2005-05-24,24.5,46,3.89,25.5,0.158,0.0
2005-05-25,26.4,44,4.08,26.4,0.15,0.0
2005-05-26,26.3,42,3.96,27.5,0.143,0.0
2005-05-27,26.1,42,3.99,28.1,0.138,0.0
2005-05-28,23.4,35,3.29,26.6,0.135,0.0
2005-05-29,19.5,42,2.43,24.0,0.133,0.0
2005-05-30,21.7,45,2.87,25.1,0.132,0.0
2005-05-31,25.2,46,3.53,27.1,0.131,0.0
2005-06-01,25.9,41,3.83,28.0,0.13,0.0
2005-06-02,24.1,29,3.75,27.0,0.129,0.0
2005-06-03,24.0,32,3.72,27.2,0.128,0.0
2005-06-04,24.0,36,3.8,27.4,0.127,0.0
2005-06-05,21.0,34,2.89,25.5,0.126,0.0
2005-06-06,18.7,35,2.63,23.7,0.126,0.0
2005-06-07,18.8,38,2.77,23.4,0.126,0.0
2005-06-08,19.4,47,1.95,23.0,0.126,0.0
2005-06-09,21.0,58,2.12,23.9,0.126,0.0
2005-06-10,22.8,51,3.18,26.1,0.126,0.0
2005-06-11,23.3,46,3.25,27.0,0.126,0.0
2005-06-12,24.5,38,3.99,27.6,0.125,0.0
2005-06-13,26.8,31,4.26,29.1,0.125,0.0
2005-06-14,28.2,34,4.95,30.6,0.125,0.0
2005-06-15,26.6,29,4.55,30.4,0.124,0.0
2005-06-16,23.3,26,3.59,28.2,0.124,0.0
2005-06-17,19.4,49,1.92,24.2,0.125,0.0
2005-06-18,19.9,41,2.4,24.9,0.125,0.0
2005-06-19,21.6,41,3.04,26.2,0.125,0.0
2005-06-20,23.4,40,3.54,27.6,0.124,0.0
2005-06-21,24.0,39,3.58,28.2,0.124,0.0
2005-06-22,24.7,37,3.92,28.7,0.124,0.0
2005-06-23,25.9,36,3.95,30.0,0.124,0.0
2005-06-24,25.0,40,3.89,29.8,0.124,0.0
2005-06-25,24.8,39,3.57,29.8,0.124,0.0
2005-06-26,24.8,39,3.64,29.6,0.124,0.0
2005-06-27,24.8,41,3.64,29.8,0.124,0.0
2005-06-28,24.5,40,3.66,29.5,0.124,0.0
2005-06-29,27.0,40,4.29,30.9,0.124,0.0
2005-06-30,29.4,36,5.18,32.6,0.124,0.0
2005-07-01,30.5,36,5.51,33.9,0.124,0.0
2005-07-02,30.1,32,5.47,34.0,0.124,0.0
2005-07-03,29.1,28,5.48,33.3,0.124,0.0
2005-07-04,28.8,30,5.27,33.1,0.124,0.0
2005-07-05,28.3,33,4.85,32.7,0.124,0.0
2005-07-06,27.7,37,4.5,32.3,0.124,0.0
2005-07-07,28.2,38,4.58,32.7,0.124,0.0
2005-07-08,27.0,35,4.19,31.8,0.124,0.0
2005-07-09,25.8,44,3.99,30.9,0.124,0.0
2005-07-10,26.0,39,4.11,30.6,0.124,0.0
2005-07-11,27.9,45,4.16,32.3,0.124,0.0
2005-07-12,31.1,39,5.24,34.7,0.124,0.0
2005-07-13,32.6,35,5.81,36.1,0.124,0.0
2005-07-14,32.7,37,6.15,36.3,0.124,0.0
2005-07-15,32.9,32,6.29,36.5,0.124,0.0
2005-07-16,33.3,33,6.29,37.0,0.124,0.0
2005-07-17,33.6,30,7.0,37.3,0.123,0.0
2005-07-18,33.0,29,6.54,36.7,0.123,0.0
2005-07-19,32.2,31,6.2,36.3,0.123,0.0
2005-07-20,32.8,30,6.43,36.8,0.123,0.0
2005-07-21,33.5,29,5.79,37.7,0.123,0.0
2005-07-22,30.7,37,4.9,36.1,0.123,0.0
2005-07-23,31.4,33,5.57,36.1,0.123,0.0
2005-07-24,31.9,31,6.35,36.1,0.123,0.0
2005-07-25,30.7,25,6.16,35.4,0.123,0.0
2005-07-26,30.3,26,5.84,35.0,0.123,0.0
2005-07-27,31.1,30,5.77,35.5,0.123,0.0
2005-07-28,31.2,29,5.62,35.9,0.123,0.0
2005-07-29,30.8,31,5.34,35.7,0.123,0.0
2005-07-30,31.2,40,5.27,35.9,0.123,0.0
2005-07-31,31.8,37,5.78,36.3,0.123,0.0
2005-08-01,31.4,30,6.13,35.8,0.123,0.0
2005-08-02,30.8,25,6.03,35.3,0.123,0.0
2005-08-03,29.8,30,5.19,35.0,0.123,0.0
2005-08-04,30.2,34,5.39,34.9,0.123,0.0
2005-08-05,31.5,34,5.89,35.6,0.123,0.0
2005-08-06,32.1,31,6.01,36.2,0.123,0.0
2005-08-07,32.7,29,6.23,36.7,0.123,0.0
2005-08-08,32.0,29,6.0,36.5,0.123,0.0
2005-08-09,31.3,33,5.53,36.0,0.123,0.0
2005-08-10,30.6,32,5.79,35.4,0.123,0.0
2005-08-11,29.1,29,5.17,34.2,0.123,0.0
2005-08-12,29.7,30,5.36,34.4,0.123,0.0
2005-08-13,28.1,34,4.36,33.6,0.123,0.0
2005-08-14,27.4,38,3.9,33.0,0.123,0.0
2005-08-15,25.5,52,2.32,29.2,0.132,1.6
2005-08-16,27.9,46,4.52,31.7,0.135,0.0
2005-08-17,29.2,40,4.8,33.4,0.13,0.0
2005-08-18,28.6,37,4.41,33.4,0.127,0.0
2005-08-19,26.8,40,4.05,32.2,0.126,0.0
2005-08-20,27.7,37,4.75,32.4,0.125,0.0
2005-08-21,28.1,37,4.9,32.6,0.125,0.0
2005-08-22,28.0,36,4.95,32.5,0.124,0.0
2005-08-23,29.3,34,5.33,33.3,0.124,0.0
2005-08-24,28.9,32,5.19,32.8,0.124,0.0
2005-08-25,28.6,35,5.33,32.8,0.124,0.0
2005-08-26,29.6,29,5.48,33.2,0.124,0.0
2005-08-27,30.3,35,5.21,34.2,0.124,0.0
2005-08-28,30.7,36,5.63,34.5,0.124,0.0
2005-08-29,29.8,28,5.37,33.9,0.124,0.0
2005-08-30,26.8,26,4.61,31.8,0.124,0.0
2005-08-31,27.5,23,4.94,31.4,0.124,0.0
2005-09-01,27.6,30,4.92,31.5,0.124,0.0
2005-09-02,27.6,34,4.78,31.8,0.124,0.0
2005-09-03,27.6,36,4.51,32.1,0.124,0.0
2005-09-04,26.1,35,4.11,31.2,0.124,0.0
2005-09-05,25.4,36,4.12,30.3,0.124,0.0
2005-09-06,26.1,33,4.46,30.4,0.124,0.0
2005-09-07,25.5,37,4.03,30.2,0.124,0.0
2005-09-08,24.4,40,3.48,29.7,0.124,0.0
2005-09-09,22.0,51,2.45,27.8,0.124,0.0
2005-09-10,21.5,45,2.8,26.8,0.124,0.0
2005-09-11,20.3,41,2.76,25.7,0.124,0.0
2005-09-12,20.3,43,2.8,25.5,0.124,0.0
2005-09-13,20.8,40,2.93,25.5,0.124,0.0
2005-09-14,21.0,38,3.11,25.7,0.124,0.0
2005-09-15,22.0,42,3.21,26.2,0.124,0.0
2005-09-16,22.1,42,3.14,26.6,0.124,0.0
2005-09-17,21.2,46,2.82,25.7,0.124,0.0
2005-09-18,21.2,45,2.87,25.6,0.124,0.0
2005-09-19,23.5,37,3.86,26.8,0.124,0.0
2005-09-20,22.3,55,3.03,25.4,0.147,6.0
2005-09-21,22.4,66,2.82,25.2,0.203,0.0
2005-09-22,24.5,49,3.1,26.2,0.184,0.0
2005-09-23,23.3,45,3.46,26.2,0.169,0.0
2005-09-24,20.0,38,2.56,24.3,0.156,0.0
2005-09-25,21.3,34,3.02,24.2,0.148,0.0
2005-09-26,22.0,44,3.13,23.9,0.152,4.3
2005-09-27,21.1,59,2.57,23.8,0.184,0.3
2005-09-28,22.8,50,2.86,24.7,0.17,0.0
2005-09-29,23.7,49,3.59,25.4,0.16,0.0
2005-09-30,24.9,43,4.2,25.9,0.151,0.0
2005-10-01,24.8,38,3.91,26.2,0.143,0.0
2005-10-02,21.0,45,2.48,25.0,0.137,0.0
2005-10-03,18.2,40,2.42,22.3,0.134,0.0
2005-10-04,17.4,42,2.28,21.4,0.132,0.0
2005-10-05,19.0,32,2.87,21.9,0.131,0.0
2005-10-06,20.6,32,3.38,22.8,0.129,0.0
2005-10-07,21.5,35,3.52,23.5,0.128,0.0
2005-10-08,18.3,47,2.08,22.3,0.127,0.0
2005-10-09,17.9,54,2.0,21.6,0.127,0.0
2005-10-10,19.2,51,2.7,22.2,0.127,0.0
2005-10-11,20.7,41,3.11,23.2,0.126,0.0
2005-10-12,20.5,51,2.64,23.4,0.126,0.0
2005-10-13,21.8,47,3.26,23.7,0.126,0.0
2005-10-14,22.7,40,4.1,24.1,0.125,0.0
2005-10-15,17.5,54,1.56,20.9,0.125,0.0
2005-10-16,18.1,47,2.25,21.1,0.125,0.0
2005-10-17,19.0,46,2.44,21.3,0.125,0.0
2005-10-18,18.9,60,1.72,22.1,0.125,0.0
2005-10-19,18.4,63,1.65,21.4,0.125,0.0
2005-10-20,17.7,63,1.72,21.1,0.125,0.0
2005-10-21,19.1,55,2.19,21.3,0.125,0.0
2005-10-22,19.8,54,2.41,22.1,0.125,0.0
2005-10-23,19.8,52,2.42,22.0,0.124,0.0
2005-10-24,19.2,56,2.44,21.8,0.128,3.1
2005-10-25,18.2,65,1.63,20.8,0.17,0.5
2005-10-26,17.4,55,1.84,20.2,0.163,0.0
2005-10-27,13.5,77,0.56,16.0,0.171,2.1
2005-10-28,15.2,63,1.6,17.2,0.176,0.0
2005-10-29,16.3,57,1.7,17.6,0.169,0.0
2005-10-30,15.3,65,1.63,17.8,0.163,0.0
2005-10-31,15.8,55,1.91,17.6,0.157,0.0
2005-11-01,18.3,52,2.64,18.8,0.153,0.0
2005-11-02,16.7,55,1.41,18.1,0.148,0.0
2005-11-03,14.6,49,1.62,17.3,0.145,0.0
2005-11-04,14.8,58,1.52,16.8,0.142,0.0
2005-11-05,14.0,58,1.55,16.6,0.139,0.0
2005-11-06,14.8,59,1.53,16.8,0.138,0.2
2005-11-07,17.6,57,2.11,18.4,0.139,0.0
2005-11-08,17.1,65,1.14,18.2,0.149,1.9
2005-11-09,16.4,65,1.69,18.3,0.156,0.0
2005-11-10,15.3,66,1.1,17.1,0.156,0.1
2005-11-11,14.4,71,1.52,17.0,0.156,0.0
2005-11-12,13.3,72,1.06,15.7,0.152,0.0
2005-11-13,13.9,56,1.69,15.3,0.149,0.0
2005-11-14,14.4,59,1.36,15.7,0.146,0.0
2005-11-15,16.2,64,1.87,16.7,0.144,0.0
2005-11-16,16.7,57,2.12,17.1,0.141,0.0
2005-11-17,15.9,54,2.06,16.8,0.139,0.0
2005-11-18,15.6,49,2.33,16.5,0.137,0.0
2005-11-19,14.7,49,2.15,15.7,0.135,0.0
2005-11-20,15.8,46,2.45,15.5,0.134,0.0
2005-11-21,14.8,46,2.41,15.3,0.133,0.0
2005-11-22,14.7,44,2.43,15.3,0.132,0.0
2005-11-23,14.3,43,2.03,15.3,0.131,0.0
2005-11-24,14.9,48,1.95,15.3,0.131,0.0
2005-11-25,13.3,71,1.02,14.3,0.152,3.4
2005-11-26,10.9,56,1.26,13.1,0.17,0.0
2005-11-27,8.9,35,1.27,10.9,0.165,0.0
2005-11-28,7.7,41,1.23,9.3,0.163,0.7
2005-11-29,10.4,68,0.69,11.1,0.196,4.7
2005-11-30,12.4,77,0.88,13.2,0.201,0.0
2005-12-01,13.1,77,0.81,12.9,0.226,12.8
2005-12-02,11.8,75,0.69,13.0,0.366,12.7
2005-12-03,8.6,61,0.88,10.6,0.31,0.0
2005-12-04,7.2,61,0.76,8.8,0.285,0.0
2005-12-05,7.6,66,0.87,8.5,0.27,0.0
2005-12-06,7.2,68,0.87,7.9,0.258,0.0
2005-12-07,7.7,66,0.91,8.3,0.249,0.0
2005-12-08,9.9,68,0.85,10.2,0.244,0.2
2005-12-09,9.8,73,1.02,10.1,0.238,0.0
2005-12-10,9.9,74,0.99,10.2,0.231,0.0
2005-12-11,10.8,72,1.02,10.7,0.226,0.0
2005-12-12,10.6,71,1.12,10.6,0.221,0.0
2005-12-13,9.5,77,0.88,10.4,0.216,0.0
2005-12-14,9.1,79,0.79,9.8,0.211,0.0
2005-12-15,9.3,76,0.87,10.1,0.207,0.0
2005-12-16,8.0,72,0.91,8.9,0.203,0.0
2005-12-17,8.3,75,0.8,9.0,0.207,5.3
2005-12-18,11.6,86,0.5,10.8,0.375,26.9
2005-12-19,13.9,83,0.99,13.1,0.354,0.7
2005-12-20,13.7,78,1.22,12.9,0.324,0.0
2005-12-21,13.7,74,1.23,12.7,0.309,0.8
2005-12-22,15.0,85,0.73,14.2,0.31,0.9
2005-12-23,13.6,92,0.28,13.6,0.308,0.0
2005-12-24,14.3,88,0.94,14.6,0.299,0.0
2005-12-25,13.3,82,0.82,13.3,0.293,2.7
2005-12-26,13.0,80,0.86,13.8,0.378,10.2
2005-12-27,10.6,71,0.77,11.0,0.346,0.0
2005-12-28,10.6,83,0.4,10.8,0.357,6.3
2005-12-29,9.7,86,0.52,10.9,0.355,0.0
2005-12-30,10.3,76,0.67,11.1,0.336,0.0
2005-12-31,12.3,87,0.51,12.0,0.397,28.3
2006-01-01,9.2,90,0.28,9.5,0.405,28.5
2006-01-02,11.4,91,0.28,11.4,0.431,63.2
2006-01-03,9.9,83,0.72,10.6,0.4,0.2
2006-01-04,9.7,80,0.67,10.0,0.382,0.0
2006-01-05,10.1,84,0.77,10.3,0.37,0.0
2006-01-06,11.6,85,1.02,11.2,0.36,0.0
2006-01-07,11.1,83,0.68,11.3,0.352,0.2
2006-01-08,9.2,85,0.57,10.4,0.344,0.0
2006-01-09,8.3,88,0.55,9.5,0.338,0.0
2006-01-10,8.2,86,0.69,9.2,0.332,0.0
2006-01-11,9.1,85,0.48,9.2,0.328,0.0
2006-01-12,8.2,90,0.36,9.4,0.325,0.0
2006-01-13,10.1,80,1.07,9.9,0.321,0.0
2006-01-14,10.1,84,0.66,10.4,0.373,14.4
2006-01-15,7.2,77,0.7,8.9,0.385,1.0
2006-01-16,5.9,74,0.6,7.3,0.36,0.0
2006-01-17,6.8,75,0.68,7.5,0.349,0.0
2006-01-18,8.2,86,0.42,9.0,0.393,12.1
2006-01-19,6.6,82,0.61,7.9,0.382,0.0
2006-01-20,6.5,82,0.6,7.4,0.366,0.0
2006-01-21,6.8,83,0.48,7.0,0.356,0.0
2006-01-22,7.6,87,0.5,8.4,0.349,0.0
2006-01-23,6.8,83,0.68,7.9,0.342,0.0
2006-01-24,8.4,78,0.83,8.6,0.335,0.0
2006-01-25,9.4,76,1.04,9.2,0.329,0.0
2006-01-26,9.0,80,0.62,9.6,0.324,0.0
2006-01-27,8.3,78,0.67,9.5,0.32,0.0
2006-01-28,8.6,80,0.66,8.7,0.316,0.0
2006-01-29,10.0,80,0.55,10.5,0.312,0.0
2006-01-30,10.1,85,0.63,10.4,0.312,2.8
2006-01-31,8.8,85,0.47,10.3,0.334,0.0
2006-02-01,9.6,77,0.93,10.3,0.322,0.0
2006-02-02,12.7,80,0.71,12.3,0.313,0.0
2006-02-03,11.6,90,0.52,12.0,0.308,0.0
2006-02-04,11.2,84,0.68,11.3,0.303,0.0
2006-02-05,9.4,75,0.79,11.0,0.296,0.0
2006-02-06,11.1,77,1.15,11.0,0.289,0.0
2006-02-07,11.2,78,1.13,11.2,0.284,0.0
2006-02-08,11.2,77,1.12,11.2,0.278,0.0
2006-02-09,12.0,77,1.18,11.7,0.272,0.0
2006-02-10,12.9,75,1.35,12.3,0.267,0.0
2006-02-11,12.9,76,1.26,12.6,0.261,0.0
2006-02-12,12.6,80,0.91,12.9,0.256,0.0
2006-02-13,13.9,73,1.3,13.5,0.252,0.0
2006-02-14,13.0,74,1.21,13.2,0.246,0.0
2006-02-15,8.8,48,0.93,11.1,0.239,0.0
2006-02-16,6.7,51,1.0,9.1,0.233,0.0
2006-02-17,6.3,63,0.82,7.6,0.238,2.5
2006-02-18,6.1,77,0.72,8.0,0.259,1.4
2006-02-19,6.3,78,0.6,8.3,0.318,7.1
2006-02-20,6.0,72,0.8,7.8,0.315,0.0
2006-02-21,7.0,65,0.89,8.1,0.296,0.0
2006-02-22,7.8,69,0.95,8.8,0.281,0.0
2006-02-23,9.8,70,1.32,10.1,0.269,0.0
2006-02-24,10.7,70,1.52,11.2,0.258,0.0
2006-02-25,12.1,66,1.75,12.0,0.248,0.0
2006-02-26,13.3,66,1.52,12.4,0.243,1.1
2006-02-27,13.3,83,0.5,12.4,0.305,12.1
2006-02-28,13.1,78,1.0,14.0,0.375,7.3
2006-03-01,10.2,70,1.11,12.2,0.341,0.0
2006-03-02,8.9,79,0.5,10.2,0.325,2.3
2006-03-03,8.6,85,0.35,10.2,0.402,19.2
2006-03-04,7.3,73,0.88,9.5,0.371,0.0
2006-03-05,10.7,62,1.33,10.7,0.349,0.2
2006-03-06,10.7,77,0.73,11.2,0.396,21.8
2006-03-07,9.2,85,0.57,10.8,0.406,8.4
2006-03-08,8.5,76,0.75,10.3,0.393,0.0
2006-03-09,9.3,68,0.89,9.9,0.376,0.6
2006-03-10,5.6,80,0.59,8.9,0.391,7.8
2006-03-11,4.8,82,0.44,8.1,0.402,3.3
2006-03-12,5.5,77,0.59,7.6,0.387,1.2
2006-03-13,7.4,68,0.9,9.0,0.371,0.0
2006-03-14,7.6,78,0.34,8.7,0.39,12.3
2006-03-15,8.2,76,0.98,9.7,0.389,0.0
2006-03-16,10.1,69,0.85,10.5,0.369,0.0
2006-03-17,9.0,86,0.4,9.9,0.393,14.5
2006-03-18,8.7,77,0.72,9.8,0.403,0.7
2006-03-19,8.9,65,1.02,10.0,0.379,0.0
2006-03-20,8.0,74,0.92,9.2,0.38,7.2
2006-03-21,7.5,73,0.87,9.5,0.388,0.6
2006-03-22,9.7,67,0.99,10.3,0.365,0.0
2006-03-23,13.4,68,1.7,12.8,0.349,0.0
2006-03-24,13.9,68,1.49,13.8,0.336,0.0
2006-03-25,12.5,79,0.81,12.5,0.37,13.9
2006-03-26,10.9,71,1.01,12.3,0.374,0.0
2006-03-27,12.5,69,1.38,12.6,0.364,9.0
2006-03-28,11.1,91,0.23,11.8,0.428,35.2
2006-03-29,9.6,82,0.55,11.1,0.41,1.2
2006-03-30,11.9,74,0.99,12.5,0.388,0.2
2006-03-31,11.8,80,0.72,12.8,0.394,5.3
2006-04-01,11.7,73,1.1,13.4,0.407,7.4
2006-04-02,12.4,67,1.06,12.8,0.386,8.2
2006-04-03,14.3,90,0.43,13.8,0.427,28.1
2006-04-04,13.3,86,0.64,14.1,0.424,37.4
2006-04-05,10.2,81,0.57,12.3,0.415,11.3
2006-04-06,10.8,76,0.91,12.7,0.396,0.0
2006-04-07,13.2,65,1.22,13.5,0.379,0.9
2006-04-08,13.3,69,1.2,14.6,0.373,0.3
2006-04-09,13.1,66,1.02,13.9,0.358,0.1
2006-04-10,12.2,77,0.55,13.4,0.365,3.5
2006-04-11,13.5,74,1.04,13.8,0.37,2.1
2006-04-12,16.3,66,1.66,16.2,0.365,0.6
2006-04-13,16.8,71,1.42,17.4,0.342,0.0
2006-04-14,15.5,77,0.89,16.4,0.343,6.4
2006-04-15,14.7,73,1.05,16.0,0.374,0.3
2006-04-16,13.0,74,0.85,14.3,0.357,3.6
2006-04-17,11.3,61,1.1,13.6,0.361,0.2
2006-04-18,12.4,60,1.36,14.0,0.335,0.0
2006-04-19,15.4,61,1.73,16.0,0.317,0.0
2006-04-20,17.6,66,2.06,17.5,0.301,0.0
2006-04-21,16.7,77,1.56,18.3,0.311,8.2
2006-04-22,14.2,79,0.94,16.2,0.367,2.4
2006-04-23,12.8,84,0.48,14.4,0.39,9.2
2006-04-24,14.5,74,1.07,15.1,0.365,0.0
2006-04-25,14.4,75,0.93,15.3,0.346,0.0
2006-04-26,14.2,78,0.89,15.4,0.384,5.5
2006-04-27,16.0,82,1.11,17.1,0.358,0.0
2006-04-28,19.6,75,1.54,19.5,0.337,0.0
2006-04-29,20.8,73,1.6,20.6,0.319,0.0
2006-04-30,20.8,72,1.82,21.3,0.302,0.0
2006-05-01,22.2,61,2.43,21.7,0.286,0.0
2006-05-02,21.1,60,2.69,21.4,0.27,0.0
2006-05-03,20.5,58,2.36,21.0,0.255,0.0
2006-05-04,18.6,58,1.65,20.1,0.248,0.7
2006-05-05,19.5,63,2.01,20.3,0.238,0.0
2006-05-06,19.1,55,2.22,20.4,0.226,0.0
2006-05-07,19.4,55,2.39,20.9,0.213,0.0
2006-05-08,22.0,54,2.98,22.4,0.201,0.0
2006-05-09,21.8,49,2.98,22.7,0.19,0.0
2006-05-10,24.0,46,3.27,23.6,0.18,0.0
2006-05-11,25.4,46,4.03,25.0,0.172,0.0
2006-05-12,24.9,41,4.01,25.1,0.163,0.0
2006-05-13,24.5,39,3.93,25.2,0.156,0.0
2006-05-14,24.3,39,3.92,25.4,0.149,0.0
2006-05-15,27.0,44,3.79,26.5,0.145,0.0
2006-05-16,26.2,39,3.75,27.2,0.141,0.0
2006-05-17,27.4,45,4.06,28.3,0.138,0.0
2006-05-18,28.3,47,4.25,29.5,0.139,1.1
2006-05-19,25.3,36,3.63,27.5,0.148,0.0
2006-05-20,22.8,50,2.97,26.0,0.142,0.0
2006-05-21,19.5,64,1.58,22.3,0.163,9.7
2006-05-22,17.7,64,1.57,20.5,0.293,4.5
2006-05-23,19.5,53,2.22,21.5,0.26,0.0
2006-05-24,20.7,54,2.29,22.5,0.227,0.0
2006-05-25,19.5,47,2.54,22.1,0.201,0.0
2006-05-26,18.0,47,2.17,21.3,0.182,0.0
2006-05-27,15.9,44,1.86,19.9,0.171,0.4
2006-05-28,17.7,45,2.36,20.9,0.163,0.0
2006-05-29,19.7,40,3.0,22.2,0.153,0.0
2006-05-30,21.7,40,3.2,23.9,0.145,0.0
2006-05-31,24.1,41,3.87,25.9,0.139,0.0
2006-06-01,25.5,42,4.15,27.0,0.135,0.0
2006-06-02,25.8,48,3.64,27.8,0.132,0.0
2006-06-03,26.6,45,4.07,28.6,0.13,0.0
2006-06-04,27.4,38,4.23,29.3,0.129,0.0
2006-06-05,26.1,38,4.09,29.0,0.128,0.0
2006-06-06,26.0,37,4.3,29.0,0.127,0.0
2006-06-07,26.6,31,4.24,29.3,0.126,0.0
2006-06-08,25.2,33,3.91,28.9,0.126,0.0
2006-06-09,24.4,35,3.67,28.5,0.125,0.0
2006-06-10,24.1,37,3.65,28.3,0.125,0.0
2006-06-11,23.9,41,3.27,28.2,0.125,0.0
2006-06-12,22.7,44,2.83,27.9,0.125,0.0
2006-06-13,20.7,43,2.31,25.6,0.125,0.0
2006-06-14,22.2,43,3.26,26.2,0.125,0.0
2006-06-15,23.9,41,3.26,27.3,0.124,0.0
2006-06-16,26.7,40,4.1,29.5,0.124,0.0
2006-06-17,29.4,34,5.25,31.0,0.124,0.0
2006-06-18,29.2,30,5.83,31.8,0.124,0.0
2006-06-19,27.0,24,4.82,30.8,0.124,0.0
2006-06-20,27.6,33,4.96,31.0,0.124,0.0
2006-06-21,29.4,29,5.48,32.0,0.124,0.0
2006-06-22,31.1,25,5.96,33.0,0.124,0.0
2006-06-23,31.5,30,6.19,33.8,0.124,0.0
2006-06-24,31.0,32,5.75,34.3,0.124,0.0
2006-06-25,31.4,35,5.61,34.7,0.124,0.0
2006-06-26,32.1,38,5.77,35.4,0.124,0.0
2006-06-27,31.7,41,4.77,34.6,0.124,0.0
2006-06-28,30.8,39,4.43,34.7,0.126,0.4
2006-06-29,30.4,36,5.28,34.0,0.128,0.0
2006-06-30,29.8,32,5.39,33.5,0.126,0.0
2006-07-01,27.5,36,4.71,32.2,0.125,0.0
2006-07-02,28.8,34,5.16,32.7,0.125,0.0
2006-07-03,29.2,34,5.21,33.2,0.124,0.0
2006-07-04,28.9,34,4.76,33.2,0.124,0.0
2006-07-05,27.6,33,4.46,32.3,0.124,0.0
2006-07-06,26.3,33,4.32,31.2,0.124,0.0
2006-07-07,27.2,32,4.68,31.7,0.124,0.0
2006-07-08,30.0,30,5.81,33.4,0.124,0.0
2006-07-09,32.0,27,6.38,35.1,0.124,0.0
2006-07-10,31.5,28,6.28,35.4,0.124,0.0
2006-07-11,29.8,33,5.1,34.6,0.124,0.0
2006-07-12,27.2,30,4.67,32.6,0.124,0.0
2006-07-13,28.7,36,5.37,33.3,0.124,0.0
2006-07-14,30.5,34,5.72,34.3,0.124,0.0
2006-07-15,31.3,31,6.11,35.1,0.124,0.0
2006-07-16,32.6,28,6.52,36.1,0.124,0.0
2006-07-17,33.2,29,6.43,36.8,0.124,0.0
2006-07-18,32.5,35,5.35,35.5,0.124,0.0
2006-07-19,33.7,36,6.0,37.2,0.124,0.0
2006-07-20,34.1,34,6.09,37.9,0.124,0.0
2006-07-21,34.5,37,6.12,38.2,0.126,0.9
2006-07-22,35.3,39,6.8,38.6,0.131,0.0
2006-07-23,36.4,31,7.61,39.3,0.127,0.1
2006-07-24,36.6,32,7.94,39.4,0.126,0.0
2006-07-25,36.6,28,7.96,39.9,0.125,0.0
2006-07-26,35.7,25,8.13,39.3,0.124,0.0
2006-07-27,33.5,29,6.52,38.4,0.124,0.0
2006-07-28,31.2,33,5.07,36.8,0.124,0.0
2006-07-29,30.3,40,4.33,36.0,0.124,0.0
2006-07-30,29.3,34,4.7,34.7,0.124,0.0
2006-07-31,28.4,27,4.94,33.7,0.124,0.0
2006-08-01,25.6,29,4.16,31.8,0.124,0.0
2006-08-02,28.1,31,4.67,33.1,0.124,0.0
2006-08-03,29.5,32,5.05,34.2,0.124,0.0
2006-08-04,28.9,34,4.33,34.0,0.124,0.0
2006-08-05,27.7,40,3.86,33.6,0.124,0.0
2006-08-06,27.5,39,4.22,33.3,0.124,0.0
2006-08-07,25.9,39,3.58,32.2,0.124,0.0
2006-08-08,25.9,36,4.39,31.2,0.124,0.0
2006-08-09,28.9,28,5.5,32.9,0.124,0.0
2006-08-10,31.0,25,6.52,34.1,0.124,0.0
2006-08-11,29.8,28,5.42,34.2,0.124,0.0
2006-08-12,27.6,34,4.3,33.1,0.124,0.0
2006-08-13,27.9,35,4.67,33.0,0.124,0.0
2006-08-14,27.4,39,4.2,32.6,0.124,0.0
2006-08-15,27.1,38,4.38,32.3,0.124,0.0
2006-08-16,27.2,33,4.42,32.3,0.124,0.0
2006-08-17,26.9,30,4.41,32.1,0.124,0.0
2006-08-18,27.7,29,5.0,32.2,0.124,0.0
2006-08-19,28.0,29,5.03,32.5,0.124,0.0
2006-08-20,27.2,32,4.59,32.1,0.124,0.0
2006-08-21,27.0,37,4.56,31.8,0.124,0.0
2006-08-22,28.8,36,5.23,32.8,0.124,0.0
2006-08-23,29.7,32,5.52,33.7,0.124,0.0
2006-08-24,29.1,29,5.26,33.5,0.124,0.0
2006-08-25,27.1,32,4.3,32.3,0.124,0.0
2006-08-26,26.7,39,4.05,31.8,0.124,0.0
2006-08-27,27.9,39,4.59,32.3,0.124,0.0
2006-08-28,29.0,38,5.1,33.0,0.124,0.0
2006-08-29,28.5,37,4.33,32.6,0.124,0.0
2006-08-30,28.2,35,4.71,32.6,0.124,0.0
2006-08-31,28.4,34,5.04,32.7,0.124,0.0
2006-09-01,29.0,32,5.51,32.6,0.124,0.0
2006-09-02,28.4,37,4.77,32.6,0.124,0.0
2006-09-03,28.2,37,4.68,32.7,0.124,0.0
2006-09-04,27.7,38,4.49,32.2,0.124,0.0
2006-09-05,28.9,37,5.03,32.8,0.124,0.0
2006-09-06,29.6,36,5.17,33.5,0.124,0.0
2006-09-07,28.9,35,4.83,33.1,0.124,0.0
2006-09-08,27.1,37,4.19,31.6,0.124,0.0
2006-09-09,23.2,46,3.11,29.4,0.124,0.0
2006-09-10,23.7,46,3.41,28.9,0.124,0.0
2006-09-11,26.1,38,4.3,30.1,0.124,0.0
2006-09-12,28.2,33,4.64,31.0,0.124,0.0
2006-09-13,28.6,35,4.67,31.7,0.124,0.0
2006-09-14,26.1,34,4.08,30.4,0.124,0.0
2006-09-15,19.1,37,2.49,25.6,0.124,0.0
2006-09-16,19.5,40,2.73,24.8,0.124,0.0
2006-09-17,22.3,26,3.61,26.0,0.124,0.0
2006-09-18,25.4,27,4.6,27.4,0.124,0.0
2006-09-19,24.7,27,4.64,27.9,0.124,0.0
2006-09-20,23.0,32,3.41,26.9,0.124,0.0
2006-09-21,22.8,30,3.53,26.6,0.124,0.0
2006-09-22,22.7,36,3.23,26.7,0.124,0.0
2006-09-23,23.4,30,3.75,26.6,0.124,0.0
2006-09-24,24.1,28,4.41,26.9,0.124,0.0
2006-09-25,24.2,29,4.46,27.2,0.124,0.0
2006-09-26,24.8,30,4.27,27.5,0.124,0.0
2006-09-27,24.2,39,4.04,27.7,0.124,0.0
2006-09-28,24.0,41,3.92,27.5,0.124,0.0
2006-09-29,23.8,43,3.55,27.2,0.124,0.0
2006-09-30,22.3,50,2.57,26.0,0.124,0.0
2006-10-01,19.2,57,1.78,23.3,0.124,0.0
2006-10-02,18.9,64,1.84,23.7,0.128,0.7
2006-10-03,19.4,58,1.83,23.6,0.127,0.0
2006-10-04,19.1,54,1.9,23.6,0.127,0.0
2006-10-05,16.8,64,1.29,20.9,0.177,6.4
2006-10-06,16.9,58,1.78,20.4,0.187,0.0
2006-10-07,17.4,64,1.75,20.6,0.176,0.0
2006-10-08,19.4,59,2.22,21.7,0.166,0.0
2006-10-09,20.3,50,2.85,22.4,0.158,0.0
2006-10-10,18.8,53,2.08,21.9,0.151,0.0
2006-10-11,19.5,49,2.49,21.8,0.146,0.0
2006-10-12,20.0,45,2.85,22.4,0.141,0.0
2006-10-13,18.1,62,1.93,21.2,0.138,0.3
2006-10-14,17.3,73,1.46,20.4,0.149,0.7
2006-10-15,17.3,64,1.63,20.3,0.147,0.0
2006-10-16,16.9,61,1.58,19.9,0.143,0.0
2006-10-17,16.8,52,1.92,19.8,0.14,0.0
2006-10-18,16.5,44,2.28,19.1,0.137,0.0
2006-10-19,17.1,39,2.62,19.5,0.134,0.0
2006-10-20,19.1,37,3.07,20.6,0.132,0.0
2006-10-21,20.3,38,3.53,21.5,0.131,0.0
2006-10-22,21.7,35,3.51,22.2,0.13,0.0
2006-10-23,20.8,41,3.13,22.2,0.129,0.0
2006-10-24,21.4,40,3.01,22.0,0.128,0.0
2006-10-25,17.2,39,2.33,20.0,0.127,0.0
2006-10-26,17.2,34,2.6,19.1,0.127,0.0
2006-10-27,17.0,41,2.82,19.1,0.127,0.0
2006-10-28,17.3,39,2.87,19.4,0.126,0.0
2006-10-29,17.7,36,2.7,19.2,0.126,0.0
2006-10-30,15.4,45,2.16,18.3,0.126,0.0
2006-10-31,14.1,53,1.73,17.4,0.125,0.0
2006-11-01,14.8,49,1.97,17.1,0.125,0.0
2006-11-02,16.3,47,1.73,18.0,0.126,0.0
2006-11-03,17.4,69,1.47,18.6,0.126,0.0
2006-11-04,16.4,73,1.5,18.8,0.125,0.0
2006-11-05,16.2,71,1.68,18.6,0.125,0.0
2006-11-06,17.4,65,1.9,19.2,0.125,0.0
2006-11-07,19.1,61,2.11,19.9,0.125,0.0
2006-11-08,17.6,69,1.48,19.4,0.125,0.0
2006-11-09,14.4,44,1.71,17.4,0.125,0.0
2006-11-10,13.4,42,1.64,15.7,0.125,0.0
2006-11-11,11.4,67,0.76,13.0,0.136,1.9
2006-11-12,11.3,71,1.05,14.1,0.144,0.0
2006-11-13,13.4,56,1.29,14.7,0.143,0.7
2006-11-14,15.2,73,1.13,16.4,0.149,0.5
2006-11-15,14.0,76,1.34,15.9,0.147,0.0
2006-11-16,14.6,69,1.51,15.8,0.145,0.0
2006-11-17,15.4,75,1.36,16.7,0.142,0.0
2006-11-18,15.0,80,1.19,16.6,0.141,0.0
2006-11-19,15.0,75,1.58,16.3,0.14,0.0
2006-11-20,14.2,74,1.34,15.8,0.138,0.0
2006-11-21,14.1,71,1.27,15.1,0.137,0.0
2006-11-22,13.1,70,1.03,14.6,0.136,0.0
2006-11-23,12.7,58,1.3,14.7,0.135,0.0
2006-11-24,9.1,52,1.14,12.2,0.134,0.0
2006-11-25,9.8,55,1.09,11.8,0.133,0.0
2006-11-26,9.7,67,0.88,11.0,0.133,1.1
2006-11-27,10.2,78,0.64,12.0,0.151,1.9
2006-11-28,8.4,63,0.92,10.7,0.155,0.0
2006-11-29,6.3,59,0.9,9.2,0.153,0.0
2006-11-30,7.3,53,1.23,9.0,0.15,0.0
2006-12-01,7.7,57,1.12,9.4,0.148,0.0
2006-12-02,9.5,59,1.33,10.1,0.146,0.0
2006-12-03,10.0,59,1.71,10.9,0.144,0.0
2006-12-04,9.9,57,1.54,10.8,0.142,0.0
2006-12-05,10.5,55,1.65,11.0,0.141,0.0
2006-12-06,10.6,53,1.82,11.0,0.139,0.0
2006-12-07,11.0,55,1.88,11.2,0.138,0.0
2006-12-08,13.4,42,2.54,12.4,0.136,0.0
2006-12-09,14.1,65,1.07,14.3,0.141,4.5
2006-12-10,9.7,87,0.43,11.4,0.293,11.1
2006-12-11,8.6,78,0.72,9.9,0.291,0.0
2006-12-12,8.2,82,0.37,8.9,0.272,0.1
2006-12-13,10.2,85,0.7,10.8,0.26,0.0
2006-12-14,12.0,91,0.4,11.6,0.248,0.0
2006-12-15,11.9,83,0.59,12.5,0.241,0.0
2006-12-16,8.8,49,0.91,10.7,0.232,0.0
2006-12-17,6.5,62,0.81,8.4,0.224,0.0
2006-12-18,4.9,66,0.72,6.8,0.217,0.0
2006-12-19,4.8,62,0.95,6.3,0.211,0.0
2006-12-20,5.6,56,1.04,6.4,0.205,0.0
2006-12-21,5.1,67,0.94,6.4,0.216,8.1
2006-12-22,6.3,88,0.37,7.8,0.314,4.2
2006-12-23,5.7,81,0.73,7.1,0.288,0.0
2006-12-24,7.4,76,0.89,7.7,0.27,0.0
2006-12-25,9.8,71,1.44,9.3,0.256,0.0
2006-12-26,11.2,59,1.08,9.7,0.247,1.6
2006-12-27,9.1,80,0.54,9.5,0.366,15.4
2006-12-28,6.7,46,0.82,8.0,0.324,0.0
2006-12-29,5.0,63,0.84,6.3,0.298,0.0
2006-12-30,6.4,66,0.95,6.3,0.283,0.0
2006-12-31,5.8,78,0.67,6.6,0.272,0.0
2007-01-01,5.5,89,0.4,6.8,0.264,0.0
2007-01-02,7.0,77,0.87,7.1,0.258,0.0
2007-01-03,9.0,71,1.06,8.7,0.251,0.0
2007-01-04,8.0,90,0.2,7.9,0.304,11.9
2007-01-05,6.7,52,0.96,7.4,0.333,0.0
2007-01-06,5.1,60,0.83,5.8,0.306,0.0
2007-01-07,5.5,73,0.66,6.3,0.292,0.0
2007-01-08,7.5,76,0.89,7.0,0.281,0.0
2007-01-09,8.8,76,1.11,7.8,0.272,0.0
2007-01-10,9.3,71,1.21,8.5,0.264,0.0
2007-01-11,6.0,63,0.8,7.6,0.257,0.0
2007-01-12,3.7,45,0.86,4.5,0.251,0.0
2007-01-13,1.9,40,0.82,2.4,0.245,0.0
2007-01-14,2.0,40,0.79,2.0,0.24,0.0
2007-01-15,2.8,52,0.9,2.3,0.235,0.0
2007-01-16,4.5,51,0.95,2.8,0.231,0.0
2007-01-17,4.6,59,0.94,3.5,0.227,0.0
2007-01-18,4.1,61,0.93,3.9,0.223,0.0
2007-01-19,5.8,58,1.15,4.9,0.219,0.0
2007-01-20,6.5,60,1.0,6.0,0.215,0.0
2007-01-21,6.6,62,0.95,6.2,0.211,0.0
2007-01-22,6.2,59,1.23,6.4,0.207,0.0
2007-01-23,7.3,56,1.49,7.1,0.202,0.0
2007-01-24,8.9,55,1.8,8.1,0.198,0.0
2007-01-25,11.6,51,1.82,9.1,0.194,0.0
2007-01-26,10.2,56,1.66,9.3,0.189,0.0
2007-01-27,9.2,76,0.84,9.1,0.205,5.2
2007-01-28,9.6,79,0.91,9.9,0.274,3.0
2007-01-29,9.7,67,1.19,9.7,0.27,0.0
2007-01-30,9.9,66,1.15,9.7,0.256,0.0
2007-01-31,9.2,70,0.96,9.7,0.245,0.0
2007-02-01,7.8,75,0.67,8.8,0.236,0.0
2007-02-02,8.0,71,0.93,8.7,0.229,0.0
2007-02-03,9.4,62,1.38,9.2,0.221,0.0
2007-02-04,11.3,59,1.77,10.6,0.213,0.0
2007-02-05,13.5,61,2.03,12.1,0.205,0.0
2007-02-06,13.7,62,1.72,12.9,0.198,0.0
2007-02-07,11.7,73,1.09,11.6,0.21,5.3
2007-02-08,12.3,80,1.06,12.1,0.253,0.0
2007-02-09,14.5,77,1.15,13.8,0.245,0.4
2007-02-10,13.4,92,0.26,13.1,0.344,29.5
2007-02-11,13.1,82,0.84,13.6,0.39,9.3
2007-02-12,10.8,73,0.87,11.9,0.348,0.0
2007-02-13,10.0,73,0.82,11.0,0.331,0.2
2007-02-14,9.9,71,0.87,10.8,0.316,0.0
2007-02-15,10.2,75,0.86,10.9,0.303,0.0
2007-02-16,11.6,78,0.95,12.0,0.293,0.0
2007-02-17,13.3,75,1.51,13.3,0.282,0.0
2007-02-18,13.1,79,0.96,13.1,0.283,2.2
2007-02-19,11.9,63,1.17,12.8,0.317,1.6
2007-02-20,10.2,69,1.14,11.7,0.299,0.0
2007-02-21,11.7,66,1.26,12.1,0.283,0.0
2007-02-22,9.1,86,0.33,10.5,0.345,16.2
2007-02-23,7.1,69,0.92,9.3,0.378,2.6
2007-02-24,7.6,60,0.95,9.1,0.339,0.0
2007-02-25,8.3,79,0.51,9.0,0.362,7.7
2007-02-26,9.8,77,0.86,9.7,0.357,3.3
2007-02-27,8.5,73,0.8,10.4,0.398,12.6
2007-02-28,6.2,72,0.78,9.1,0.392,3.7
2007-03-01,6.9,65,0.9,8.6,0.362,0.0
2007-03-02,8.3,72,0.85,9.8,0.342,0.0
2007-03-03,10.7,70,1.33,10.9,0.327,0.0
2007-03-04,12.9,67,1.64,12.4,0.313,0.0
2007-03-05,15.0,66,1.69,14.3,0.301,0.0
2007-03-06,15.7,67,1.83,15.4,0.288,0.0
2007-03-07,15.8,67,1.66,15.7,0.279,0.3
2007-03-08,14.4,68,1.33,15.7,0.267,0.0
2007-03-09,13.4,62,1.55,14.5,0.256,0.0
2007-03-10,13.5,61,1.42,14.6,0.244,0.0
2007-03-11,16.7,64,1.86,15.9,0.234,0.0
2007-03-12,18.8,60,2.81,17.4,0.224,0.0
2007-03-13,19.2,56,2.92,18.2,0.212,0.0
2007-03-14,19.4,52,2.94,18.7,0.202,0.0
2007-03-15,18.5,50,2.52,18.9,0.191,0.0
2007-03-16,21.0,50,3.35,19.9,0.182,0.0
2007-03-17,21.0,51,3.22,20.6,0.174,0.0
2007-03-18,18.9,49,2.44,20.3,0.166,0.0
2007-03-19,18.1,53,2.36,19.6,0.16,0.0
2007-03-20,15.1,67,1.37,17.3,0.164,1.8
2007-03-21,13.6,67,1.35,16.0,0.188,2.0
2007-03-22,15.0,53,2.2,16.6,0.183,0.0
2007-03-23,17.3,46,2.53,18.1,0.173,0.0
2007-03-24,18.8,53,2.64,19.5,0.164,0.0
2007-03-25,17.8,54,2.17,19.4,0.157,0.0
2007-03-26,16.9,58,2.43,19.7,0.156,3.9
2007-03-27,10.8,59,1.46,14.8,0.225,4.0
2007-03-28,12.5,44,1.74,14.8,0.219,0.0
2007-03-29,13.4,50,2.0,15.8,0.201,0.0
2007-03-30,16.5,47,2.6,17.7,0.186,0.0
2007-03-31,18.4,44,2.96,19.0,0.173,0.0
2007-04-01,19.6,45,3.01,20.5,0.162,0.0
2007-04-02,19.2,39,2.89,21.0,0.153,0.0
2007-04-03,19.9,40,3.1,21.8,0.146,0.0
2007-04-04,19.6,41,2.97,20.6,0.14,0.0
2007-04-05,20.3,39,2.42,21.0,0.138,0.0
2007-04-06,22.2,37,3.39,23.1,0.137,0.0
2007-04-07,19.8,48,2.7,22.7,0.133,0.0
2007-04-08,19.3,41,2.87,22.4,0.132,0.0
2007-04-09,18.4,38,2.42,21.5,0.13,0.0
2007-04-10,18.3,29,3.08,21.2,0.129,0.0
2007-04-11,15.0,39,1.49,18.2,0.13,0.4
2007-04-12,14.0,39,1.92,17.5,0.132,0.0
2007-04-13,15.9,30,2.48,19.2,0.13,0.0
2007-04-14,13.4,58,1.28,15.7,0.137,3.9
2007-04-15,13.6,62,1.74,15.4,0.169,1.2
2007-04-16,15.7,56,2.19,18.5,0.165,0.0
2007-04-17,16.4,49,2.28,19.1,0.155,0.0
2007-04-18,12.3,38,1.69,16.6,0.15,0.5
2007-04-19,11.7,40,1.36,14.7,0.147,0.0
2007-04-20,12.5,55,1.14,15.3,0.151,1.4
2007-04-21,15.2,47,2.06,17.6,0.151,0.0
2007-04-22,13.0,73,0.66,15.7,0.243,18.9
2007-04-23,14.5,62,1.68,16.6,0.302,0.0
2007-04-24,18.3,50,2.37,18.6,0.255,0.0
2007-04-25,19.3,46,2.85,20.3,0.221,0.0
2007-04-26,19.2,45,2.85,21.1,0.195,0.0
2007-04-27,23.6,42,4.09,23.8,0.175,0.0
2007-04-28,26.4,38,5.19,26.3,0.16,0.0
2007-04-29,26.0,30,5.02,27.0,0.148,0.0
2007-04-30,24.1,30,4.08,26.6,0.139,0.0
2007-05-01,23.0,29,3.99,26.4,0.134,0.0
2007-05-02,17.7,51,1.48,22.0,0.134,0.8
2007-05-03,15.5,37,2.08,20.2,0.138,0.0
2007-05-04,14.0,51,1.21,17.7,0.14,1.0
2007-05-05,17.0,40,2.68,19.7,0.139,0.0
2007-05-06,19.2,29,3.45,22.1,0.134,0.0
2007-05-07,23.5,27,4.72,25.5,0.131,0.0
2007-05-08,26.4,26,5.32,28.2,0.128,0.0
2007-05-09,27.0,26,5.29,29.5,0.127,0.0
2007-05-10,25.4,29,4.32,29.3,0.126,0.0
2007-05-11,25.0,27,4.25,29.2,0.125,0.0
2007-05-12,21.2,30,3.39,26.4,0.125,0.0
2007-05-13,21.0,31,3.7,25.7,0.125,0.0
2007-05-14,24.8,29,4.45,28.0,0.124,0.0
2007-05-15,25.1,29,4.29,28.8,0.124,0.0
2007-05-16,23.2,31,4.14,27.9,0.124,0.0
2007-05-17,23.0,30,4.01,27.5,0.124,0.0
2007-05-18,22.9,31,3.81,27.3,0.124,0.0
2007-05-19,23.0,36,3.7,27.3,0.124,0.0
2007-05-20,23.0,34,3.7,27.5,0.124,0.0
2007-05-21,23.2,36,4.06,27.3,0.124,0.0
2007-05-22,23.7,17,4.2,27.6,0.124,0.0
2007-05-23,24.2,16,4.24,28.3,0.124,0.0
2007-05-24,25.8,21,4.92,29.5,0.124,0.0
2007-05-25,27.1,21,5.25,30.6,0.124,0.0
2007-05-26,27.4,26,5.02,31.7,0.124,0.0
2007-05-27,25.9,32,4.3,31.2,0.124,0.0
2007-05-28,25.9,31,4.32,31.0,0.124,0.0
2007-05-29,26.6,30,4.53,31.3,0.124,0.0
2007-05-30,25.5,31,4.13,30.8,0.124,0.0
2007-05-31,24.9,33,4.08,30.1,0.124,0.0
2007-06-01,25.9,31,4.13,30.0,0.124,0.0
2007-06-02,27.1,30,4.85,31.3,0.124,0.0
2007-06-03,27.5,28,5.24,31.6,0.124,0.0
2007-06-04,27.0,31,4.97,31.5,0.124,0.0
2007-06-05,21.7,45,2.64,27.6,0.124,0.0
2007-06-06,18.6,37,2.66,24.6,0.124,0.0
2007-06-07,20.9,28,3.39,26.5,0.124,0.0
2007-06-08,23.7,25,4.2,28.3,0.124,0.0
2007-06-09,26.7,24,5.18,30.1,0.124,0.0
2007-06-10,27.5,27,5.27,31.5,0.124,0.0
2007-06-11,27.0,27,4.79,31.7,0.124,0.0
2007-06-12,28.5,22,5.59,32.5,0.124,0.0
2007-06-13,31.1,19,6.68,34.2,0.124,0.0
2007-06-14,32.7,21,7.18,35.9,0.124,0.0
2007-06-15,33.3,21,7.2,36.9,0.123,0.0
2007-06-16,29.9,27,5.76,35.6,0.123,0.0
2007-06-17,28.0,27,5.21,33.5,0.123,0.0
2007-06-18,30.6,25,6.21,35.0,0.123,0.0
2007-06-19,30.9,21,6.27,34.9,0.123,0.0
2007-06-20,29.3,26,6.07,34.3,0.123,0.0
2007-06-21,28.6,27,5.63,33.5,0.123,0.0
2007-06-22,29.1,22,6.09,33.4,0.123,0.0
2007-06-23,28.9,20,6.07,33.3,0.123,0.0
2007-06-24,26.3,20,4.83,31.8,0.123,0.0
2007-06-25,26.8,23,5.05,31.9,0.123,0.0
2007-06-26,29.7,21,6.02,34.0,0.123,0.0
2007-06-27,28.3,26,5.42,33.4,0.123,0.0
2007-06-28,27.5,29,5.02,32.5,0.123,0.0
2007-06-29,27.1,37,4.58,32.2,0.123,0.0
2007-06-30,27.3,30,5.07,32.4,0.123,0.0
2007-07-01,27.4,23,5.53,32.1,0.123,0.0
2007-07-02,28.5,23,5.74,32.7,0.123,0.0
2007-07-03,29.5,27,5.9,33.7,0.123,0.0
2007-07-04,31.6,27,6.82,35.4,0.123,0.0
2007-07-05,35.6,23,8.66,38.0,0.123,0.0
2007-07-06,35.7,20,8.79,38.5,0.123,0.0
2007-07-07,31.4,26,6.39,36.8,0.123,0.0
2007-07-08,30.4,32,5.7,36.2,0.123,0.0
2007-07-09,32.3,29,6.25,36.8,0.123,0.0
2007-07-10,30.5,33,4.78,35.5,0.123,0.0
2007-07-11,29.0,39,4.24,35.2,0.123,0.0
2007-07-12,28.0,39,4.55,34.1,0.123,0.0
2007-07-13,28.4,33,4.98,33.7,0.123,0.0
2007-07-14,30.3,31,5.51,34.5,0.123,0.0
2007-07-15,30.5,28,5.67,34.9,0.123,0.0
2007-07-16,29.7,31,5.48,34.6,0.123,0.0
2007-07-17,26.6,32,4.56,32.6,0.123,0.0
2007-07-18,26.5,44,3.87,32.2,0.123,0.0
2007-07-19,26.3,36,4.46,31.6,0.123,0.0
2007-07-20,27.5,29,5.07,32.2,0.123,0.0
2007-07-21,28.9,35,5.32,33.3,0.123,0.0
2007-07-22,30.2,34,5.64,34.5,0.123,0.0
2007-07-23,30.6,33,5.5,35.0,0.123,0.0
2007-07-24,32.4,30,5.87,36.5,0.123,0.0
2007-07-25,31.3,30,5.76,36.3,0.123,0.0
2007-07-26,30.6,28,5.79,35.8,0.123,0.0
2007-07-27,31.4,25,6.24,36.2,0.123,0.0
2007-07-28,31.5,23,6.6,36.2,0.123,0.0
2007-07-29,30.3,26,5.88,35.4,0.123,0.0
2007-07-30,30.5,26,6.24,35.3,0.123,0.0
2007-07-31,31.7,25,6.51,36.2,0.123,0.0
2007-08-01,31.6,25,6.37,36.4,0.122,0.0
2007-08-02,31.6,23,6.68,36.2,0.122,0.0
2007-08-03,32.1,23,7.1,36.3,0.122,0.0
2007-08-04,33.1,19,7.54,36.9,0.122,0.0
2007-08-05,29.5,24,5.52,35.3,0.122,0.0
2007-08-06,24.2,39,3.74,31.6,0.122,0.0
2007-08-07,24.3,40,3.64,30.6,0.122,0.0
2007-08-08,25.7,38,4.19,31.1,0.122,0.0
2007-08-09,28.0,31,5.04,32.5,0.122,0.0
2007-08-10,29.5,28,5.55,33.9,0.122,0.0
2007-08-11,29.0,26,5.38,33.8,0.122,0.0
2007-08-12,28.1,27,5.31,33.0,0.122,0.0
2007-08-13,29.3,23,5.88,33.6,0.122,0.0
2007-08-14,30.4,21,6.23,34.5,0.122,0.0
2007-08-15,30.0,23,5.94,34.3,0.122,0.0
2007-08-16,27.9,28,5.08,32.7,0.122,0.0
2007-08-17,27.3,25,5.35,32.0,0.122,0.0
2007-08-18,27.8,24,5.43,32.2,0.122,0.0
2007-08-19,26.8,27,4.96,31.5,0.122,0.0
2007-08-20,28.8,34,5.54,32.9,0.122,0.0
2007-08-21,30.8,35,5.63,34.6,0.122,0.0
2007-08-22,31.2,32,5.68,35.4,0.122,0.0
2007-08-23,31.2,34,5.3,35.7,0.122,0.0
2007-08-24,31.3,32,5.63,35.5,0.122,0.0
2007-08-25,31.2,34,5.65,35.7,0.122,0.0
2007-08-26,30.1,34,4.87,34.9,0.122,0.0
2007-08-27,31.4,36,5.04,35.9,0.122,0.0
2007-08-28,32.7,28,6.04,36.6,0.122,0.0
2007-08-29,33.9,27,7.13,37.5,0.122,0.0
2007-08-30,34.1,28,6.49,37.1,0.122,0.0
2007-08-31,34.3,28,6.87,37.5,0.122,0.0
2007-09-01,33.6,30,6.47,37.4,0.122,0.0
2007-09-02,32.8,21,6.69,36.5,0.122,0.0
2007-09-03,32.1,23,6.52,35.9,0.122,0.0
2007-09-04,27.4,34,4.28,32.7,0.122,0.0
2007-09-05,26.3,36,4.57,31.5,0.122,0.0
2007-09-06,28.7,26,5.52,32.2,0.122,0.0
2007-09-07,27.2,39,4.19,32.2,0.121,0.0
2007-09-08,27.6,38,4.66,32.2,0.121,0.0
2007-09-09,27.7,38,4.3,32.3,0.121,0.0
2007-09-10,26.8,38,4.14,31.7,0.121,0.0
2007-09-11,27.8,37,4.42,32.2,0.121,0.0
2007-09-12,26.7,40,4.45,31.6,0.121,0.0
2007-09-13,22.0,41,3.09,28.0,0.121,0.0
2007-09-14,22.6,43,3.08,27.5,0.122,0.0
2007-09-15,23.2,41,3.47,27.8,0.122,0.0
2007-09-16,22.2,43,3.07,27.0,0.122,0.0
2007-09-17,22.8,43,3.35,27.3,0.122,0.0
2007-09-18,24.1,39,3.92,28.3,0.122,0.0
2007-09-19,19.4,44,2.21,25.2,0.122,0.0
2007-09-20,17.6,43,2.21,23.9,0.122,0.0
2007-09-21,19.9,39,2.76,24.3,0.123,0.2
2007-09-22,18.4,64,1.97,23.1,0.146,4.3
2007-09-23,19.4,51,2.09,22.2,0.177,0.0
2007-09-24,20.0,50,2.67,23.4,0.165,0.0
2007-09-25,22.3,35,3.69,24.7,0.155,0.0
2007-09-26,24.0,29,4.42,25.8,0.146,0.0
2007-09-27,25.0,26,4.62,26.5,0.138,0.0
2007-09-28,20.6,46,2.43,24.7,0.134,0.0
2007-09-29,18.4,47,2.36,23.0,0.132,0.0
2007-09-30,21.8,23,3.86,23.9,0.13,0.0
2007-10-01,20.5,40,2.78,23.8,0.129,0.0
2007-10-02,21.4,44,3.43,24.9,0.128,0.0
2007-10-03,23.2,32,4.08,25.6,0.127,0.0
2007-10-04,18.8,40,2.54,23.4,0.126,0.0
2007-10-05,14.8,48,1.58,19.8,0.13,0.8
2007-10-06,15.4,41,2.19,19.4,0.134,0.0
2007-10-07,16.8,29,2.78,20.0,0.132,0.0
2007-10-08,19.9,26,3.76,21.8,0.13,0.0
2007-10-09,20.3,25,3.88,22.3,0.128,0.0
2007-10-10,16.7,47,1.75,19.9,0.13,0.5
2007-10-11,17.6,48,2.24,21.0,0.131,0.0
2007-10-12,16.0,59,1.52,19.2,0.16,9.9
2007-10-13,16.3,69,1.54,19.1,0.254,0.0
2007-10-14,18.4,56,2.17,19.6,0.229,0.0
2007-10-15,17.3,63,1.57,18.9,0.211,0.0
2007-10-16,17.2,56,1.84,19.6,0.196,0.0
2007-10-17,16.9,52,1.74,19.4,0.186,0.3
2007-10-18,16.5,48,2.18,18.9,0.175,0.0
2007-10-19,19.1,52,2.14,20.3,0.167,0.0
2007-10-20,17.0,53,1.85,19.4,0.16,0.0
2007-10-21,15.8,33,2.27,18.1,0.154,0.0
2007-10-22,17.5,32,3.14,18.9,0.148,0.0
2007-10-23,19.4,33,3.61,20.5,0.143,0.0
2007-10-24,21.6,33,4.14,21.7,0.139,0.0
2007-10-25,23.3,29,4.17,22.2,0.136,0.0
2007-10-26,20.0,45,3.33,21.6,0.133,0.0
2007-10-27,20.2,46,2.91,22.0,0.132,0.5
2007-10-28,21.1,49,2.88,22.4,0.136,0.1
2007-10-29,19.8,55,2.74,21.9,0.136,1.3
2007-10-30,16.8,71,1.46,19.9,0.146,0.1
2007-10-31,16.6,67,1.67,19.4,0.143,0.0
2007-11-01,16.6,62,2.02,19.1,0.14,0.0
2007-11-02,17.6,53,2.15,18.9,0.138,0.0
2007-11-03,17.2,53,2.3,18.9,0.135,0.0
2007-11-04,17.5,43,2.68,18.6,0.134,0.0
2007-11-05,17.3,43,2.67,18.7,0.132,0.0
2007-11-06,16.9,46,2.51,18.6,0.131,0.0
2007-11-07,17.6,47,2.59,19.0,0.13,0.0
2007-11-08,17.1,49,2.14,18.7,0.129,0.0
2007-11-09,16.3,56,1.48,19.2,0.129,0.0
2007-11-10,15.3,61,1.47,18.2,0.128,0.2
2007-11-11,14.7,69,0.91,16.6,0.159,3.6
2007-11-12,14.0,64,1.46,16.0,0.166,0.0
2007-11-13,15.5,62,1.71,16.5,0.161,0.0
2007-11-14,16.1,76,1.4,17.5,0.158,0.0
2007-11-15,17.8,64,2.25,18.2,0.154,0.0
2007-11-16,16.5,70,1.44,18.0,0.15,0.0
2007-11-17,14.7,70,1.48,17.3,0.147,0.0
2007-11-18,15.0,68,1.48,16.3,0.145,0.0
2007-11-19,14.6,70,1.61,16.3,0.142,0.0
2007-11-20,13.2,69,1.29,15.7,0.14,0.0
2007-11-21,11.6,47,1.53,14.1,0.138,0.0
2007-11-22,11.5,52,1.58,13.4,0.137,0.0
2007-11-23,10.6,45,1.45,12.3,0.136,0.0
2007-11-24,10.5,39,1.77,12.3,0.134,0.0
2007-11-25,11.7,39,1.6,12.5,0.133,0.0
2007-11-26,11.7,43,1.71,12.1,0.133,0.0
2007-11-27,11.2,46,1.83,12.0,0.132,0.0
2007-11-28,10.7,45,1.45,12.3,0.131,0.0
2007-11-29,11.1,47,1.71,12.3,0.13,0.0
2007-11-30,8.9,48,1.07,10.3,0.13,0.0
2007-12-01,7.0,46,1.02,9.5,0.129,0.0
2007-12-02,8.0,50,1.21,9.5,0.129,0.0
2007-12-03,10.9,45,1.83,11.4,0.129,0.0
2007-12-04,13.0,51,1.6,12.7,0.128,0.0
2007-12-05,12.5,77,1.03,13.9,0.128,0.0
2007-12-06,10.2,78,0.69,11.2,0.144,8.3
2007-12-07,10.2,89,0.29,11.4,0.319,15.3
2007-12-08,7.3,78,0.63,9.6,0.317,0.0
2007-12-09,6.1,62,0.91,7.8,0.286,0.0
2007-12-10,6.8,56,0.91,7.6,0.266,0.0
2007-12-11,7.0,55,1.14,7.1,0.251,0.0
2007-12-12,6.8,55,1.1,7.2,0.24,0.0
2007-12-13,6.1,61,0.93,6.9,0.231,0.0
2007-12-14,6.7,58,1.06,6.9,0.223,0.0
2007-12-15,7.3,59,1.22,7.6,0.217,0.0
2007-12-16,7.5,62,1.28,7.8,0.21,0.0
2007-12-17,8.4,75,0.65,8.2,0.212,1.0
2007-12-18,10.2,89,0.27,9.8,0.34,31.9
2007-12-19,10.4,87,0.56,10.8,0.359,0.6
2007-12-20,8.8,81,0.42,9.5,0.373,10.1
2007-12-21,5.5,68,0.63,7.5,0.351,0.0
2007-12-22,5.1,66,0.71,6.1,0.331,0.0
2007-12-23,5.6,73,0.71,6.5,0.318,0.0
2007-12-24,8.0,73,0.54,7.7,0.309,0.0
2007-12-25,6.0,65,0.64,7.5,0.3,0.0
2007-12-26,6.3,60,0.83,6.8,0.293,0.0
2007-12-27,4.4,47,0.73,6.1,0.286,0.0
2007-12-28,4.9,55,0.51,6.2,0.284,0.1
2007-12-29,6.2,75,0.43,7.1,0.287,0.0
2007-12-30,7.3,84,0.4,7.8,0.287,0.0
2007-12-31,6.3,81,0.53,8.2,0.285,0.0
2008-01-01,7.6,78,0.99,7.8,0.279,0.0
2008-01-02,7.9,74,1.29,8.1,0.274,0.0
2008-01-03,10.7,59,1.4,9.4,0.267,0.0
2008-01-04,10.6,83,0.57,9.5,0.358,45.7
2008-01-05,9.4,89,0.43,9.8,0.417,10.9
2008-01-06,8.6,83,0.59,9.6,0.415,8.9
2008-01-07,7.7,79,0.67,8.9,0.398,0.0
2008-01-08,7.4,77,0.72,8.0,0.379,2.6
2008-01-09,8.4,84,0.54,9.0,0.377,0.0
2008-01-10,7.9,84,0.46,8.9,0.361,0.0
2008-01-11,8.3,86,0.54,8.4,0.351,0.0
2008-01-12,7.6,87,0.56,8.4,0.342,0.0
2008-01-13,7.5,89,0.46,7.9,0.334,0.0
2008-01-14,8.8,84,0.83,8.9,0.327,0.0
2008-01-15,8.2,82,0.72,9.2,0.32,0.0
2008-01-16,6.7,77,0.57,7.9,0.313,0.0
2008-01-17,6.3,72,0.8,7.4,0.307,0.0
2008-01-18,6.8,72,0.93,7.5,0.301,0.0
2008-01-19,7.6,72,1.01,7.9,0.295,0.0
2008-01-20,7.6,73,0.95,8.1,0.289,0.0
2008-01-21,6.8,75,0.66,7.8,0.286,0.4
2008-01-22,7.5,82,0.51,7.8,0.342,10.8
2008-01-23,6.5,92,0.14,7.5,0.42,22.7
2008-01-24,5.6,84,0.6,7.0,0.416,9.5
2008-01-25,11.0,61,0.98,9.0,0.396,0.0
2008-01-26,10.9,67,1.23,10.2,0.377,2.1
2008-01-27,10.7,85,0.34,10.6,0.413,16.8
2008-01-28,7.0,78,0.55,9.2,0.42,12.2
2008-01-29,5.0,71,0.5,6.3,0.393,0.2
2008-01-30,6.4,75,0.64,7.6,0.382,0.7
2008-01-31,6.2,72,0.62,6.8,0.368,1.0
2008-02-01,8.0,73,0.65,8.4,0.376,2.1
2008-02-02,6.3,72,0.7,7.8,0.364,3.9
2008-02-03,7.7,86,0.33,8.6,0.427,30.4
2008-02-04,6.3,75,0.71,7.6,0.402,0.0
2008-02-05,6.1,69,0.69,6.9,0.381,0.0
2008-02-06,6.9,74,0.66,7.2,0.368,0.0
2008-02-07,8.0,84,0.57,8.1,0.359,0.0
2008-02-08,8.5,86,0.53,8.5,0.351,0.0
2008-02-09,10.6,78,0.9,9.6,0.344,0.0
2008-02-10,11.4,80,1.08,10.7,0.337,0.0
2008-02-11,11.0,84,0.86,11.0,0.33,0.0
2008-02-12,12.3,81,1.01,11.6,0.323,0.0
2008-02-13,12.0,75,0.92,11.9,0.316,0.0
2008-02-14,9.0,47,1.14,10.2,0.307,0.0
2008-02-15,7.6,59,1.03,8.9,0.3,0.0
2008-02-16,8.7,63,1.21,9.3,0.294,0.0
2008-02-17,9.9,67,0.98,10.0,0.288,0.0
2008-02-18,11.8,74,1.15,11.5,0.283,0.0
2008-02-19,10.3,85,0.54,11.1,0.281,0.9
2008-02-20,10.6,84,0.57,11.3,0.371,14.5
2008-02-21,9.6,83,0.74,10.1,0.366,3.8
2008-02-22,9.6,88,0.37,10.4,0.404,16.4
2008-02-23,8.5,87,0.69,9.4,0.4,12.0
2008-02-24,10.5,88,0.37,10.6,0.424,11.9
2008-02-25,10.0,82,0.75,10.8,0.401,0.0
2008-02-26,11.2,76,1.06,11.6,0.38,0.0
2008-02-27,12.3,78,1.05,12.2,0.366,0.0
2008-02-28,13.2,81,0.95,13.1,0.354,0.0
2008-02-29,14.5,79,1.36,14.1,0.344,0.0
2008-03-01,12.6,69,1.03,13.3,0.335,0.0
2008-03-02,10.6,57,0.95,12.4,0.324,0.0
2008-03-03,12.1,66,1.51,12.5,0.316,0.0
2008-03-04,12.3,66,1.29,12.8,0.307,0.0
2008-03-05,12.4,68,1.16,13.0,0.299,0.0
2008-03-06,12.6,69,1.42,13.0,0.292,0.0
2008-03-07,13.6,68,1.45,14.0,0.284,0.0
2008-03-08,13.9,62,1.51,14.3,0.275,0.0
2008-03-09,13.5,65,1.4,14.1,0.266,0.0
2008-03-10,15.7,63,1.98,15.1,0.258,0.0
2008-03-11,15.5,65,1.63,15.8,0.25,0.0
2008-03-12,15.1,64,1.79,15.6,0.241,0.0
2008-03-13,15.2,68,1.12,15.6,0.246,2.3
2008-03-14,12.4,57,1.31,14.2,0.243,0.0
2008-03-15,10.2,60,1.02,12.7,0.236,0.6
2008-03-16,10.8,44,1.49,12.3,0.231,0.0
2008-03-17,11.2,40,1.53,12.5,0.221,0.0
2008-03-18,13.1,55,1.62,13.9,0.213,0.0
2008-03-19,14.9,61,1.71,15.2,0.205,0.0
2008-03-20,14.5,54,1.81,15.6,0.197,0.0
2008-03-21,13.7,47,1.89,15.1,0.189,0.0
2008-03-22,15.3,43,2.18,15.8,0.182,0.0
2008-03-23,16.7,48,2.75,16.9,0.176,0.0
2008-03-24,17.0,45,2.75,17.3,0.17,0.0
2008-03-25,17.4,51,2.17,18.0,0.164,0.0
2008-03-26,16.1,42,2.0,17.8,0.159,0.0
2008-03-27,12.7,45,1.57,15.6,0.155,0.0
2008-03-28,13.6,36,2.04,15.5,0.152,0.0
2008-03-29,15.4,53,1.29,16.5,0.15,0.0
2008-03-30,12.9,42,1.57,16.0,0.15,0.1
2008-03-31,12.2,46,1.63,15.4,0.148,0.0
2008-04-01,15.2,37,2.23,16.6,0.145,0.0
2008-04-02,15.1,45,1.82,16.4,0.143,0.2
2008-04-03,16.5,55,2.16,17.9,0.143,0.0
2008-04-04,17.4,43,2.45,18.4,0.14,0.0
2008-04-05,15.2,42,1.99,18.0,0.137,0.0
2008-04-06,15.0,46,1.85,17.7,0.136,0.0
2008-04-07,14.1,39,2.15,17.1,0.135,0.0
2008-04-08,13.1,42,1.72,16.3,0.134,0.0
2008-04-09,13.5,46,1.89,16.5,0.133,0.0
2008-04-10,15.9,48,2.02,17.9,0.133,0.0
2008-04-11,18.8,43,3.24,20.0,0.132,0.0
2008-04-12,21.8,37,3.9,22.2,0.13,0.0
2008-04-13,23.7,33,4.54,23.5,0.129,0.0
2008-04-14,19.5,36,2.88,21.7,0.128,0.0
2008-04-15,13.4,35,1.85,18.0,0.128,0.0
2008-04-16,15.3,32,2.3,19.0,0.128,0.0
2008-04-17,18.4,35,3.18,20.6,0.127,0.0
2008-04-18,20.1,33,3.58,21.6,0.127,0.0
2008-04-19,15.6,41,2.26,19.6,0.126,0.0
2008-04-20,11.8,34,1.87,16.9,0.126,0.0
2008-04-21,12.9,37,2.05,17.1,0.126,0.0
2008-04-22,14.7,37,2.15,18.1,0.126,0.0
2008-04-23,15.6,49,1.89,18.7,0.127,0.0
2008-04-24,15.3,38,2.46,18.8,0.127,0.0
2008-04-25,19.1,25,3.17,20.8,0.126,0.0
2008-04-26,22.1,30,3.59,23.2,0.126,0.0
2008-04-27,24.2,37,4.1,25.4,0.125,0.0
2008-04-28,24.6,34,4.22,25.9,0.125,0.0
2008-04-29,19.6,33,2.63,23.6,0.125,0.0
2008-04-30,15.3,34,2.29,19.9,0.125,0.0
2008-05-01,16.8,32,2.53,20.9,0.125,0.0
2008-05-02,19.9,28,3.12,22.1,0.125,0.0
2008-05-03,20.1,34,3.06,23.3,0.125,0.0
2008-05-04,20.4,38,2.93,24.2,0.124,0.0
2008-05-05,20.3,42,2.75,24.3,0.124,0.0
2008-05-06,22.2,44,3.26,25.3,0.124,0.0
2008-05-07,20.7,39,2.58,24.6,0.124,0.0
2008-05-08,20.9,40,3.25,24.8,0.124,0.0
2008-05-09,21.1,34,3.29,24.8,0.124,0.0
2008-05-10,22.0,34,3.6,25.7,0.124,0.0
2008-05-11,22.9,33,3.55,26.4,0.124,0.0
2008-05-12,20.2,32,3.13,24.4,0.124,0.0
2008-05-13,21.9,26,3.79,25.2,0.124,0.0
2008-05-14,24.0,29,4.18,26.9,0.124,0.0
2008-05-15,27.4,30,5.29,29.6,0.124,0.0
2008-05-16,29.8,31,5.97,31.7,0.124,0.0
2008-05-17,30.6,30,5.98,32.7,0.124,0.0
2008-05-18,30.1,27,5.88,32.7,0.124,0.0
2008-05-19,29.4,25,5.87,32.4,0.124,0.0
2008-05-20,26.5,30,4.49,30.6,0.124,0.0
2008-05-21,20.5,30,2.99,25.7,0.124,0.0
2008-05-22,20.6,26,2.94,25.1,0.124,0.0
2008-05-23,19.7,33,2.55,24.9,0.124,0.0
2008-05-24,17.7,43,1.7,22.9,0.124,0.0
2008-05-25,15.4,66,0.96,20.3,0.137,5.0
2008-05-26,17.4,57,1.94,21.1,0.178,2.5
2008-05-27,18.2,49,2.01,22.0,0.167,0.0
2008-05-28,19.1,47,2.15,23.2,0.156,0.0
2008-05-29,19.6,44,2.5,24.1,0.147,0.0
2008-05-30,20.5,41,2.96,24.9,0.139,0.0
2008-05-31,20.9,42,2.87,25.5,0.134,0.0
2008-06-01,21.6,37,3.39,25.9,0.131,0.0
2008-06-02,21.8,34,3.56,26.1,0.129,0.0
2008-06-03,21.9,39,3.22,26.2,0.127,0.0
2008-06-04,20.5,38,2.92,24.9,0.126,0.0
2008-06-05,22.5,31,3.52,26.4,0.126,0.0
2008-06-06,22.6,35,3.32,26.7,0.125,0.0
2008-06-07,22.3,29,3.86,26.5,0.125,0.0
2008-06-08,25.0,24,4.3,28.5,0.125,0.0
2008-06-09,26.9,28,5.1,30.2,0.124,0.0
2008-06-10,26.7,25,5.2,29.8,0.124,0.0
2008-06-11,24.6,16,4.34,29.3,0.124,0.0
2008-06-12,26.3,21,4.69,29.4,0.124,0.0
2008-06-13,28.3,28,5.9,31.5,0.124,0.0
2008-06-14,28.1,29,5.04,32.4,0.124,0.0
2008-06-15,28.3,31,5.12,32.5,0.124,0.0
2008-06-16,28.1,30,5.02,32.6,0.124,0.0
2008-06-17,27.5,28,4.82,32.0,0.124,0.0
2008-06-18,28.3,24,5.68,32.1,0.124,0.0
2008-06-19,28.7,22,5.8,32.7,0.124,0.0
2008-06-20,30.6,23,6.41,34.0,0.124,0.0
2008-06-21,32.9,22,7.03,35.7,0.124,0.1
2008-06-22,31.2,20,5.97,35.3,0.125,0.0
2008-06-23,28.2,21,5.09,33.4,0.124,0.0
2008-06-24,27.0,29,4.9,32.4,0.124,0.0
2008-06-25,26.7,33,4.46,32.1,0.124,0.0
2008-06-26,26.6,37,4.25,32.1,0.124,0.0
2008-06-27,29.2,37,5.01,33.6,0.124,0.0
2008-06-28,28.7,40,4.58,34.0,0.124,0.0
2008-06-29,28.3,40,4.77,34.0,0.124,0.0
2008-06-30,27.8,39,4.46,33.6,0.124,0.0
2008-07-01,27.3,41,4.5,32.7,0.124,0.0
2008-07-02,27.3,35,4.89,32.4,0.124,0.0
2008-07-03,27.4,38,4.28,32.3,0.124,0.0
2008-07-04,26.2,41,3.77,31.5,0.124,0.0
2008-07-05,26.9,40,4.43,31.9,0.124,0.0
2008-07-06,28.7,37,4.84,33.2,0.124,0.0
2008-07-07,31.2,37,5.46,35.5,0.124,0.0
2008-07-08,33.5,34,6.52,37.1,0.124,0.0
2008-07-09,33.7,31,6.91,37.5,0.123,0.0
2008-07-10,34.2,26,7.91,37.9,0.123,0.0
2008-07-11,31.0,27,5.29,36.4,0.123,0.0
2008-07-12,29.5,39,4.6,35.2,0.123,0.0
2008-07-13,29.8,43,4.38,35.2,0.123,0.0
2008-07-14,30.8,42,4.53,35.9,0.123,0.0
2008-07-15,29.6,41,4.21,35.0,0.123,0.0
2008-07-16,29.0,39,4.68,34.5,0.123,0.0
2008-07-17,29.0,34,5.23,34.2,0.123,0.0
2008-07-18,27.8,33,4.98,33.4,0.123,0.0
2008-07-19,28.9,34,5.28,34.2,0.123,0.0
2008-07-20,27.7,34,4.17,33.0,0.123,0.0
2008-07-21,25.5,40,3.64,31.9,0.123,0.0
2008-07-22,26.3,38,4.2,31.7,0.123,0.0
2008-07-23,28.6,30,5.08,33.1,0.123,0.0
2008-07-24,28.7,34,4.99,33.7,0.123,0.0
2008-07-25,29.0,32,5.31,33.8,0.123,0.0
2008-07-26,29.9,31,5.51,34.4,0.123,0.0
2008-07-27,28.9,32,5.01,34.1,0.123,0.0
2008-07-28,27.2,35,4.61,33.1,0.123,0.0
2008-07-29,26.9,35,4.44,32.3,0.123,0.0
2008-07-30,27.2,32,4.85,32.4,0.123,0.0
2008-07-31,28.5,35,4.86,33.1,0.123,0.0
2008-08-01,28.3,28,5.06,33.0,0.123,0.0
2008-08-02,28.9,32,5.27,33.4,0.123,0.0
2008-08-03,29.3,30,5.52,33.9,0.123,0.0
2008-08-04,29.1,30,5.24,34.0,0.123,0.0
2008-08-05,29.2,29,5.18,34.1,0.123,0.0
2008-08-06,28.9,31,4.98,34.0,0.123,0.0
2008-08-07,29.3,37,4.83,34.4,0.123,0.0
2008-08-08,28.4,36,4.48,34.1,0.123,0.0
2008-08-09,26.6,36,4.18,32.4,0.123,0.0
2008-08-10,27.4,35,4.55,32.5,0.123,0.0
2008-08-11,28.6,31,5.12,33.3,0.123,0.0
2008-08-12,29.6,31,5.43,34.0,0.123,0.0
2008-08-13,30.7,30,5.86,34.8,0.123,0.0
2008-08-14,31.8,32,6.18,35.7,0.123,0.0
2008-08-15,31.9,27,6.25,36.0,0.123,0.0
2008-08-16,31.5,28,5.63,36.0,0.123,0.0
2008-08-17,30.2,34,4.79,35.6,0.123,0.0
2008-08-18,28.6,42,4.17,34.4,0.123,0.0
2008-08-19,25.3,42,3.58,31.4,0.123,0.0
2008-08-20,25.2,46,3.64,30.7,0.123,0.0
2008-08-21,27.7,51,3.88,32.3,0.123,0.0
2008-08-22,28.8,41,4.22,33.6,0.123,0.0
2008-08-23,29.3,36,4.6,34.0,0.123,0.0
2008-08-24,30.0,36,5.32,34.3,0.123,0.0
2008-08-25,30.4,33,5.66,34.3,0.123,0.0
2008-08-26,28.7,33,4.76,33.7,0.123,0.0
2008-08-27,29.6,30,5.33,33.8,0.123,0.0
2008-08-28,30.9,29,5.88,34.3,0.123,0.0
2008-08-29,31.5,29,5.86,35.0,0.123,0.0
2008-08-30,31.2,29,5.79,35.1,0.123,0.0
2008-08-31,26.4,27,4.26,32.0,0.123,0.0
2008-09-01,23.9,25,3.93,29.4,0.123,0.0
2008-09-02,26.0,23,5.02,29.9,0.123,0.0
2008-09-03,27.0,27,5.17,31.1,0.123,0.0
2008-09-04,27.7,28,5.34,31.2,0.123,0.0
2008-09-05,28.7,26,5.48,31.7,0.123,0.0
2008-09-06,29.1,29,5.64,32.5,0.123,0.0
2008-09-07,29.7,29,5.88,33.1,0.123,0.0
2008-09-08,28.4,30,4.99,32.8,0.123,0.0
2008-09-09,26.7,35,4.2,31.8,0.123,0.0
2008-09-10,24.2,46,3.13,29.9,0.123,0.0
2008-09-11,25.5,43,3.8,30.1,0.123,0.0
2008-09-12,26.2,38,4.32,30.2,0.123,0.0
2008-09-13,24.7,37,3.84,29.5,0.123,0.0
2008-09-14,25.2,38,4.05,29.5,0.123,0.0
2008-09-15,25.9,39,4.43,30.0,0.123,0.0
2008-09-16,26.3,41,4.24,30.3,0.123,0.0
2008-09-17,25.4,41,3.77,29.8,0.123,0.0
2008-09-18,23.3,44,3.28,28.6,0.123,0.0
2008-09-19,22.1,44,2.65,26.9,0.123,0.0
2008-09-20,21.0,53,2.48,25.9,0.123,0.0
2008-09-21,21.1,51,2.7,25.8,0.123,0.0
2008-09-22,21.5,47,2.91,25.9,0.123,0.0
2008-09-23,23.9,36,3.73,26.7,0.123,0.0
2008-09-24,25.2,36,4.43,28.1,0.123,0.0
2008-09-25,26.4,36,4.31,29.2,0.123,0.0
2008-09-26,26.2,37,4.62,29.2,0.123,0.0
2008-09-27,26.0,39,4.45,29.1,0.123,0.0
2008-09-28,26.9,37,4.2,29.2,0.123,0.0
2008-09-29,25.5,43,3.76,28.9,0.123,0.0
2008-09-30,25.9,43,3.9,29.1,0.123,0.0
2008-10-01,26.3,43,3.94,29.7,0.123,0.0
2008-10-02,25.1,42,3.23,28.5,0.123,0.0
2008-10-03,22.1,53,2.21,26.4,0.123,0.0
2008-10-04,20.0,61,1.48,23.0,0.136,2.5
2008-10-05,18.9,53,2.1,22.9,0.141,0.0
2008-10-06,19.9,51,2.42,23.1,0.137,0.0
2008-10-07,21.8,49,3.01,24.2,0.134,0.0
2008-10-08,22.8,42,3.21,24.7,0.131,0.0
2008-10-09,19.8,39,2.94,23.0,0.13,0.0
2008-10-10,14.8,23,1.82,19.3,0.129,0.0
2008-10-11,13.7,27,1.87,18.0,0.128,0.0
2008-10-12,13.7,27,1.87,17.3,0.127,0.0
2008-10-13,14.3,33,2.16,17.8,0.127,0.0
2008-10-14,16.0,36,2.59,19.1,0.126,0.0
2008-10-15,18.4,40,3.0,20.4,0.126,0.0
2008-10-16,19.8,40,3.13,21.5,0.125,0.0
2008-10-17,20.7,42,3.61,22.1,0.125,0.0
2008-10-18,21.1,38,3.09,22.3,0.125,0.0
2008-10-19,19.3,45,2.56,22.2,0.125,0.0
2008-10-20,18.0,48,2.33,21.2,0.125,0.0
2008-10-21,17.5,50,2.07,20.6,0.125,0.0
2008-10-22,20.3,41,2.82,21.2,0.124,0.0
2008-10-23,19.8,45,3.01,21.6,0.124,0.0
2008-10-24,19.2,46,2.91,21.5,0.124,0.0
2008-10-25,19.6,47,3.0,21.6,0.124,0.0
2008-10-26,19.4,47,2.97,21.5,0.124,0.0
2008-10-27,18.9,48,2.66,21.1,0.124,0.0
2008-10-28,19.4,48,2.75,21.7,0.124,0.0
2008-10-29,18.8,49,2.65,20.9,0.124,0.0
2008-10-30,19.2,45,2.54,20.0,0.124,0.0
2008-10-31,20.2,52,2.33,20.5,0.143,2.2
2008-11-01,19.0,67,1.07,19.3,0.158,5.3
2008-11-02,16.3,78,1.06,18.6,0.308,11.9
2008-11-03,15.0,72,1.14,17.5,0.287,4.7
2008-11-04,13.2,67,1.16,16.0,0.316,2.1
2008-11-05,11.4,60,1.11,14.3,0.277,0.0
2008-11-06,12.5,61,1.13,14.1,0.255,0.0
2008-11-07,14.2,68,1.34,15.0,0.239,0.0
2008-11-08,14.9,73,1.25,15.7,0.227,0.0
2008-11-09,12.6,74,0.77,14.3,0.24,2.3
2008-11-10,12.3,72,0.9,13.7,0.234,0.0
2008-11-11,12.8,73,1.04,13.9,0.225,0.0
2008-11-12,13.3,74,1.0,14.4,0.216,0.0
2008-11-13,13.0,81,0.82,14.3,0.208,0.0
2008-11-14,14.7,79,1.16,15.9,0.201,0.0
2008-11-15,15.4,72,1.74,16.4,0.194,0.0
2008-11-16,16.3,68,1.93,16.7,0.187,0.0
2008-11-17,16.6,68,2.06,16.8,0.18,0.0
2008-11-18,17.0,65,2.1,16.7,0.175,0.0
2008-11-19,15.3,66,1.77,16.3,0.17,0.0
2008-11-20,14.3,73,1.24,15.9,0.166,0.0
2008-11-21,12.5,75,1.13,14.8,0.163,0.0
2008-11-22,12.9,58,1.59,14.1,0.16,0.0
2008-11-23,12.7,61,1.63,13.6,0.157,0.0
2008-11-24,13.1,60,1.76,13.7,0.154,0.0
2008-11-25,13.5,63,1.3,14.3,0.154,1.7
2008-11-26,12.7,88,0.5,14.0,0.264,8.1
2008-11-27,11.7,85,0.66,13.1,0.274,0.0
2008-11-28,11.2,86,0.45,12.5,0.259,0.0
2008-11-29,10.1,85,0.75,12.3,0.248,0.0
2008-11-30,12.6,72,1.28,12.6,0.237,0.0
2008-12-01,13.2,72,1.34,12.9,0.227,0.0
2008-12-02,11.9,79,0.97,12.8,0.218,0.0
2008-12-03,10.5,85,0.76,12.6,0.212,0.0
2008-12-04,9.6,80,0.82,11.4,0.206,0.0
2008-12-05,9.6,72,1.05,10.8,0.201,0.0
2008-12-06,9.3,70,1.17,10.6,0.196,0.0
2008-12-07,9.5,71,1.02,10.6,0.191,0.0
2008-12-08,8.1,76,0.73,9.3,0.187,0.0
2008-12-09,7.4,80,0.83,9.6,0.184,0.0
2008-12-10,8.3,68,1.06,9.2,0.18,0.0
2008-12-11,9.5,65,1.13,9.7,0.177,0.0
2008-12-12,9.6,69,1.08,10.0,0.174,0.0
2008-12-13,8.0,65,0.91,8.9,0.177,1.2
2008-12-14,6.5,68,0.8,7.9,0.184,5.8
2008-12-15,6.7,88,0.26,8.5,0.32,12.5
2008-12-16,5.4,83,0.47,7.4,0.351,5.1
2008-12-17,4.6,69,0.7,6.5,0.316,0.0
2008-12-18,3.7,64,0.75,5.2,0.292,0.0
2008-12-19,6.0,63,0.67,6.3,0.277,0.0
2008-12-20,5.3,81,0.5,6.6,0.267,0.0
2008-12-21,5.5,85,0.43,6.5,0.262,2.1
2008-12-22,8.3,79,0.68,8.8,0.357,11.3
2008-12-23,6.4,80,0.53,7.7,0.335,2.1
2008-12-24,8.3,76,0.54,8.3,0.323,1.8
2008-12-25,8.1,78,0.54,8.6,0.365,16.9
2008-12-26,4.4,74,0.6,5.9,0.345,0.0
2008-12-27,4.0,70,0.65,5.3,0.33,0.0
2008-12-28,5.2,73,0.55,5.7,0.32,0.0
2008-12-29,6.4,90,0.49,7.1,0.312,0.0
2008-12-30,7.4,91,0.39,8.1,0.307,0.0
2008-12-31,6.1,87,0.54,7.3,0.302,0.0
2009-01-01,5.7,88,0.47,6.7,0.297,0.0
2009-01-02,7.5,86,0.54,7.8,0.295,1.7
2009-01-03,6.7,83,0.48,8.3,0.299,0.0
2009-01-04,5.0,73,0.6,6.5,0.292,0.0
2009-01-05,4.3,80,0.27,4.8,0.288,0.3
2009-01-06,3.6,88,0.31,5.0,0.287,0.0
2009-01-07,4.9,90,0.42,5.9,0.282,0.0
2009-01-08,7.0,86,0.61,7.4,0.277,0.0
2009-01-09,6.5,88,0.43,7.8,0.272,0.0
2009-01-10,7.9,79,0.81,7.8,0.268,0.0
2009-01-11,8.2,78,0.77,8.0,0.262,0.0
2009-01-12,9.4,73,1.03,8.6,0.257,0.0
2009-01-13,9.9,76,1.14,9.6,0.252,0.0
2009-01-14,9.6,78,1.12,9.9,0.247,0.0
2009-01-15,10.5,77,1.2,10.2,0.242,0.0
2009-01-16,10.0,72,1.28,10.3,0.237,0.0
2009-01-17,10.2,68,1.26,10.2,0.232,0.0
2009-01-18,11.1,71,1.48,10.6,0.228,0.0
2009-01-19,10.3,67,1.43,10.6,0.223,0.0
2009-01-20,11.3,70,1.4,10.9,0.218,0.0
2009-01-21,11.6,69,0.91,10.9,0.215,0.0
2009-01-22,11.8,88,0.28,12.0,0.272,11.4
2009-01-23,13.0,93,0.42,12.8,0.347,7.2
2009-01-24,13.1,90,0.32,13.3,0.378,9.4
2009-01-25,9.3,77,0.66,11.1,0.36,2.1
2009-01-26,6.7,78,0.67,8.7,0.341,0.0
2009-01-27,6.2,72,0.67,7.6,0.323,0.0
2009-01-28,6.0,70,0.78,7.2,0.309,0.0
2009-01-29,7.9,72,0.86,8.1,0.298,0.0
2009-01-30,9.9,75,1.11,9.4,0.289,0.0
2009-01-31,9.9,77,1.04,10.1,0.281,0.0
2009-02-01,9.7,80,0.89,10.1,0.273,0.0
2009-02-02,10.8,78,1.29,10.8,0.266,0.0
2009-02-03,11.6,76,1.46,11.5,0.259,0.0
2009-02-04,13.1,68,1.72,12.2,0.252,0.0
2009-02-05,11.4,68,0.86,11.2,0.267,4.9
2009-02-06,10.0,89,0.36,10.6,0.368,17.9
2009-02-07,9.0,84,0.68,10.1,0.365,0.5
2009-02-08,10.5,80,0.62,11.1,0.35,1.3
2009-02-09,7.2,79,0.46,9.6,0.383,7.8
2009-02-10,6.2,63,0.81,7.8,0.355,0.0
2009-02-11,6.8,71,0.66,8.0,0.351,3.4
2009-02-12,7.4,74,0.79,8.6,0.362,2.1
2009-02-13,6.5,84,0.26,7.7,0.379,9.8
2009-02-14,7.1,75,0.78,8.1,0.374,0.6
2009-02-15,9.3,66,1.08,8.9,0.355,0.9
2009-02-16,8.3,82,0.35,8.6,0.385,10.9
2009-02-17,8.2,85,0.39,8.8,0.4,6.3
2009-02-18,8.2,77,0.93,9.3,0.375,0.0
2009-02-19,9.7,71,1.19,9.9,0.354,0.0
2009-02-20,10.6,73,1.13,10.4,0.339,0.0
2009-02-21,11.4,76,1.0,10.6,0.329,0.0
2009-02-22,12.9,88,0.29,12.0,0.372,8.4
2009-02-23,12.9,91,0.2,12.0,0.393,6.8
2009-02-24,12.3,81,0.97,12.2,0.371,0.0
2009-02-25,12.1,73,0.97,12.6,0.351,0.0
2009-02-26,12.5,71,1.08,12.7,0.336,0.0
2009-02-27,11.5,73,1.07,12.8,0.322,0.0
2009-02-28,12.7,72,1.33,12.4,0.311,0.0
2009-03-01,16.4,65,1.78,15.2,0.303,0.0
2009-03-02,14.9,83,0.59,14.7,0.348,9.5
2009-03-03,12.8,74,1.07,13.2,0.355,2.5
2009-03-04,10.2,80,0.67,12.7,0.4,14.4
2009-03-05,9.2,71,0.97,11.2,0.371,0.2
2009-03-06,8.9,69,0.93,10.5,0.351,0.1
2009-03-07,9.4,67,0.91,10.7,0.335,0.0
2009-03-08,10.6,67,1.16,11.4,0.32,0.0
2009-03-09,8.6,62,0.96,10.6,0.307,0.0
2009-03-10,8.0,56,1.06,10.2,0.295,0.0
2009-03-11,9.8,61,1.2,11.0,0.283,0.0
2009-03-12,11.5,64,1.31,12.2,0.273,0.0
2009-03-13,12.9,66,1.4,13.2,0.262,0.0
2009-03-14,11.8,66,1.4,13.0,0.252,0.0
2009-03-15,12.1,63,1.3,13.6,0.242,0.0
2009-03-16,14.2,72,1.41,14.8,0.232,0.0
2009-03-17,15.4,71,1.58,16.1,0.223,0.0
2009-03-18,15.5,65,1.79,16.4,0.214,0.0
2009-03-19,17.8,56,2.1,17.5,0.205,0.0
2009-03-20,17.5,60,2.35,17.8,0.196,0.0
2009-03-21,15.4,67,1.81,17.1,0.202,8.3
2009-03-22,10.6,61,1.07,13.5,0.337,11.7
2009-03-23,9.5,48,1.29,12.0,0.311,0.0
2009-03-24,11.9,47,1.47,12.6,0.281,0.0
2009-03-25,13.9,55,1.77,14.3,0.259,0.0
2009-03-26,15.7,58,1.85,15.6,0.24,0.0
2009-03-27,16.3,61,2.06,17.0,0.223,0.0
2009-03-28,18.1,57,2.49,18.2,0.208,0.0
2009-03-29,15.9,47,2.11,17.1,0.195,0.0
2009-03-30,14.0,30,1.93,16.3,0.183,0.0
2009-03-31,15.8,39,2.37,16.7,0.174,0.0
2009-04-01,17.0,43,2.37,17.5,0.166,0.0
2009-04-02,16.5,51,2.33,18.1,0.16,0.0
2009-04-03,13.6,39,2.06,16.4,0.154,0.0
2009-04-04,13.6,34,1.94,16.2,0.149,0.0
2009-04-05,16.0,36,2.8,17.4,0.145,0.0
2009-04-06,18.7,36,3.52,19.4,0.141,0.0
2009-04-07,15.8,47,2.39,18.0,0.153,7.1
2009-04-08,13.1,66,1.17,16.3,0.234,4.4
2009-04-09,14.1,55,1.54,15.8,0.224,0.0
2009-04-10,14.0,61,1.41,16.4,0.21,0.0
2009-04-11,14.0,53,1.62,16.1,0.195,0.0
2009-04-12,16.2,53,1.97,17.8,0.182,0.0
2009-04-13,16.9,58,1.87,18.4,0.171,0.0
2009-04-14,13.6,42,1.58,17.0,0.162,0.0
2009-04-15,11.7,33,1.69,15.3,0.155,0.0
2009-04-16,13.6,45,1.91,16.5,0.149,0.0
2009-04-17,17.2,39,2.6,18.7,0.144,0.0
2009-04-18,20.2,42,3.24,21.5,0.139,0.0
2009-04-19,23.8,37,4.71,24.3,0.134,0.0
2009-04-20,25.9,32,5.31,26.2,0.131,0.0
2009-04-21,27.2,27,5.59,27.0,0.129,0.0
2009-04-22,26.7,26,5.35,27.4,0.128,0.0
2009-04-23,22.7,31,3.46,26.0,0.127,0.0
2009-04-24,17.9,26,2.39,22.2,0.127,0.2
2009-04-25,15.1,39,2.22,20.4,0.127,0.0
2009-04-26,16.7,36,2.58,21.2,0.127,0.0
2009-04-27,16.4,45,2.49,21.5,0.126,0.0
2009-04-28,14.0,44,2.02,19.4,0.126,0.0
2009-04-29,15.4,38,2.44,19.8,0.126,0.0
2009-04-30,18.2,31,3.16,21.7,0.125,0.0
2009-05-01,19.8,44,3.15,22.4,0.145,9.1
2009-05-02,18.8,67,1.78,21.1,0.256,2.6
2009-05-03,19.6,60,1.81,21.3,0.228,0.0
2009-05-04,20.0,58,2.71,22.1,0.205,0.0
2009-05-05,21.4,57,2.54,23.2,0.183,0.0
2009-05-06,22.4,54,3.33,24.4,0.168,0.0
2009-05-07,22.1,46,3.52,24.7,0.155,0.0
2009-05-08,22.8,29,3.98,25.2,0.145,0.0
2009-05-09,24.0,31,4.35,26.4,0.137,0.0
2009-05-10,24.7,31,4.51,27.4,0.133,0.0
2009-05-11,24.0,31,3.91,27.3,0.13,0.0
2009-05-12,22.1,25,3.62,26.0,0.128,0.0
2009-05-13,22.9,25,3.76,26.3,0.127,0.0
2009-05-14,23.7,33,3.68,27.0,0.126,0.0
2009-05-15,24.8,43,3.99,28.3,0.126,0.0
2009-05-16,28.2,34,5.45,30.9,0.125,0.0
2009-05-17,30.9,30,6.57,32.7,0.125,0.0
2009-05-18,29.8,30,5.52,31.9,0.124,0.0
2009-05-19,28.1,34,4.71,32.1,0.125,0.0
2009-05-20,26.2,28,4.59,31.1,0.124,0.0
2009-05-21,26.0,25,4.75,30.9,0.124,0.0
2009-05-22,25.8,27,4.49,30.6,0.124,0.0
2009-05-23,25.0,33,4.0,30.3,0.124,0.0
2009-05-24,22.8,35,3.71,28.8,0.124,0.0
2009-05-25,22.6,37,3.68,28.1,0.124,0.0
2009-05-26,26.1,36,4.35,30.1,0.124,0.0
2009-05-27,28.8,34,5.07,32.3,0.124,0.7
2009-05-28,29.2,32,5.13,32.1,0.127,0.6
2009-05-29,28.3,33,4.75,31.5,0.132,0.6
2009-05-30,26.8,38,3.99,30.8,0.131,0.0
2009-05-31,26.6,37,4.17,31.2,0.128,0.0
2009-06-01,24.9,38,3.52,29.9,0.127,0.0
2009-06-02,23.6,43,3.22,29.1,0.126,0.1
2009-06-03,23.0,42,3.15,26.6,0.126,0.0
2009-06-04,22.0,48,2.9,27.3,0.126,0.0
2009-06-05,18.5,62,1.69,23.4,0.248,12.4
2009-06-06,20.2,49,2.23,23.4,0.239,0.0
2009-06-07,21.7,46,2.77,24.9,0.207,0.0
2009-06-08,23.1,43,3.14,26.5,0.18,0.0
2009-06-09,21.9,38,3.16,26.5,0.162,0.0
2009-06-10,21.6,46,2.88,26.7,0.149,0.0
2009-06-11,21.9,47,2.85,26.9,0.141,0.0
2009-06-12,22.1,42,2.85,26.9,0.135,0.0
2009-06-13,22.1,43,2.99,27.5,0.132,0.0
2009-06-14,22.6,43,3.15,27.9,0.13,0.0
2009-06-15,22.7,40,2.97,27.3,0.129,0.0
2009-06-16,24.9,38,3.62,29.3,0.128,0.0
2009-06-17,25.6,38,3.99,30.1,0.126,0.0
2009-06-18,27.6,36,4.66,31.7,0.126,0.0
2009-06-19,29.5,31,5.62,33.7,0.125,0.0
2009-06-20,24.0,31,4.19,30.8,0.125,0.0
2009-06-21,21.6,37,3.34,28.4,0.124,0.0
2009-06-22,24.9,34,4.09,29.9,0.124,0.0
2009-06-23,28.2,26,5.17,32.2,0.124,0.0
2009-06-24,30.0,26,5.73,33.9,0.124,0.0
2009-06-25,29.1,28,5.21,34.0,0.124,0.0
2009-06-26,29.1,26,5.63,33.9,0.124,0.0
2009-06-27,31.4,22,6.92,35.1,0.124,0.0
2009-06-28,34.0,24,7.59,37.0,0.124,0.0
2009-06-29,33.9,24,6.92,37.4,0.123,0.0
2009-06-30,31.6,23,6.1,35.7,0.123,0.0
2009-07-01,31.0,28,5.96,35.9,0.123,0.0
2009-07-02,31.0,29,6.04,36.0,0.123,0.0
2009-07-03,31.5,26,6.45,36.3,0.123,0.0
2009-07-04,30.5,27,5.6,36.0,0.123,0.0
2009-07-05,28.8,31,5.05,34.7,0.123,0.0
2009-07-06,26.8,27,4.87,32.6,0.123,0.0
2009-07-07,26.8,22,4.93,32.3,0.123,0.0
2009-07-08,26.7,27,4.76,32.0,0.123,0.0
2009-07-09,27.4,26,5.07,32.4,0.123,0.0
2009-07-10,27.7,26,5.26,32.7,0.124,0.0
2009-07-11,29.7,23,5.72,34.6,0.124,0.0
2009-07-12,29.5,24,5.51,34.3,0.123,0.0
2009-07-13,29.4,22,5.41,34.2,0.123,0.0
2009-07-14,31.3,18,6.29,35.5,0.123,0.0
2009-07-15,32.5,23,6.83,36.7,0.123,0.0
2009-07-16,32.6,25,6.96,37.0,0.123,0.0
2009-07-17,33.2,23,7.05,37.4,0.123,0.0
2009-07-18,34.1,21,7.78,38.1,0.123,0.0
2009-07-19,34.9,21,7.79,39.1,0.123,0.0
2009-07-20,33.7,23,7.15,38.4,0.123,0.0
2009-07-21,31.0,25,6.21,36.2,0.123,0.0
2009-07-22,29.9,28,5.63,35.2,0.123,0.0
2009-07-23,30.1,29,5.79,35.6,0.123,0.0
2009-07-24,28.9,33,4.98,34.6,0.123,0.0
2009-07-25,28.5,35,5.28,34.1,0.123,0.0
2009-07-26,30.6,32,6.08,35.2,0.123,0.0
2009-07-27,32.2,28,6.96,36.5,0.123,0.0
2009-07-28,31.5,29,6.27,36.4,0.123,0.0
2009-07-29,29.8,34,5.53,35.4,0.123,0.0
2009-07-30,29.2,41,4.97,34.6,0.123,0.0
2009-07-31,28.9,39,4.94,34.4,0.123,0.0
2009-08-01,29.8,33,5.28,35.0,0.123,0.0
2009-08-02,28.4,31,4.63,34.3,0.123,0.0
2009-08-03,27.5,36,4.6,33.7,0.123,0.0
2009-08-04,27.6,36,4.47,33.2,0.123,0.0
2009-08-05,27.8,34,4.87,33.5,0.123,0.0
2009-08-06,22.9,47,2.71,29.3,0.123,0.0
2009-08-07,23.6,42,3.38,29.5,0.123,0.0
2009-08-08,26.1,39,3.93,31.2,0.123,0.0
2009-08-09,28.8,34,5.12,33.1,0.123,0.0
2009-08-10,30.8,28,6.1,34.6,0.123,0.0
2009-08-11,30.9,29,5.92,35.3,0.123,0.0
2009-08-12,29.9,30,5.98,34.6,0.123,0.0
2009-08-13,29.4,33,5.16,34.0,0.123,0.0
2009-08-14,27.6,29,4.77,32.8,0.123,0.0
2009-08-15,25.7,33,4.43,31.3,0.123,0.0
2009-08-16,27.5,32,4.83,32.2,0.123,0.0
2009-08-17,28.7,29,5.18,33.1,0.123,0.0
2009-08-18,29.1,33,5.56,33.6,0.123,0.0
2009-08-19,29.5,35,5.41,34.3,0.123,0.0
2009-08-20,28.5,36,4.84,33.7,0.123,0.0
2009-08-21,29.3,36,5.42,34.0,0.123,0.0
2009-08-22,29.2,37,3.98,32.5,0.123,0.0
2009-08-23,29.3,36,4.23,32.9,0.123,0.0
2009-08-24,27.4,36,4.38,32.7,0.123,0.0
2009-08-25,27.4,33,5.0,32.5,0.123,0.0
2009-08-26,28.3,30,5.39,32.5,0.123,0.0
2009-08-27,28.4,31,5.43,32.9,0.123,0.0
2009-08-28,29.4,27,5.65,32.7,0.123,0.0
2009-08-29,30.6,23,6.4,33.5,0.123,0.0
2009-08-30,31.0,34,5.68,35.1,0.123,0.0
2009-08-31,29.8,33,5.01,34.5,0.123,0.0
2009-09-01,29.5,35,5.43,34.0,0.123,0.0
2009-09-02,30.5,32,5.99,34.3,0.123,0.0
2009-09-03,31.0,28,5.92,34.6,0.123,0.0
2009-09-04,29.7,25,5.36,34.2,0.123,0.0
2009-09-05,25.9,33,3.96,31.1,0.123,0.0
2009-09-06,24.3,45,3.39,29.6,0.123,0.0
2009-09-07,24.2,37,3.66,29.2,0.123,0.0
2009-09-08,25.2,36,3.86,30.0,0.123,0.0
2009-09-09,26.6,36,4.33,30.6,0.123,0.0
2009-09-10,28.0,34,5.0,31.8,0.123,0.0
2009-09-11,29.2,31,5.38,32.4,0.123,0.0
2009-09-12,29.5,31,5.04,33.2,0.123,0.0
2009-09-13,24.6,43,3.3,30.6,0.123,0.0
2009-09-14,21.2,59,1.99,26.0,0.124,0.0
2009-09-15,23.0,51,2.86,27.7,0.124,0.0
2009-09-16,25.1,46,3.57,28.9,0.124,0.0
2009-09-17,26.0,45,3.91,29.7,0.124,0.0
2009-09-18,28.9,38,5.15,31.5,0.124,0.0
2009-09-19,29.1,31,5.45,31.9,0.124,0.0
2009-09-20,27.2,41,4.09,31.4,0.124,0.0
2009-09-21,28.6,39,4.56,31.6,0.124,0.0
2009-09-22,28.8,37,4.89,32.0,0.124,0.0
2009-09-23,28.5,33,5.22,31.4,0.124,0.0
2009-09-24,27.8,33,4.97,31.2,0.124,0.0
2009-09-25,27.2,34,4.92,30.5,0.124,0.0
2009-09-26,28.3,32,5.05,31.0,0.124,0.0
2009-09-27,29.0,33,5.52,31.4,0.124,0.0
2009-09-28,28.3,31,4.46,30.9,0.123,0.0
2009-09-29,21.0,36,2.46,26.1,0.124,0.0
2009-09-30,18.0,38,2.49,23.1,0.124,0.0
2009-10-01,20.0,25,3.22,23.5,0.124,0.0
2009-10-02,21.3,28,3.65,24.4,0.124,0.0
2009-10-03,19.6,35,2.84,23.6,0.124,0.0
2009-10-04,15.0,43,1.78,20.3,0.128,1.0
2009-10-05,15.1,41,2.09,19.8,0.13,0.0
2009-10-06,17.0,35,2.56,20.3,0.129,0.0
2009-10-07,18.6,31,2.74,21.3,0.128,0.0
2009-10-08,18.6,35,2.58,21.5,0.126,0.0
2009-10-09,19.1,43,2.56,21.9,0.126,0.0
2009-10-10,19.0,46,2.61,22.3,0.125,0.0
2009-10-11,19.0,48,2.42,22.6,0.125,0.0
2009-10-12,17.1,57,1.46,20.4,0.125,0.0
2009-10-13,15.6,77,0.78,17.4,0.226,39.5
2009-10-14,19.0,85,0.93,19.7,0.374,9.9
2009-10-15,21.2,77,1.56,22.1,0.322,0.0
2009-10-16,19.8,83,1.14,21.9,0.294,0.0
2009-10-17,21.5,76,1.73,22.3,0.274,0.0
2009-10-18,21.7,69,1.85,22.8,0.257,0.0
2009-10-19,16.0,65,1.42,19.5,0.245,0.9
2009-10-20,14.6,74,1.11,17.8,0.243,0.0
2009-10-21,15.9,73,1.24,17.9,0.233,0.0
2009-10-22,16.3,78,1.16,18.1,0.223,0.0
2009-10-23,17.9,75,1.54,19.0,0.214,0.0
2009-10-24,18.7,71,1.67,19.7,0.206,0.0
2009-10-25,18.4,68,1.62,19.8,0.198,0.0
2009-10-26,19.3,62,2.07,20.0,0.191,0.0
2009-10-27,15.9,42,1.76,18.1,0.183,0.0
2009-10-28,13.2,27,1.67,15.7,0.175,0.0
2009-10-29,11.2,41,1.46,14.0,0.17,0.0
2009-10-30,13.4,40,1.88,14.9,0.166,0.0
2009-10-31,15.0,56,2.0,16.2,0.163,0.0
2009-11-01,16.4,66,1.82,17.3,0.16,0.0
2009-11-02,17.3,63,2.22,18.0,0.157,0.0
2009-11-03,18.5,57,2.64,18.3,0.154,0.0
2009-11-04,18.9,49,2.98,18.7,0.151,0.0
2009-11-05,16.1,59,1.75,17.7,0.148,0.0
2009-11-06,16.2,61,1.77,17.5,0.146,0.0
2009-11-07,15.4,65,1.43,17.3,0.144,0.0
2009-11-08,12.9,45,1.53,15.1,0.143,0.0
2009-11-09,13.8,40,1.98,14.7,0.142,0.0
2009-11-10,13.8,44,1.85,15.2,0.14,0.0
2009-11-11,14.0,48,1.86,15.3,0.139,0.0
2009-11-12,12.4,67,0.71,13.9,0.14,0.3
2009-11-13,11.4,56,1.38,13.6,0.142,0.0
2009-11-14,10.9,53,1.19,12.8,0.141,0.0
2009-11-15,11.3,55,1.5,12.9,0.14,0.0
2009-11-16,12.2,54,1.9,13.2,0.138,0.0
2009-11-17,13.2,49,2.05,13.7,0.137,0.0
2009-11-18,11.9,58,1.18,13.6,0.136,0.0
2009-11-19,10.4,48,1.28,12.3,0.136,0.0
2009-11-20,12.1,57,2.07,12.8,0.14,2.5
2009-11-21,11.1,65,1.07,13.3,0.169,0.0
2009-11-22,10.2,66,1.31,12.1,0.165,0.0
2009-11-23,10.0,77,0.89,12.2,0.162,0.0
2009-11-24,11.6,60,1.49,12.2,0.16,0.0
2009-11-25,12.2,56,1.69,12.6,0.157,0.0
2009-11-26,13.3,55,1.96,13.0,0.154,0.0
2009-11-27,11.3,66,0.86,12.3,0.152,0.0
2009-11-28,10.0,68,0.96,12.4,0.158,0.7
2009-11-29,9.3,62,1.33,10.9,0.157,0.0
2009-11-30,10.4,57,1.63,11.3,0.154,0.0
2009-12-01,9.9,53,1.53,11.1,0.152,0.0
2009-12-02,9.9,56,1.38,10.8,0.149,0.0
2009-12-03,9.0,66,1.12,10.5,0.148,0.0
2009-12-04,10.3,59,1.52,10.5,0.146,0.0
2009-12-05,10.9,54,1.31,11.6,0.144,0.0
2009-12-06,8.2,60,1.18,10.1,0.143,0.0
2009-12-07,6.1,80,0.39,8.1,0.231,14.4
2009-12-08,3.7,59,0.74,6.2,0.288,0.0
2009-12-09,2.8,53,0.73,4.4,0.266,0.0
2009-12-10,5.5,57,0.8,6.4,0.266,7.7
2009-12-11,10.0,89,0.42,9.5,0.392,23.4
2009-12-12,11.6,91,0.27,11.0,0.398,20.0
2009-12-13,9.4,92,0.22,10.1,0.404,10.0
2009-12-14,9.8,81,0.7,10.3,0.372,0.0
2009-12-15,8.8,81,0.78,9.3,0.355,0.0
2009-12-16,10.0,77,0.85,9.9,0.344,0.0
2009-12-17,8.8,87,0.49,9.5,0.335,0.0
2009-12-18,7.7,91,0.41,8.9,0.328,0.0
2009-12-19,8.6,86,0.69,9.0,0.321,0.0
2009-12-20,9.8,82,0.9,9.5,0.315,0.0
2009-12-21,10.1,82,0.7,9.9,0.317,4.9
2009-12-22,7.9,62,0.72,9.3,0.36,3.2
2009-12-23,4.7,60,0.69,6.5,0.334,0.0
2009-12-24,5.8,67,0.82,6.0,0.321,0.0
2009-12-25,7.0,75,0.84,6.7,0.312,0.0
2009-12-26,7.0,80,0.62,6.7,0.308,1.4
2009-12-27,8.7,83,0.69,8.8,0.326,0.8
2009-12-28,7.7,87,0.42,8.2,0.32,0.0
2009-12-29,9.0,80,0.6,9.7,0.315,0.2
2009-12-30,9.4,82,0.57,10.1,0.32,1.8
2009-12-31,8.3,80,0.74,8.9,0.311,0.0
2010-01-01,8.6,79,0.69,8.5,0.303,0.0
2010-01-02,8.2,87,0.56,8.6,0.297,0.0
2010-01-03,9.5,85,0.7,10.0,0.291,0.0
2010-01-04,9.4,81,0.94,9.5,0.285,0.0
2010-01-05,8.4,79,0.85,9.1,0.279,0.0
2010-01-06,8.1,81,0.77,9.1,0.274,0.0
2010-01-07,8.8,82,0.75,9.5,0.269,0.0
2010-01-08,10.3,83,0.89,10.4,0.266,0.1
2010-01-09,9.5,87,0.63,10.2,0.262,0.0
2010-01-10,10.5,84,0.91,10.7,0.258,0.0
2010-01-11,10.9,79,1.2,10.9,0.254,0.0
2010-01-12,11.9,80,0.46,11.2,0.276,6.1
2010-01-13,11.7,84,0.63,12.0,0.382,16.8
2010-01-14,8.8,88,0.42,10.1,0.352,0.0
2010-01-15,9.4,83,0.85,9.9,0.336,0.0
2010-01-16,11.2,70,1.33,10.9,0.325,0.0
2010-01-17,10.8,79,0.78,10.9,0.342,9.4
2010-01-18,10.8,89,0.31,10.8,0.401,23.7
2010-01-19,9.1,80,0.69,9.1,0.417,14.2
2010-01-20,8.7,84,0.47,8.7,0.418,16.2
2010-01-21,7.1,88,0.19,7.9,0.415,9.7
2010-01-22,6.9,90,0.27,8.0,0.421,10.1
2010-01-23,5.8,83,0.67,7.5,0.399,0.0
2010-01-24,6.9,76,0.65,7.3,0.381,1.5
2010-01-25,8.6,72,0.63,8.4,0.383,3.5
2010-01-26,9.1,91,0.34,9.3,0.411,4.8
2010-01-27,9.6,88,0.39,9.9,0.39,0.0
2010-01-28,8.7,86,0.46,9.1,0.374,0.0
2010-01-29,9.5,82,0.88,9.4,0.362,0.0
2010-01-30,10.3,79,0.72,10.1,0.362,1.0
2010-01-31,9.1,79,0.78,9.6,0.353,0.0
2010-02-01,9.4,77,0.79,9.3,0.343,0.0
2010-02-02,10.7,83,0.68,10.9,0.338,0.1
2010-02-03,10.0,84,0.7,10.7,0.333,0.0
2010-02-04,10.8,80,0.88,10.5,0.327,1.1
2010-02-05,11.8,83,0.47,11.5,0.381,9.0
2010-02-06,10.3,90,0.3,10.9,0.391,9.7
2010-02-07,9.0,84,0.49,9.7,0.397,0.9
2010-02-08,9.9,79,0.64,10.3,0.376,0.0
2010-02-09,8.3,86,0.33,9.1,0.39,7.1
2010-02-10,7.2,86,0.55,8.7,0.384,0.0
2010-02-11,8.0,83,0.54,9.0,0.369,0.0
2010-02-12,10.1,80,0.75,10.1,0.357,0.0
2010-02-13,11.5,85,0.73,10.8,0.347,0.0
2010-02-14,10.8,89,0.64,11.3,0.339,0.0
2010-02-15,10.9,86,0.7,11.4,0.332,0.0
2010-02-16,12.2,85,0.81,12.1,0.325,0.0
2010-02-17,12.9,86,0.94,13.6,0.318,0.0
2010-02-18,14.0,80,1.06,13.6,0.311,0.0
2010-02-19,12.6,82,0.8,12.9,0.31,0.3
2010-02-20,11.3,78,0.87,12.2,0.315,0.3
2010-02-21,10.0,83,0.67,11.4,0.33,6.3
2010-02-22,9.7,77,0.85,11.4,0.36,1.0
2010-02-23,9.5,76,0.72,10.1,0.338,1.1
2010-02-24,11.1,88,0.35,11.3,0.407,24.0
2010-02-25,10.5,84,0.71,11.7,0.386,0.0
2010-02-26,12.2,78,1.12,11.8,0.382,11.8
2010-02-27,11.3,86,0.45,12.1,0.424,23.1
2010-02-28,10.6,82,0.82,11.5,0.393,0.0
2010-03-01,12.6,77,1.15,12.6,0.376,0.0
2010-03-02,11.2,84,0.5,12.0,0.387,7.3
2010-03-03,9.9,84,0.77,10.8,0.406,13.2
2010-03-04,7.9,75,0.8,10.0,0.408,3.2
2010-03-05,8.8,71,0.77,9.7,0.384,0.0
2010-03-06,10.6,75,0.86,11.1,0.374,0.2
2010-03-07,11.2,76,0.91,11.6,0.364,0.0
2010-03-08,10.4,75,0.64,11.5,0.356,0.0
2010-03-09,7.5,67,0.79,9.5,0.35,0.4
2010-03-10,7.8,68,0.79,9.5,0.35,1.0
2010-03-11,8.4,70,0.82,9.9,0.341,0.0
2010-03-12,10.2,76,1.04,10.6,0.342,5.7
2010-03-13,9.7,68,0.91,11.3,0.378,2.0
2010-03-14,9.2,62,0.86,10.5,0.35,0.0
2010-03-15,12.5,68,1.39,11.8,0.334,0.0
2010-03-16,14.7,69,1.87,13.8,0.322,0.0
2010-03-17,15.2,77,1.41,15.0,0.311,0.0
2010-03-18,15.3,77,1.29,15.4,0.302,0.0
2010-03-19,14.7,70,1.57,15.1,0.292,0.0
2010-03-20,15.5,72,1.98,15.4,0.282,0.0
2010-03-21,15.1,72,1.33,15.2,0.274,0.0
2010-03-22,14.6,72,1.34,15.6,0.266,0.0
2010-03-23,14.6,70,1.27,16.0,0.257,0.0
2010-03-24,15.4,65,1.9,15.6,0.248,0.0
2010-03-25,13.3,61,1.28,14.9,0.239,0.0
2010-03-26,12.1,63,1.17,14.4,0.231,0.0
2010-03-27,13.8,63,1.61,15.0,0.224,0.0
2010-03-28,16.6,57,2.44,16.3,0.216,0.0
2010-03-29,15.9,58,2.18,16.7,0.207,0.0
2010-03-30,14.1,70,0.9,15.7,0.209,1.5
2010-03-31,11.4,55,1.06,14.3,0.239,4.3
2010-04-01,11.0,55,1.19,13.5,0.242,0.0
2010-04-02,11.0,61,1.17,13.3,0.23,0.4
2010-04-03,11.4,59,1.01,13.4,0.223,0.0
2010-04-04,10.5,60,1.18,11.3,0.22,4.0
2010-04-05,10.7,70,0.88,12.9,0.37,19.0
2010-04-06,11.0,61,1.21,12.8,0.333,0.0
2010-04-07,13.7,61,1.54,14.6,0.301,0.0
2010-04-08,15.6,65,1.87,16.2,0.277,0.0
2010-04-09,15.3,64,1.6,16.8,0.257,0.0
2010-04-10,15.0,54,1.55,16.3,0.241,0.0
2010-04-11,13.2,64,1.48,14.4,0.247,8.6
2010-04-12,11.0,82,0.64,13.2,0.365,16.1
2010-04-13,11.6,70,1.2,13.5,0.361,0.0
2010-04-14,13.4,63,1.51,14.7,0.323,0.0
2010-04-15,14.6,63,1.51,15.8,0.298,0.0
2010-04-16,15.9,61,1.58,16.7,0.279,0.0
2010-04-17,16.5,64,1.77,17.4,0.261,0.0
2010-04-18,18.2,65,2.01,18.8,0.246,0.0
2010-04-19,19.4,59,2.19,19.6,0.233,0.0
2010-04-20,12.9,67,1.07,15.3,0.304,14.4
2010-04-21,8.5,84,0.59,12.3,0.369,7.1
2010-04-22,9.6,77,0.69,11.8,0.359,0.4
2010-04-23,13.6,67,1.23,14.5,0.328,0.0
2010-04-24,16.7,67,1.66,17.1,0.301,0.0
2010-04-25,18.4,66,1.9,18.9,0.279,0.0
2010-04-26,21.0,51,2.68,20.0,0.259,0.0
2010-04-27,17.9,60,2.04,19.0,0.254,5.0
2010-04-28,13.5,57,1.31,16.5,0.28,1.1
2010-04-29,11.9,53,1.42,14.6,0.27,0.1
2010-04-30,13.8,49,1.67,15.7,0.25,0.0
2010-05-01,16.2,49,1.85,17.1,0.231,0.0
2010-05-02,18.7,51,2.59,18.8,0.215,0.0
2010-05-03,20.5,47,3.14,20.4,0.199,0.0
2010-05-04,20.5,47,2.67,21.1,0.186,0.0
2010-05-05,19.0,37,2.56,20.6,0.174,0.0
2010-05-06,17.8,27,2.56,19.9,0.164,0.0
2010-05-07,19.2,31,2.94,20.5,0.157,0.0
2010-05-08,19.2,38,2.47,21.3,0.15,0.0
2010-05-09,14.7,58,1.52,18.5,0.155,2.7
2010-05-10,13.7,62,1.65,17.3,0.174,1.9
2010-05-11,13.3,54,1.64,16.2,0.188,0.6
2010-05-12,16.9,48,2.32,18.6,0.176,0.0
2010-05-13,20.0,48,2.67,21.0,0.165,0.0
2010-05-14,21.6,46,3.27,22.9,0.155,0.0
2010-05-15,22.9,42,3.64,24.4,0.146,0.0
2010-05-16,23.3,46,3.34,25.3,0.14,0.1
2010-05-17,18.2,50,1.65,21.3,0.14,1.8
2010-05-18,18.8,51,2.17,21.2,0.153,0.0
2010-05-19,20.2,49,2.8,22.9,0.146,0.0
2010-05-20,19.4,44,2.8,22.5,0.14,0.0
2010-05-21,17.1,36,2.33,21.0,0.136,0.0
2010-05-22,14.2,39,1.98,19.1,0.134,0.0
2010-05-23,15.1,38,2.28,19.2,0.133,0.0
2010-05-24,15.6,43,2.0,19.7,0.131,0.0
2010-05-25,17.5,47,2.47,20.7,0.131,1.4
2010-05-26,17.8,56,2.35,20.4,0.153,1.1
2010-05-27,16.8,51,2.08,19.9,0.152,0.3
2010-05-28,16.2,48,2.02,19.9,0.149,0.0
2010-05-29,19.2,38,2.95,22.2,0.142,0.0
2010-05-30,23.3,33,3.87,24.8,0.137,0.0
2010-05-31,24.3,36,4.3,26.2,0.133,0.0
2010-06-01,22.5,47,2.87,26.1,0.13,0.0
2010-06-02,23.5,44,3.2,26.5,0.129,0.0
2010-06-03,25.4,50,3.33,28.1,0.128,0.0
2010-06-04,26.7,42,3.99,29.1,0.127,0.0
2010-06-05,28.0,45,4.44,30.3,0.126,0.0
2010-06-06,28.5,39,4.78,31.0,0.126,0.0
2010-06-07,26.5,34,4.48,30.2,0.125,0.0
2010-06-08,25.5,33,4.36,29.4,0.125,0.0
2010-06-09,23.4,37,3.08,27.8,0.124,0.0
2010-06-10,19.9,41,2.79,25.0,0.124,0.0
2010-06-11,22.6,31,3.66,26.6,0.124,0.0
2010-06-12,24.2,30,3.85,27.7,0.124,0.0
2010-06-13,26.1,34,4.88,29.2,0.124,0.0
2010-06-14,28.0,28,5.21,30.5,0.124,0.0
2010-06-15,26.1,29,4.51,30.3,0.124,0.0
2010-06-16,22.5,31,3.68,27.7,0.124,0.0
2010-06-17,24.4,21,4.39,28.5,0.124,0.0
2010-06-18,23.2,31,3.87,28.5,0.124,0.0
2010-06-19,20.1,41,3.09,26.2,0.124,0.0
2010-06-20,21.0,36,3.35,26.3,0.124,0.0
2010-06-21,23.7,34,3.73,27.9,0.124,0.0
2010-06-22,26.4,32,4.57,29.9,0.124,0.0
2010-06-23,27.9,31,4.88,31.4,0.124,0.0
2010-06-24,26.7,28,4.26,30.6,0.124,0.0
2010-06-25,24.9,39,3.57,29.9,0.124,0.0
2010-06-26,26.3,43,3.83,30.8,0.124,0.0
2010-06-27,29.6,39,5.07,33.1,0.124,0.0
2010-06-28,32.2,31,6.54,34.8,0.124,0.0
2010-06-29,29.9,29,5.32,34.2,0.124,0.0
2010-06-30,28.3,25,5.15,32.9,0.124,0.0
2010-07-01,25.5,28,4.54,31.0,0.124,0.0
2010-07-02,25.1,35,3.96,30.3,0.124,0.0
2010-07-03,26.8,34,4.57,31.2,0.124,0.0
2010-07-04,28.1,27,5.13,32.1,0.124,0.0
2010-07-05,28.7,30,5.33,32.8,0.124,0.0
2010-07-06,27.5,33,4.31,32.6,0.124,0.0
2010-07-07,27.1,35,4.41,32.2,0.124,0.0
2010-07-08,27.8,37,4.5,32.7,0.124,0.0
2010-07-09,28.4,36,4.81,33.2,0.124,0.0
2010-07-10,30.2,34,5.3,34.4,0.124,0.0
2010-07-11,30.4,33,4.96,35.0,0.124,0.0
2010-07-12,29.7,34,4.75,34.7,0.124,0.0
2010-07-13,28.9,38,4.25,34.4,0.124,0.0
2010-07-14,29.6,31,4.98,34.2,0.124,0.0
2010-07-15,31.2,30,5.83,35.3,0.124,0.0
2010-07-16,32.7,32,5.85,36.3,0.124,0.0
2010-07-17,32.4,33,5.92,36.6,0.124,0.0
2010-07-18,32.3,29,6.33,36.5,0.124,0.0
2010-07-19,30.9,27,6.12,35.7,0.124,0.0
2010-07-20,29.1,32,4.9,34.8,0.124,0.0
2010-07-21,28.7,35,4.76,34.5,0.124,0.0
2010-07-22,27.9,36,4.56,33.7,0.124,0.0
2010-07-23,29.2,32,5.44,34.0,0.124,0.0
2010-07-24,29.9,31,5.58,34.7,0.124,0.0
2010-07-25,29.6,33,4.73,34.4,0.124,0.0
2010-07-26,27.8,36,4.31,33.7,0.124,0.0
2010-07-27,26.4,44,3.76,32.7,0.124,0.0
2010-07-28,26.4,42,3.92,32.3,0.124,0.0
2010-07-29,27.1,38,4.39,32.5,0.124,0.0
2010-07-30,28.3,32,5.02,33.0,0.124,0.0
2010-07-31,28.4,32,4.83,33.3,0.124,0.0
2010-08-01,28.0,30,4.77,33.1,0.124,0.0
2010-08-02,28.3,27,5.35,33.0,0.124,0.0
2010-08-03,28.6,29,5.32,33.2,0.124,0.0
2010-08-04,28.9,32,5.13,33.6,0.124,0.0
2010-08-05,27.7,37,4.42,33.1,0.124,0.0
2010-08-06,27.3,37,4.28,32.8,0.124,0.0
2010-08-07,27.5,36,4.22,33.0,0.124,0.0
2010-08-08,26.9,38,3.89,32.7,0.124,0.0
2010-08-09,26.8,43,4.01,32.5,0.124,0.0
2010-08-10,27.5,40,4.37,33.0,0.124,0.0
2010-08-11,26.0,39,3.69,31.8,0.124,0.0
2010-08-12,25.3,44,3.78,31.0,0.124,0.0
2010-08-13,27.3,39,4.36,32.1,0.124,0.0
2010-08-14,27.2,41,4.02,32.3,0.124,0.0
2010-08-15,26.8,42,4.2,31.8,0.124,0.0
2010-08-16,27.4,40,4.77,32.3,0.124,0.0
2010-08-17,29.1,36,5.52,33.1,0.124,0.0
2010-08-18,28.8,34,5.13,33.5,0.124,0.0
2010-08-19,28.1,33,4.86,32.9,0.124,0.0
2010-08-20,28.3,31,5.19,33.0,0.124,0.0
2010-08-21,27.4,33,4.47,32.6,0.124,0.0
2010-08-22,25.1,34,4.13,30.4,0.124,0.0
2010-08-23,26.7,32,4.74,31.2,0.124,0.0
2010-08-24,30.6,28,6.28,33.1,0.124,0.0
2010-08-25,33.2,27,7.0,35.5,0.124,0.0
2010-08-26,31.4,32,5.51,35.1,0.123,0.0
2010-08-27,28.1,30,4.91,33.5,0.123,0.0
2010-08-28,21.0,40,2.57,27.9,0.124,0.0
2010-08-29,20.6,40,2.78,26.6,0.124,0.0
2010-08-30,21.7,42,3.16,27.0,0.124,0.0
2010-08-31,22.8,47,3.41,27.6,0.124,0.0
2010-09-01,25.9,33,4.59,29.5,0.124,0.0
2010-09-02,28.8,29,5.71,31.4,0.124,0.0
2010-09-03,29.4,31,5.75,32.7,0.124,0.0
2010-09-04,28.9,33,5.39,32.8,0.124,0.0
2010-09-05,27.5,31,4.95,31.8,0.124,0.0
2010-09-06,26.8,33,4.52,31.1,0.124,0.0
2010-09-07,26.4,32,4.52,31.0,0.124,0.0
2010-09-08,20.8,53,1.88,26.5,0.124,0.0
2010-09-09,19.6,50,2.43,25.4,0.124,0.0
2010-09-10,22.0,43,3.08,26.6,0.124,0.0
2010-09-11,25.1,34,4.2,28.2,0.124,0.0
2010-09-12,25.6,36,4.16,29.5,0.124,0.0
2010-09-13,25.1,40,3.97,29.4,0.124,0.0
2010-09-14,24.3,38,3.74,28.8,0.124,0.0
2010-09-15,24.3,36,4.04,28.4,0.124,0.0
2010-09-16,24.1,41,3.75,28.2,0.124,0.0
2010-09-17,24.5,50,3.58,28.6,0.124,0.0
2010-09-18,24.4,53,3.27,28.8,0.124,0.0
2010-09-19,23.4,48,3.17,27.8,0.124,0.0
2010-09-20,22.5,51,3.1,26.9,0.124,0.0
2010-09-21,22.1,45,3.15,26.6,0.124,0.0
2010-09-22,19.4,44,2.36,24.6,0.124,0.0
2010-09-23,21.0,45,3.15,25.0,0.124,0.0
2010-09-24,23.8,38,4.05,26.5,0.124,0.0
2010-09-25,25.7,30,4.91,27.8,0.124,0.0
2010-09-26,26.9,27,5.09,28.6,0.124,0.0
2010-09-27,27.6,28,5.34,29.3,0.124,0.0
2010-09-28,28.7,29,5.58,30.2,0.124,0.0
2010-09-29,28.4,32,5.08,30.7,0.124,0.0
2010-09-30,27.7,35,4.73,30.4,0.124,0.0
2010-10-01,28.1,32,4.34,30.7,0.124,0.0
2010-10-02,27.8,38,4.32,30.7,0.124,0.0
2010-10-03,25.5,55,3.24,29.3,0.136,6.3
2010-10-04,18.0,71,1.19,22.9,0.336,21.9
2010-10-05,16.8,64,1.23,20.4,0.309,1.9
2010-10-06,17.2,68,1.53,19.7,0.284,1.8
2010-10-07,16.7,73,1.35,19.4,0.276,0.0
2010-10-08,17.8,65,1.79,19.9,0.253,0.0
2010-10-09,19.2,56,2.28,20.4,0.231,0.0
2010-10-10,21.0,51,2.49,21.6,0.212,0.0
2010-10-11,22.4,57,2.52,22.8,0.196,0.0
2010-10-12,23.3,56,3.17,23.8,0.183,0.0
2010-10-13,24.0,52,3.41,24.3,0.172,0.0
2010-10-14,24.6,49,4.29,24.8,0.163,0.0
2010-10-15,24.4,37,4.14,24.5,0.155,0.0
2010-10-16,22.8,40,3.48,24.1,0.148,0.0
2010-10-17,19.1,42,2.23,21.8,0.144,0.1
2010-10-18,17.0,63,1.46,20.7,0.143,0.0
2010-10-19,18.6,62,1.87,21.2,0.141,0.0
2010-10-20,19.5,65,2.05,21.9,0.138,0.0
2010-10-21,19.3,60,1.53,21.6,0.136,0.0
2010-10-22,18.1,51,1.78,21.3,0.134,0.0
2010-10-23,18.0,60,1.53,20.8,0.133,0.0
2010-10-24,18.2,75,1.34,20.1,0.175,12.8
2010-10-25,16.1,64,1.48,18.8,0.251,0.2
2010-10-26,14.0,54,1.58,16.6,0.23,0.0
2010-10-27,14.4,49,1.88,15.9,0.214,0.0
2010-10-28,16.1,51,2.79,16.7,0.201,0.0
2010-10-29,17.0,45,2.58,17.2,0.19,0.0
2010-10-30,14.9,69,1.01,16.6,0.269,8.1
2010-10-31,15.4,65,1.42,16.3,0.266,0.0
2010-11-01,15.7,67,1.56,16.6,0.245,0.0
2010-11-02,16.7,67,1.8,17.4,0.228,0.0
2010-11-03,18.4,66,2.37,18.5,0.215,0.0
2010-11-04,19.2,65,2.31,18.9,0.203,0.0
2010-11-05,21.5,50,3.65,20.5,0.193,0.0
2010-11-06,18.9,54,2.01,19.3,0.185,0.7
2010-11-07,14.8,75,1.08,16.4,0.207,8.0
2010-11-08,12.5,70,1.13,15.0,0.283,1.4
2010-11-09,11.7,59,1.24,13.6,0.264,0.0
2010-11-10,13.0,54,1.1,14.6,0.246,0.1
2010-11-11,11.9,59,1.32,13.4,0.233,0.0
2010-11-12,11.9,55,1.49,12.8,0.221,0.0
2010-11-13,12.5,61,1.42,13.2,0.211,0.0
2010-11-14,13.1,59,1.53,13.6,0.203,0.0
2010-11-15,14.4,59,1.68,14.7,0.194,0.0
2010-11-16,15.1,62,1.7,15.1,0.187,0.0
2010-11-17,15.0,63,1.79,15.1,0.181,0.0
2010-11-18,15.2,59,2.28,15.2,0.175,0.0
2010-11-19,12.9,68,1.05,14.1,0.172,0.5
2010-11-20,11.3,67,1.02,13.5,0.281,13.1
2010-11-21,8.7,77,0.64,11.6,0.375,16.1
2010-11-22,8.7,73,0.71,10.6,0.336,1.7
2010-11-23,7.3,84,0.31,8.9,0.341,8.7
2010-11-24,5.4,64,0.78,8.0,0.341,0.0
2010-11-25,5.3,59,0.79,6.7,0.313,0.0
2010-11-26,6.7,68,1.01,7.3,0.298,0.0
2010-11-27,7.0,75,0.59,7.1,0.318,8.5
2010-11-28,6.3,78,0.65,7.8,0.349,0.0
2010-11-29,5.4,72,0.63,6.6,0.322,0.0
2010-11-30,6.1,70,0.87,6.7,0.307,0.0
2010-12-01,7.5,67,0.92,7.7,0.297,0.0
2010-12-02,9.1,73,0.96,8.7,0.288,0.0
2010-12-03,11.6,71,1.09,11.2,0.282,0.0
2010-12-04,11.6,75,0.72,11.2,0.28,0.6
2010-12-05,12.1,76,1.04,11.5,0.296,9.7
2010-12-06,12.2,80,0.95,12.3,0.363,1.2
2010-12-07,10.6,86,0.66,10.8,0.329,0.0
2010-12-08,11.2,78,0.82,10.9,0.314,0.0
2010-12-09,12.4,84,0.64,12.5,0.309,1.1
2010-12-10,12.4,90,0.58,12.5,0.308,0.0
2010-12-11,12.1,91,0.46,12.2,0.301,0.0
2010-12-12,11.7,89,0.7,12.1,0.294,0.0
2010-12-13,11.2,86,0.82,12.3,0.287,0.0
2010-12-14,11.0,83,0.74,11.5,0.285,3.0
2010-12-15,10.4,74,0.73,11.6,0.32,1.5
2010-12-16,7.4,74,0.86,9.2,0.306,0.0
2010-12-17,9.0,84,0.34,9.2,0.346,18.0
2010-12-18,12.8,92,0.18,11.8,0.428,39.6
2010-12-19,13.1,93,0.16,12.6,0.431,38.5
2010-12-20,9.7,92,0.19,11.0,0.429,19.4
2010-12-21,9.9,87,0.44,10.6,0.408,2.9
2010-12-22,11.0,91,0.17,11.1,0.426,19.1
2010-12-23,10.5,87,0.54,10.9,0.398,0.0
2010-12-24,9.6,85,0.69,10.5,0.381,0.0
2010-12-25,10.5,82,0.66,10.7,0.383,16.7
2010-12-26,9.4,83,0.71,10.8,0.405,3.3
2010-12-27,8.8,80,0.58,9.6,0.385,0.0
2010-12-28,8.3,88,0.41,9.2,0.381,7.7
2010-12-29,9.3,77,0.52,10.0,0.421,27.7
2010-12-30,5.4,52,0.64,7.3,0.394,0.0
2010-12-31,4.1,67,0.55,5.7,0.379,0.0
2011-01-01,5.4,79,0.29,6.0,0.406,23.3
2011-01-02,7.8,89,0.17,7.9,0.429,30.6
2011-01-03,8.3,81,0.55,9.1,0.408,0.2
2011-01-04,6.9,81,0.63,7.5,0.39,0.0
2011-01-05,5.3,87,0.43,6.6,0.381,0.0
2011-01-06,5.2,89,0.46,6.6,0.375,0.0
2011-01-07,6.1,86,0.55,7.3,0.37,0.0
2011-01-08,4.9,86,0.4,6.4,0.364,0.0
2011-01-09,3.9,87,0.35,5.5,0.36,0.0
2011-01-10,3.3,82,0.46,5.3,0.356,0.0
2011-01-11,7.2,75,0.75,7.1,0.355,1.3
2011-01-12,9.2,80,0.76,9.1,0.36,0.0
2011-01-13,9.3,87,0.47,9.0,0.353,0.0
2011-01-14,9.7,91,0.37,10.1,0.349,0.0
2011-01-15,9.1,88,0.61,9.4,0.345,0.0
2011-01-16,10.5,88,0.56,10.2,0.34,0.0
2011-01-17,11.3,94,0.31,11.1,0.338,0.0
2011-01-18,11.2,92,0.45,11.7,0.336,0.0
2011-01-19,9.4,85,0.67,9.9,0.333,0.0
2011-01-20,8.9,84,0.67,9.7,0.328,0.0
2011-01-21,9.0,84,0.76,9.7,0.324,0.0
2011-01-22,9.7,83,0.77,9.9,0.32,0.0
2011-01-23,9.8,81,0.87,10.2,0.317,0.0
2011-01-24,8.8,86,0.69,9.9,0.313,0.0
2011-01-25,9.6,85,0.8,10.0,0.31,0.0
2011-01-26,10.7,83,0.92,10.6,0.306,0.0
2011-01-27,10.3,82,0.89,10.4,0.303,0.0
2011-01-28,9.3,87,0.74,10.3,0.299,0.0
2011-01-29,8.5,88,0.56,10.0,0.297,0.0
2011-01-30,8.5,92,0.32,9.4,0.333,6.6
2011-01-31,7.7,89,0.39,9.5,0.349,0.0
2011-02-01,6.7,89,0.29,8.4,0.334,0.0
2011-02-02,7.6,79,0.69,8.8,0.325,0.0
2011-02-03,7.7,79,0.74,8.8,0.316,0.0
2011-02-04,8.7,76,0.73,8.9,0.309,0.0
2011-02-05,9.8,78,0.72,9.5,0.303,0.0
2011-02-06,11.4,79,0.85,11.1,0.298,0.0
2011-02-07,11.7,81,1.12,11.7,0.293,0.0
2011-02-08,9.5,60,0.91,10.5,0.287,0.0
2011-02-09,8.6,63,1.06,9.4,0.281,0.0
2011-02-10,8.5,65,1.14,9.2,0.276,0.0
2011-02-11,9.5,69,1.11,9.5,0.271,0.0
2011-02-12,11.1,74,1.49,10.5,0.267,0.0
2011-02-13,12.1,70,1.48,11.3,0.262,0.0
2011-02-14,10.6,67,0.55,10.6,0.265,1.1
2011-02-15,12.9,67,1.24,12.7,0.269,0.0
2011-02-16,9.7,77,0.53,11.0,0.345,17.8
2011-02-17,7.8,78,0.86,8.8,0.373,5.8
2011-02-18,9.8,81,0.53,10.1,0.406,13.3
2011-02-19,8.2,79,0.67,10.0,0.401,6.5
2011-02-20,7.6,77,0.77,9.4,0.397,1.2
2011-02-21,7.9,70,0.74,8.9,0.375,0.0
2011-02-22,7.8,71,0.87,8.9,0.362,0.0
2011-02-23,8.4,67,0.85,8.7,0.351,0.0
2011-02-24,7.5,73,0.77,8.6,0.343,0.0
2011-02-25,7.8,85,0.34,8.4,0.384,16.3
2011-02-26,5.3,58,0.7,7.6,0.387,0.0
2011-02-27,4.8,61,0.79,6.9,0.367,0.0
2011-02-28,6.9,61,1.06,7.9,0.354,0.0
2011-03-01,8.5,70,0.83,8.7,0.345,0.0
2011-03-02,10.6,77,0.51,10.0,0.361,6.0
2011-03-03,12.4,80,0.95,12.2,0.373,1.5
2011-03-04,11.4,73,1.16,12.0,0.353,0.0
2011-03-05,13.0,68,1.27,12.6,0.338,0.0
2011-03-06,13.4,76,0.69,12.9,0.337,1.5
2011-03-07,11.8,68,1.01,12.6,0.361,3.2
2011-03-08,11.0,72,0.78,11.6,0.343,0.0
2011-03-09,12.8,81,1.02,13.1,0.331,0.0
2011-03-10,14.4,77,1.26,14.3,0.318,0.0
2011-03-11,12.7,71,1.03,13.8,0.307,0.0
2011-03-12,11.7,65,1.19,13.0,0.297,0.0
2011-03-13,12.9,69,1.16,12.9,0.289,0.0
2011-03-14,15.6,73,1.26,15.0,0.283,0.0
2011-03-15,16.0,76,1.54,16.2,0.275,0.0
2011-03-16,13.6,77,0.76,14.2,0.284,2.8
2011-03-17,11.9,54,1.48,13.4,0.284,0.0
2011-03-18,11.2,63,1.46,11.9,0.279,5.3
2011-03-19,8.9,84,0.43,10.6,0.367,8.7
2011-03-20,9.6,86,0.41,10.0,0.424,53.8
2011-03-21,8.4,84,0.51,10.7,0.42,10.7
2011-03-22,9.8,70,0.95,11.1,0.395,1.0
2011-03-23,9.1,88,0.26,10.3,0.422,26.1
2011-03-24,8.5,88,0.33,9.2,0.422,15.4
2011-03-25,10.8,73,0.91,11.8,0.41,4.8
2011-03-26,9.9,86,0.45,10.5,0.407,4.9
2011-03-27,11.7,75,0.95,12.5,0.395,0.0
2011-03-28,11.8,72,0.91,12.7,0.376,0.0
2011-03-29,12.5,72,1.1,13.4,0.362,0.0
2011-03-30,15.1,75,1.07,15.1,0.35,0.0
2011-03-31,17.1,80,1.28,17.0,0.339,0.0
2011-04-01,19.7,78,1.85,18.6,0.328,0.0
2011-04-02,19.0,71,1.45,18.6,0.318,0.0
2011-04-03,15.0,63,1.3,16.8,0.306,0.0
2011-04-04,16.0,62,1.58,16.7,0.295,0.0
2011-04-05,17.8,65,1.93,17.7,0.284,0.0
2011-04-06,17.0,57,1.89,18.0,0.271,0.0
2011-04-07,9.8,67,0.68,13.4,0.314,12.0
2011-04-08,7.7,71,0.83,11.6,0.354,0.3
2011-04-09,10.1,56,1.13,12.0,0.326,0.0
2011-04-10,11.9,60,1.24,13.2,0.306,0.0
2011-04-11,13.2,62,1.26,14.2,0.29,0.0
2011-04-12,13.7,65,1.42,15.2,0.276,0.0
2011-04-13,11.7,55,1.11,13.9,0.263,0.0
2011-04-14,12.3,56,1.51,14.3,0.252,0.0
2011-04-15,14.9,56,1.7,15.6,0.241,0.0
2011-04-16,17.5,68,1.67,17.9,0.23,0.0
2011-04-17,19.1,68,1.82,19.4,0.22,0.0
2011-04-18,18.5,60,1.85,19.3,0.211,0.0
2011-04-19,17.8,65,1.57,18.8,0.204,0.0
2011-04-20,18.3,63,1.76,18.5,0.202,0.8
2011-04-21,16.6,66,1.53,17.8,0.208,1.3
2011-04-22,16.0,53,1.77,17.7,0.203,0.0
2011-04-23,16.2,55,1.74,18.1,0.194,0.0
2011-04-24,16.1,59,1.52,17.1,0.189,0.0
2011-04-25,15.6,56,1.41,16.7,0.186,0.0
2011-04-26,15.4,44,2.1,17.1,0.18,0.0
2011-04-27,16.8,42,2.37,18.4,0.172,0.0
2011-04-28,17.8,45,2.04,19.3,0.165,0.0
2011-04-29,14.8,35,2.15,17.5,0.159,0.0
2011-04-30,16.4,27,2.47,17.9,0.154,0.0
2011-05-01,17.3,35,2.61,19.0,0.149,0.0
2011-05-02,19.9,41,3.12,20.9,0.145,0.0
2011-05-03,20.8,35,3.27,21.9,0.141,0.0
2011-05-04,22.3,36,3.61,23.1,0.138,0.0
2011-05-05,24.8,40,4.38,24.9,0.135,0.0
2011-05-06,24.2,33,4.08,25.4,0.133,0.0
2011-05-07,20.1,40,2.8,23.7,0.132,0.0
2011-05-08,15.1,55,1.62,19.0,0.142,1.7
2011-05-09,14.3,52,1.6,18.3,0.144,0.7
2011-05-10,16.4,45,2.32,19.1,0.144,0.0
2011-05-11,19.4,44,2.67,21.3,0.139,0.0
2011-05-12,20.7,41,3.06,22.8,0.135,0.0
2011-05-13,22.1,38,3.31,24.2,0.132,0.0
2011-05-14,17.0,40,1.9,21.5,0.131,0.0
2011-05-15,13.3,56,1.44,18.3,0.223,11.9
2011-05-16,13.4,52,1.47,16.9,0.238,1.8
2011-05-17,13.5,69,1.11,15.6,0.256,4.9
2011-05-18,14.1,65,1.42,16.3,0.313,5.7
2011-05-19,16.8,57,1.74,18.2,0.274,0.0
2011-05-20,19.4,52,2.44,20.1,0.24,0.0
2011-05-21,20.4,44,2.81,21.6,0.212,0.0
2011-05-22,18.6,46,2.5,21.3,0.189,0.0
2011-05-23,16.6,47,2.11,20.2,0.174,0.0
2011-05-24,17.9,43,2.59,20.8,0.162,0.0
2011-05-25,19.1,44,3.2,21.9,0.152,0.0
2011-05-26,17.5,40,2.54,20.9,0.145,0.0
2011-05-27,18.9,44,2.47,21.9,0.14,0.0
2011-05-28,17.7,42,2.49,21.5,0.136,0.0
2011-05-29,15.4,48,1.95,19.5,0.137,0.5
2011-05-30,18.0,41,2.52,21.4,0.135,0.0
2011-05-31,18.7,39,3.07,22.3,0.132,0.0
2011-06-01,16.8,44,2.13,21.2,0.131,0.0
2011-06-02,17.0,42,2.28,20.9,0.131,0.0
2011-06-03,18.0,47,2.22,21.4,0.13,0.0
2011-06-04,16.2,61,1.26,18.1,0.148,4.8
2011-06-05,17.2,71,1.51,19.1,0.256,16.7
2011-06-06,17.0,65,1.68,19.3,0.326,5.0
2011-06-07,18.4,62,1.87,20.4,0.274,0.0
2011-06-08,21.0,55,2.63,22.5,0.237,0.0
2011-06-09,22.5,50,3.26,23.7,0.206,0.0
2011-06-10,23.5,43,3.78,25.1,0.182,0.0
2011-06-11,20.7,44,2.88,23.9,0.164,0.0
2011-06-12,21.4,48,3.05,24.4,0.152,0.0
2011-06-13,24.7,45,3.74,26.6,0.143,0.0
2011-06-14,27.2,43,4.51,28.9,0.137,0.0
2011-06-15,28.5,35,5.12,30.1,0.132,0.0
2011-06-16,27.4,33,4.41,30.2,0.129,0.0
2011-06-17,25.8,34,4.01,29.6,0.128,0.0
2011-06-18,25.8,36,4.34,29.2,0.127,0.0
2011-06-19,26.4,37,3.87,29.5,0.126,0.0
2011-06-20,28.6,33,5.09,30.8,0.126,0.0
2011-06-21,30.8,30,5.9,32.6,0.125,0.0
2011-06-22,31.4,33,5.97,34.1,0.124,0.0
2011-06-23,29.7,28,5.45,33.2,0.124,0.0
2011-06-24,27.5,25,4.93,31.9,0.124,0.0
2011-06-25,26.6,30,4.57,31.2,0.124,0.0
2011-06-26,26.4,31,4.6,30.7,0.124,0.0
2011-06-27,27.8,33,4.75,31.6,0.124,0.0
2011-06-28,25.8,44,3.78,30.9,0.124,0.0
2011-06-29,19.6,61,2.09,24.5,0.197,10.2
2011-06-30,22.1,53,2.76,25.7,0.2,0.0
2011-07-01,26.1,45,3.97,28.4,0.175,0.0
2011-07-02,29.5,38,5.44,30.9,0.156,0.0
2011-07-03,31.1,36,5.94,32.7,0.142,0.0
2011-07-04,32.0,34,6.22,34.4,0.133,0.0
2011-07-05,31.6,35,5.43,34.8,0.129,0.0
2011-07-06,32.4,35,6.07,35.5,0.127,0.0
2011-07-07,32.3,34,5.44,36.0,0.126,0.0
2011-07-08,32.3,34,5.3,36.3,0.125,0.0
2011-07-09,30.8,29,5.33,35.3,0.125,0.0
2011-07-10,28.0,29,5.05,33.4,0.124,0.0
2011-07-11,25.8,37,3.95,31.6,0.124,0.0
2011-07-12,24.5,41,3.57,30.5,0.124,0.0
2011-07-13,23.7,50,2.95,29.9,0.124,0.0
2011-07-14,22.5,41,3.01,28.7,0.124,0.0
2011-07-15,22.5,43,3.17,28.5,0.124,0.0
2011-07-16,23.0,45,3.2,28.6,0.124,0.0
2011-07-17,24.6,48,3.51,29.6,0.124,0.0
2011-07-18,26.0,40,4.05,30.6,0.124,0.0
2011-07-19,26.3,46,4.02,30.9,0.124,0.0
2011-07-20,28.4,36,4.83,32.4,0.124,0.0
2011-07-21,29.1,33,5.0,33.3,0.124,0.0
2011-07-22,29.0,33,4.74,33.3,0.124,0.0
2011-07-23,29.1,37,4.58,33.9,0.124,0.0
2011-07-24,29.3,38,4.74,34.0,0.124,0.0
2011-07-25,28.5,34,4.76,33.0,0.124,0.0
2011-07-26,28.2,30,4.89,32.7,0.124,0.0
2011-07-27,28.8,29,5.19,33.2,0.124,0.0
2011-07-28,29.6,30,5.5,33.6,0.124,0.0
2011-07-29,30.1,32,5.25,34.3,0.124,0.0
2011-07-30,29.9,36,4.66,34.6,0.124,0.0
2011-07-31,28.8,41,4.01,33.1,0.127,0.7
2011-08-01,29.5,44,4.49,34.2,0.126,0.0
2011-08-02,30.0,37,5.5,34.5,0.125,0.0
2011-08-03,29.3,37,5.09,34.1,0.124,0.0
2011-08-04,26.3,38,4.05,32.1,0.124,0.0
2011-08-05,26.8,40,4.17,32.0,0.124,0.0
2011-08-06,28.0,38,4.46,32.8,0.124,0.0
2011-08-07,27.8,38,4.33,32.6,0.124,0.0
2011-08-08,27.8,36,4.85,32.4,0.124,0.0
2011-08-09,28.1,30,5.09,32.5,0.124,0.0
2011-08-10,28.0,31,4.83,32.7,0.124,0.0
2011-08-11,27.3,34,4.54,32.4,0.124,0.0
2011-08-12,27.1,37,4.51,32.0,0.124,0.0
2011-08-13,28.8,34,5.07,33.1,0.124,0.0
2011-08-14,28.8,29,5.44,32.7,0.124,0.0
2011-08-15,28.4,27,5.3,32.4,0.124,0.0
2011-08-16,27.9,28,5.01,32.4,0.124,0.0
2011-08-17,28.0,29,5.13,32.1,0.124,0.0
2011-08-18,27.5,33,4.9,32.0,0.124,0.0
2011-08-19,26.6,34,4.37,31.6,0.124,0.0
2011-08-20,26.1,39,3.85,31.4,0.124,0.0
2011-08-21,26.0,41,3.97,31.0,0.124,0.0
2011-08-22,26.7,39,4.28,31.0,0.124,0.0
2011-08-23,28.5,33,5.19,32.4,0.124,0.0
2011-08-24,30.6,29,5.65,33.9,0.124,0.0
2011-08-25,29.5,31,4.99,33.7,0.124,0.0
2011-08-26,30.0,36,5.3,33.9,0.124,0.0
2011-08-27,31.3,33,5.21,35.0,0.124,0.0
2011-08-28,30.6,32,5.24,34.7,0.124,0.0
2011-08-29,29.7,30,5.37,33.9,0.124,0.0
2011-08-30,27.9,33,4.61,32.7,0.124,0.0
2011-08-31,27.3,36,4.24,32.2,0.124,0.0
2011-09-01,27.4,37,4.42,31.8,0.124,0.0
2011-09-02,28.2,35,4.97,32.2,0.124,0.0
2011-09-03,28.6,33,5.03,32.6,0.124,0.0
2011-09-04,28.1,36,4.9,32.2,0.124,0.0
2011-09-05,27.4,37,4.76,31.8,0.124,0.0
2011-09-06,27.6,34,4.86,31.8,0.124,0.0
2011-09-07,28.7,30,5.25,32.3,0.124,0.0
2011-09-08,28.7,25,5.11,32.3,0.124,0.0
2011-09-09,27.3,34,4.19,31.6,0.124,0.0
2011-09-10,28.3,35,4.33,31.3,0.124,0.3
2011-09-11,25.9,50,2.41,29.7,0.125,0.0
2011-09-12,25.6,54,3.35,29.8,0.125,0.0
2011-09-13,26.7,46,3.73,30.5,0.124,0.0
2011-09-14,27.3,43,3.92,30.9,0.124,0.0
2011-09-15,26.3,43,3.7,30.8,0.124,0.0
2011-09-16,23.6,42,3.19,29.1,0.124,0.0
2011-09-17,22.7,42,3.19,27.7,0.124,0.0
2011-09-18,24.9,40,3.76,28.6,0.124,0.0
2011-09-19,26.9,36,4.67,29.9,0.124,0.0
2011-09-20,27.7,33,4.83,30.4,0.124,0.0
2011-09-21,27.8,34,4.75,30.6,0.124,0.0
2011-09-22,27.7,35,4.62,30.6,0.124,0.0
2011-09-23,28.4,35,4.91,30.7,0.124,0.0
2011-09-24,27.2,37,3.96,30.2,0.124,0.0
2011-09-25,21.7,47,2.63,26.7,0.124,0.0
2011-09-26,21.4,60,2.43,26.1,0.124,0.0
2011-09-27,23.8,48,3.25,27.6,0.124,0.0
2011-09-28,26.6,40,4.18,28.9,0.124,0.0
2011-09-29,27.0,38,4.42,29.4,0.124,0.0
2011-09-30,25.6,49,3.25,29.1,0.124,0.0
2011-10-01,23.8,51,3.21,28.0,0.124,0.0
2011-10-02,22.8,50,2.68,27.2,0.124,0.0
2011-10-03,21.3,47,2.56,26.0,0.124,0.0
2011-10-04,19.6,46,1.93,24.2,0.124,0.0
2011-10-05,15.1,74,1.01,20.1,0.335,37.1
2011-10-06,14.2,66,1.17,18.5,0.339,0.9
2011-10-07,14.2,66,1.21,17.8,0.298,0.0
2011-10-08,15.9,66,1.46,18.4,0.27,0.0
2011-10-09,18.4,63,1.89,19.5,0.249,0.0
2011-10-10,19.5,61,1.91,20.3,0.231,0.0
2011-10-11,20.8,66,2.02,22.0,0.216,0.0
2011-10-12,19.7,65,2.12,21.7,0.202,0.0
2011-10-13,21.7,53,2.66,22.1,0.19,0.0
2011-10-14,23.0,54,2.96,22.8,0.18,0.0
2011-10-15,23.3,57,3.04,23.4,0.172,0.0
2011-10-16,22.1,61,2.57,23.3,0.165,0.0
2011-10-17,21.6,65,2.28,23.5,0.159,0.0
2011-10-18,22.5,59,2.86,23.2,0.154,0.0
2011-10-19,20.5,61,2.09,22.7,0.149,0.0
2011-10-20,19.8,65,1.98,22.3,0.145,0.0
2011-10-21,19.6,62,2.28,22.0,0.143,0.0
2011-10-22,20.5,59,2.37,22.0,0.14,0.0
2011-10-23,21.0,61,2.82,22.3,0.138,0.0
2011-10-24,21.3,53,2.79,22.3,0.136,0.0
2011-10-25,18.7,55,2.02,21.4,0.134,0.0
2011-10-26,16.8,49,1.92,19.8,0.133,0.0
2011-10-27,16.2,49,2.13,18.6,0.133,0.0
2011-10-28,16.9,44,2.46,18.8,0.132,0.0
2011-10-29,16.9,43,2.29,18.7,0.131,0.0
2011-10-30,18.4,43,2.58,19.0,0.13,0.0
2011-10-31,18.4,47,2.53,19.5,0.13,0.0
2011-11-01,16.7,52,2.1,18.5,0.129,0.0
2011-11-02,16.1,45,2.19,18.0,0.129,0.0
2011-11-03,15.5,50,2.7,17.6,0.129,0.7
2011-11-04,11.7,60,1.17,15.2,0.157,2.6
2011-11-05,11.0,49,1.2,13.7,0.157,0.2
2011-11-06,10.1,69,0.88,13.3,0.212,5.9
2011-11-07,9.9,67,1.01,12.3,0.215,0.0
2011-11-08,10.7,59,1.2,12.1,0.205,0.0
2011-11-09,11.1,58,1.48,12.3,0.197,0.0
2011-11-10,12.6,56,2.06,13.3,0.188,0.0
2011-11-11,13.8,57,1.73,14.1,0.192,5.0
2011-11-12,13.0,74,0.93,14.5,0.256,0.8
2011-11-13,12.8,71,1.16,14.0,0.244,0.0
2011-11-14,12.7,70,1.11,13.8,0.23,0.0
2011-11-15,12.7,69,1.18,13.8,0.219,0.0
2011-11-16,12.6,66,1.2,13.4,0.209,0.0
2011-11-17,13.5,65,1.39,13.7,0.201,0.0
2011-11-18,12.2,71,1.01,13.6,0.194,0.0
2011-11-19,10.7,64,1.04,12.8,0.188,0.0
2011-11-20,9.5,79,0.45,11.0,0.285,12.7
2011-11-21,9.2,73,0.9,10.5,0.298,0.0
2011-11-22,9.3,66,1.06,10.4,0.273,0.0
2011-11-23,10.7,65,1.32,11.2,0.256,0.0
2011-11-24,11.7,72,0.92,12.5,0.243,0.0
2011-11-25,11.3,78,0.85,12.5,0.233,0.0
2011-11-26,11.8,80,0.93,12.1,0.225,0.0
2011-11-27,12.9,72,1.5,12.7,0.218,0.0
2011-11-28,11.9,74,1.05,12.5,0.212,0.0
2011-11-29,11.2,71,1.15,12.0,0.206,0.0
2011-11-30,10.6,61,1.09,11.2,0.2,0.0
2011-12-01,12.3,27,1.83,12.3,0.191,0.0
2011-12-02,9.1,44,1.33,10.2,0.183,0.0
2011-12-03,7.8,49,1.25,8.7,0.179,0.0
2011-12-04,6.4,50,1.19,8.0,0.176,0.0
2011-12-05,6.7,50,1.26,7.8,0.172,0.0
2011-12-06,7.0,55,1.16,7.9,0.169,0.0
2011-12-07,6.6,59,1.15,7.7,0.167,0.0
2011-12-08,7.4,58,1.16,7.7,0.164,0.0
2011-12-09,7.6,63,1.3,8.3,0.162,0.0
2011-12-10,8.0,62,1.34,8.1,0.16,0.0
2011-12-11,7.3,67,1.05,8.3,0.159,0.0
2011-12-12,7.5,74,0.63,8.2,0.159,0.0
2011-12-13,8.4,71,0.85,8.6,0.159,0.0
2011-12-14,8.2,65,1.01,8.1,0.157,0.0
2011-12-15,7.4,68,0.8,7.9,0.157,0.0
2011-12-16,6.2,76,0.78,7.5,0.156,0.0
2011-12-17,6.5,64,1.15,7.7,0.154,0.0
2011-12-18,7.7,59,1.23,8.0,0.153,0.0
2011-12-19,7.1,68,0.8,7.7,0.152,0.0
2011-12-20,6.6,72,0.93,7.9,0.15,0.0
2011-12-21,6.4,67,1.03,7.8,0.149,0.0
2011-12-22,6.4,61,1.11,7.4,0.148,0.0
2011-12-23,5.3,53,1.14,6.2,0.147,0.0
2011-12-24,6.4,49,1.31,6.1,0.146,0.0
2011-12-25,6.9,54,1.48,7.1,0.144,0.0
2011-12-26,7.4,50,1.35,7.5,0.143,0.0
2011-12-27,6.4,57,1.04,7.6,0.142,0.0
2011-12-28,7.6,57,1.24,8.0,0.141,0.0
2011-12-29,9.9,65,0.94,9.5,0.14,0.0
2011-12-30,9.7,89,0.56,9.6,0.14,0.0
2011-12-31,8.5,85,0.7,9.7,0.14,0.0
2012-01-01,9.7,70,1.54,9.5,0.14,0.0
2012-01-02,10.9,56,1.61,10.0,0.139,0.0
2012-01-03,10.9,64,1.48,11.0,0.138,0.0
2012-01-04,11.3,62,1.58,11.2,0.138,0.0
2012-01-05,11.5,61,1.58,11.7,0.137,0.0
2012-01-06,10.9,64,1.12,10.9,0.136,0.0
2012-01-07,8.4,73,0.94,10.0,0.135,0.0
2012-01-08,9.2,64,1.26,9.6,0.135,0.0
2012-01-09,10.1,60,1.57,10.1,0.134,0.0
2012-01-10,10.1,58,1.67,10.3,0.134,0.0
2012-01-11,9.6,60,1.53,10.3,0.133,0.0
2012-01-12,9.6,61,1.51,10.2,0.133,0.0
2012-01-13,9.8,56,1.71,10.3,0.132,0.0
2012-01-14,10.5,51,1.73,10.3,0.132,0.0
2012-01-15,10.2,49,1.95,10.9,0.132,0.0
2012-01-16,6.7,48,1.12,9.1,0.131,0.0
2012-01-17,5.3,32,1.15,6.9,0.131,0.0
2012-01-18,6.5,36,1.22,7.2,0.13,0.0
2012-01-19,7.5,44,1.18,7.9,0.13,0.0
2012-01-20,9.0,50,0.9,9.1,0.138,6.8
2012-01-21,10.1,85,0.52,10.3,0.379,39.2
2012-01-22,7.6,79,0.62,8.2,0.344,1.3
2012-01-23,10.1,86,0.37,10.0,0.39,18.0
2012-01-24,8.6,87,0.47,9.9,0.36,0.0
2012-01-25,9.0,86,0.51,9.6,0.339,0.0
2012-01-26,10.8,90,0.6,10.6,0.327,0.0
2012-01-27,11.8,86,0.63,12.3,0.319,0.0
2012-01-28,10.2,74,0.96,10.7,0.31,0.0
2012-01-29,10.8,77,1.13,10.8,0.3,0.0
2012-01-30,10.4,80,0.86,10.7,0.294,0.1
2012-01-31,11.1,81,0.86,11.8,0.289,0.0
2012-02-01,10.7,82,0.86,11.3,0.281,0.0
2012-02-02,8.7,84,0.56,10.4,0.274,0.0
2012-02-03,9.7,69,1.32,10.0,0.268,0.0
2012-02-04,10.3,57,1.64,10.3,0.26,0.0
2012-02-05,10.7,53,1.62,10.1,0.252,0.0
2012-02-06,11.0,58,1.5,10.1,0.245,0.0
2012-02-07,12.1,58,1.2,11.4,0.243,0.7
2012-02-08,12.2,63,1.26,12.2,0.244,0.0
2012-02-09,12.7,69,1.52,12.2,0.236,0.0
2012-02-10,13.9,65,1.67,13.2,0.228,0.0
2012-02-11,12.2,76,0.86,12.8,0.225,0.2
2012-02-12,11.6,72,0.89,12.3,0.224,0.0
2012-02-13,9.1,79,0.79,11.1,0.276,9.7
2012-02-14,6.8,81,0.58,9.0,0.31,0.0
2012-02-15,7.6,68,0.83,8.4,0.318,4.0
2012-02-16,7.9,58,1.15,8.5,0.303,0.0
2012-02-17,9.3,62,1.33,9.6,0.282,0.0
2012-02-18,10.6,70,0.85,10.2,0.268,0.0
2012-02-19,9.3,63,1.18,10.5,0.256,0.0
2012-02-20,10.2,56,1.19,10.6,0.245,0.0
2012-02-21,10.6,73,0.96,11.4,0.235,0.0
2012-02-22,12.4,69,1.36,12.6,0.226,0.0
2012-02-23,13.6,63,1.47,13.2,0.217,0.0
2012-02-24,15.2,56,2.35,14.2,0.208,0.0
2012-02-25,13.2,47,1.75,13.9,0.197,0.0
2012-02-26,10.5,41,1.34,12.6,0.189,0.0
2012-02-27,9.6,54,0.91,12.1,0.183,0.0
2012-02-28,9.1,54,1.27,11.0,0.18,0.0
2012-02-29,8.8,70,0.66,9.8,0.206,8.0
2012-03-01,8.5,74,0.78,9.9,0.261,0.1
2012-03-02,9.5,70,1.04,11.2,0.249,0.0
2012-03-03,11.6,60,1.61,12.1,0.234,0.0
2012-03-04,14.2,61,2.19,14.1,0.219,0.0
2012-03-05,15.6,56,2.44,15.3,0.206,0.0
2012-03-06,11.5,45,1.27,13.2,0.196,0.7
2012-03-07,8.8,30,1.39,11.9,0.187,0.0
2012-03-08,10.8,40,2.08,12.4,0.178,0.0
2012-03-09,14.2,44,2.59,14.4,0.17,0.0
2012-03-10,14.6,43,2.21,15.1,0.164,0.0
2012-03-11,13.2,57,1.45,15.1,0.158,0.0
2012-03-12,13.7,55,1.83,15.7,0.153,0.0
2012-03-13,14.2,53,1.69,15.2,0.15,0.0
2012-03-14,15.0,64,1.58,16.2,0.147,0.0
2012-03-15,17.0,64,1.79,17.9,0.145,0.0
2012-03-16,15.3,75,1.04,16.4,0.145,2.6
2012-03-17,9.4,86,0.47,12.8,0.362,39.7
2012-03-18,7.0,81,0.52,11.1,0.391,13.3
2012-03-19,7.4,65,0.88,10.5,0.36,0.0
2012-03-20,9.9,59,1.18,11.4,0.328,0.0
2012-03-21,13.9,65,1.39,14.0,0.305,0.0
2012-03-22,15.4,70,1.25,15.6,0.288,0.0
2012-03-23,12.6,48,1.48,14.9,0.272,0.0
2012-03-24,13.7,50,1.76,14.6,0.256,0.0
2012-03-25,10.2,80,0.48,11.9,0.336,16.6
2012-03-26,11.7,69,1.34,13.2,0.371,3.8
2012-03-27,13.8,55,1.52,14.1,0.329,0.0
2012-03-28,14.6,68,1.25,15.1,0.345,6.6
2012-03-29,14.6,64,1.57,15.4,0.329,0.0
2012-03-30,15.9,66,1.65,16.7,0.302,0.0
2012-03-31,13.0,77,1.47,14.9,0.304,7.1
2012-04-01,11.0,64,1.19,13.0,0.34,0.8
2012-04-02,12.3,55,1.31,13.8,0.309,0.0
2012-04-03,15.3,55,1.62,15.2,0.285,0.0
2012-04-04,13.2,48,1.43,15.0,0.264,0.0
2012-04-05,10.7,41,1.43,13.4,0.245,0.0
2012-04-06,11.1,44,1.64,13.3,0.229,0.0
2012-04-07,14.2,47,2.44,15.0,0.215,0.0
2012-04-08,16.6,49,3.08,16.8,0.202,0.0
2012-04-09,17.9,39,3.24,18.3,0.189,0.0
2012-04-10,15.9,36,2.24,17.7,0.178,0.0
2012-04-11,12.2,79,0.61,14.8,0.287,16.8
2012-04-12,11.6,73,0.88,13.2,0.338,7.3
2012-04-13,9.9,83,0.42,12.2,0.406,31.9
2012-04-14,10.9,66,0.96,11.9,0.38,0.3
2012-04-15,12.8,68,1.21,14.0,0.351,0.0
2012-04-16,16.5,62,1.74,16.3,0.326,0.0
2012-04-17,17.4,57,1.97,17.8,0.303,0.0
2012-04-18,17.9,54,2.26,18.4,0.281,0.0
2012-04-19,18.7,64,1.77,19.4,0.261,0.0
2012-04-20,22.4,64,2.44,21.7,0.244,0.0
2012-04-21,24.2,61,3.28,23.5,0.228,0.0
2012-04-22,25.5,55,4.0,24.5,0.211,0.0
2012-04-23,23.7,56,2.62,24.5,0.197,0.0
2012-04-24,20.4,57,1.84,22.8,0.187,0.0
2012-04-25,19.7,65,1.8,21.3,0.188,2.7
2012-04-26,16.5,74,1.15,18.5,0.274,8.2
2012-04-27,15.5,48,1.88,17.9,0.269,0.0
2012-04-28,18.0,45,2.21,19.3,0.239,0.0
2012-04-29,21.2,52,2.8,21.6,0.215,0.0
2012-04-30,23.3,47,3.63,23.5,0.194,0.0
2012-05-01,21.0,38,3.01,23.3,0.176,0.0
2012-05-02,18.8,37,2.78,22.1,0.163,0.0
2012-05-03,18.4,40,2.5,21.7,0.154,0.0
2012-05-04,18.7,48,2.46,21.8,0.147,0.0
2012-05-05,19.1,33,3.02,22.1,0.142,0.0
2012-05-06,21.3,29,3.56,23.5,0.137,0.0
2012-05-07,23.0,27,4.18,24.8,0.134,0.0
2012-05-08,24.0,29,4.62,26.1,0.131,0.0
2012-05-09,25.6,30,4.86,27.3,0.13,0.0
2012-05-10,24.6,29,4.32,27.5,0.128,0.0
2012-05-11,24.5,29,4.3,27.7,0.127,0.0
2012-05-12,25.6,29,4.67,28.0,0.127,0.0
2012-05-13,25.1,32,4.34,28.4,0.126,0.0
2012-05-14,21.2,36,2.96,26.8,0.125,0.0
2012-05-15,22.4,36,3.38,26.8,0.125,0.0
2012-05-16,24.7,39,3.93,28.3,0.125,0.0
2012-05-17,23.7,32,4.29,28.0,0.125,0.0
2012-05-18,21.0,38,3.28,26.1,0.124,0.0
2012-05-19,24.2,30,4.15,27.8,0.124,0.0
2012-05-20,26.2,28,4.79,29.6,0.124,0.0
2012-05-21,25.9,32,4.48,29.4,0.124,0.0
2012-05-22,23.7,39,3.99,28.0,0.124,0.0
2012-05-23,22.5,33,3.46,26.8,0.124,0.0
2012-05-24,21.8,33,3.6,26.6,0.124,0.0
2012-05-25,15.2,43,1.63,21.9,0.127,0.7
2012-05-26,16.8,45,2.11,22.1,0.132,0.2
2012-05-27,18.6,46,2.62,23.6,0.131,0.0
2012-05-28,21.5,38,3.32,25.5,0.128,0.0
2012-05-29,22.3,36,3.5,26.5,0.127,0.0
2012-05-30,24.8,34,4.16,28.3,0.126,0.0
2012-05-31,27.3,32,4.91,30.6,0.125,0.0
2012-06-01,29.7,30,5.92,32.7,0.124,0.0
2012-06-02,27.3,33,4.52,31.4,0.124,0.0
2012-06-03,26.2,29,4.52,30.6,0.124,0.0
2012-06-04,21.8,44,2.4,27.1,0.128,2.0
2012-06-05,17.3,38,2.28,23.1,0.135,0.0
2012-06-06,20.1,31,3.11,24.6,0.131,0.0
2012-06-07,23.3,32,3.99,26.8,0.128,0.0
2012-06-08,23.7,35,3.94,27.9,0.127,0.0
2012-06-09,21.7,27,3.73,26.3,0.126,0.0
2012-06-10,24.3,21,4.08,28.3,0.125,0.0
2012-06-11,26.9,26,5.35,30.2,0.125,0.0
2012-06-12,28.0,27,5.6,31.6,0.124,0.0
2012-06-13,27.0,32,4.3,31.5,0.124,0.0
2012-06-14,28.1,34,4.65,32.5,0.124,0.0
2012-06-15,27.5,32,4.45,32.2,0.124,0.0
2012-06-16,30.7,29,5.98,34.1,0.124,0.0
2012-06-17,31.9,28,6.91,35.0,0.124,0.0
2012-06-18,30.3,31,5.61,35.1,0.124,0.0
2012-06-19,28.0,23,4.95,33.4,0.124,0.0
2012-06-20,28.6,24,5.3,33.3,0.124,0.0
2012-06-21,28.0,27,4.82,33.1,0.124,0.0
2012-06-22,22.9,37,3.59,29.9,0.124,0.0
2012-06-23,22.4,43,2.97,28.8,0.124,0.0
2012-06-24,21.3,36,3.05,27.6,0.124,0.0
2012-06-25,21.6,32,3.17,27.4,0.124,0.0
2012-06-26,22.1,36,3.54,27.5,0.124,0.0
2012-06-27,25.3,25,4.54,29.8,0.124,0.0
2012-06-28,27.1,25,4.92,31.2,0.124,0.0
2012-06-29,25.7,36,4.07,30.8,0.124,0.0
2012-06-30,25.9,41,3.78,30.8,0.124,0.0
2012-07-01,26.1,48,3.63,31.2,0.124,0.0
2012-07-02,26.8,41,4.38,32.0,0.124,0.0
2012-07-03,27.7,33,4.81,32.6,0.124,0.0
2012-07-04,28.7,31,4.89,33.7,0.124,0.0
2012-07-05,27.5,33,4.59,33.2,0.124,0.0
2012-07-06,27.6,32,4.87,32.8,0.124,0.0
2012-07-07,30.1,27,5.77,34.4,0.124,0.0
2012-07-08,30.3,25,5.79,34.9,0.124,0.0
2012-07-09,29.9,27,5.85,34.4,0.123,0.0
2012-07-10,31.1,25,6.59,35.4,0.123,0.0
2012-07-11,32.9,22,7.24,36.6,0.123,0.0
2012-07-12,33.4,23,6.87,37.3,0.123,0.0
2012-07-13,32.6,25,6.09,37.0,0.123,0.0
2012-07-14,28.0,32,5.04,34.5,0.123,0.0
2012-07-15,28.6,35,4.83,34.5,0.123,0.0
2012-07-16,28.0,35,4.41,34.3,0.123,0.0
2012-07-17,24.4,40,3.4,31.8,0.123,0.0
2012-07-18,25.6,38,3.99,31.6,0.123,0.0
2012-07-19,28.0,36,4.28,32.1,0.123,0.0
2012-07-20,28.7,35,4.94,33.3,0.123,0.0
2012-07-21,31.1,29,6.03,35.3,0.123,0.0
2012-07-22,32.4,28,5.83,36.6,0.123,0.0
2012-07-23,31.1,27,5.6,35.9,0.123,0.0
2012-07-24,29.1,29,5.35,34.7,0.123,0.0
2012-07-25,28.7,31,5.18,34.2,0.123,0.0
2012-07-26,28.1,33,4.71,33.9,0.123,0.0
2012-07-27,27.0,34,4.26,32.9,0.123,0.0
2012-07-28,27.4,31,4.8,32.7,0.123,0.0
2012-07-29,27.4,33,4.98,32.6,0.123,0.0
2012-07-30,28.9,30,5.7,33.4,0.123,0.0
2012-07-31,30.5,25,6.27,34.6,0.123,0.0
2012-08-01,30.8,23,6.4,35.1,0.123,0.0
2012-08-02,30.5,24,6.4,35.0,0.123,0.0
2012-08-03,30.0,25,5.79,34.7,0.123,0.0
2012-08-04,29.3,30,5.07,34.4,0.123,0.0
2012-08-05,28.2,37,4.85,33.5,0.123,0.0
2012-08-06,28.6,35,5.39,33.3,0.123,0.0
2012-08-07,29.8,30,5.84,33.8,0.123,0.0
2012-08-08,30.7,26,6.04,34.9,0.123,0.0
2012-08-09,32.3,25,6.68,36.1,0.123,0.0
2012-08-10,33.5,23,7.54,37.0,0.123,0.0
2012-08-11,33.9,25,7.44,37.7,0.123,0.0
2012-08-12,33.8,24,6.98,37.7,0.123,0.0
2012-08-13,33.9,26,6.93,38.1,0.123,0.0
2012-08-14,33.5,28,6.21,38.0,0.122,0.0
2012-08-15,32.1,34,5.6,37.1,0.122,0.0
2012-08-16,30.3,35,5.29,35.5,0.122,0.0
2012-08-17,30.0,27,5.62,34.8,0.122,0.0
2012-08-18,30.7,30,5.66,34.8,0.122,0.0
2012-08-19,30.1,28,5.43,34.6,0.122,0.0
2012-08-20,29.4,29,5.71,34.3,0.122,0.0
2012-08-21,28.9,30,5.04,33.2,0.122,0.0
2012-08-22,28.8,31,4.93,33.9,0.122,0.0
2012-08-23,28.8,32,5.13,33.7,0.122,0.0
2012-08-24,29.5,30,5.38,34.1,0.122,0.0
2012-08-25,28.7,29,4.82,33.8,0.122,0.0
2012-08-26,26.1,37,3.8,32.1,0.122,0.0
2012-08-27,26.4,35,4.91,31.5,0.122,0.0
2012-08-28,28.2,30,5.72,32.1,0.122,0.0
2012-08-29,28.8,28,5.56,32.8,0.122,0.0
2012-08-30,30.3,24,5.87,34.1,0.122,0.0
2012-08-31,26.3,34,3.91,32.0,0.122,0.0
2012-09-01,23.3,37,3.67,29.4,0.122,0.0
2012-09-02,25.3,35,4.38,30.0,0.122,0.0
2012-09-03,27.6,30,5.2,31.2,0.122,0.0
2012-09-04,28.3,29,5.06,32.3,0.122,0.0
2012-09-05,28.4,31,4.82,32.4,0.122,0.0
2012-09-06,27.8,34,3.92,31.6,0.123,0.0
2012-09-07,28.0,37,4.31,32.3,0.123,0.0
2012-09-08,28.1,35,4.42,32.3,0.123,0.0
2012-09-09,27.8,35,4.61,31.9,0.123,0.0
2012-09-10,27.9,29,4.69,32.2,0.123,0.0
2012-09-11,28.0,30,4.45,32.1,0.123,0.0
2012-09-12,27.4,32,4.62,31.4,0.123,0.0
2012-09-13,28.5,32,5.27,32.3,0.123,0.0
2012-09-14,28.9,36,5.36,32.6,0.123,0.0
2012-09-15,28.8,35,5.32,32.7,0.122,0.0
2012-09-16,28.7,34,4.95,32.7,0.122,0.0
2012-09-17,27.6,33,4.57,31.8,0.122,0.0
2012-09-18,25.6,36,3.94,30.3,0.122,0.0
2012-09-19,25.3,35,4.11,29.5,0.122,0.0
2012-09-20,25.0,38,4.08,29.2,0.122,0.0
2012-09-21,26.1,36,4.28,29.8,0.122,0.0
2012-09-22,27.6,34,4.62,30.5,0.123,0.0
2012-09-23,28.4,33,4.9,30.8,0.123,0.0
2012-09-24,26.7,30,4.24,30.1,0.122,0.0
2012-09-25,25.3,34,3.84,29.2,0.122,0.0
2012-09-26,25.8,35,4.02,29.2,0.123,0.0
2012-09-27,26.4,38,4.66,29.8,0.123,0.0
2012-09-28,26.7,37,4.14,29.9,0.123,0.0
2012-09-29,25.8,41,3.99,29.6,0.123,0.0
2012-09-30,26.5,39,4.22,29.6,0.123,0.0
2012-10-01,27.1,37,4.68,29.9,0.123,0.0
2012-10-02,28.0,31,5.03,29.9,0.123,0.0
2012-10-03,27.5,31,5.22,30.0,0.123,0.0
2012-10-04,25.4,38,3.4,28.3,0.123,0.0
2012-10-05,22.3,46,2.64,26.5,0.123,0.0
2012-10-06,21.0,53,2.5,25.4,0.123,0.0
2012-10-07,21.2,50,2.52,25.3,0.123,0.0
2012-10-08,20.3,48,2.29,24.6,0.123,0.0
2012-10-09,19.9,47,2.32,24.0,0.123,0.0
2012-10-10,19.4,49,2.09,23.4,0.123,0.0
2012-10-11,16.7,68,1.01,20.4,0.139,2.1
2012-10-12,16.5,65,1.21,19.9,0.152,0.2
2012-10-13,17.0,61,1.75,20.2,0.149,0.0
2012-10-14,19.7,53,2.56,21.5,0.145,0.0
2012-10-15,20.7,55,2.93,22.8,0.14,0.0
2012-10-16,22.6,51,2.64,23.9,0.137,0.0
2012-10-17,22.5,60,2.7,24.8,0.134,0.0
2012-10-18,24.3,45,4.09,25.5,0.131,0.0
2012-10-19,22.9,51,2.72,25.1,0.13,0.0
2012-10-20,21.1,57,2.74,24.3,0.129,0.0
2012-10-21,19.0,42,2.83,22.7,0.128,0.0
2012-10-22,14.9,58,1.33,18.0,0.166,6.7
2012-10-23,13.9,63,1.31,16.6,0.195,0.0
2012-10-24,14.3,52,1.66,16.9,0.185,0.0
2012-10-25,15.5,54,1.58,17.6,0.176,0.0
2012-10-26,14.9,55,1.8,17.5,0.169,0.0
2012-10-27,17.6,47,2.15,18.5,0.162,0.0
2012-10-28,19.3,51,2.79,19.9,0.156,0.0
2012-10-29,20.0,48,3.02,20.8,0.151,0.0
2012-10-30,20.2,46,2.94,20.8,0.145,0.0
2012-10-31,18.5,51,2.45,20.0,0.142,0.0
2012-11-01,16.3,67,1.07,18.2,0.139,0.0
2012-11-02,16.4,72,1.6,18.7,0.138,0.0
2012-11-03,16.8,66,1.79,19.1,0.136,0.0
2012-11-04,17.9,55,2.37,19.5,0.134,0.0
2012-11-05,18.9,49,2.84,20.0,0.133,0.0
2012-11-06,19.3,48,3.08,20.3,0.131,0.0
2012-11-07,19.4,44,2.81,20.3,0.13,0.0
2012-11-08,14.4,56,1.35,17.3,0.129,0.0
2012-11-09,10.6,61,0.85,14.7,0.138,1.7
2012-11-10,8.8,64,1.04,12.7,0.148,0.1
2012-11-11,9.0,47,1.28,11.7,0.147,0.0
2012-11-12,10.2,44,1.56,12.1,0.144,0.0
2012-11-13,11.5,47,1.67,12.9,0.142,0.0
2012-11-14,13.1,48,2.08,13.8,0.139,0.0
2012-11-15,14.0,47,2.17,14.5,0.138,0.0
2012-11-16,14.5,60,1.29,15.0,0.159,1.8
2012-11-17,14.1,83,0.51,14.5,0.247,13.4
2012-11-18,14.1,84,0.73,14.6,0.322,4.8
2012-11-19,14.1,73,1.2,14.6,0.296,0.0
2012-11-20,13.3,65,1.43,14.1,0.268,0.0
2012-11-21,13.0,71,1.12,13.5,0.252,0.1
2012-11-22,11.6,83,0.78,13.4,0.242,0.0
2012-11-23,11.8,76,1.19,12.9,0.231,0.0
2012-11-24,12.4,71,1.38,12.8,0.221,0.0
2012-11-25,11.9,69,1.38,12.7,0.213,0.0
2012-11-26,11.4,67,1.55,12.3,0.205,0.0
2012-11-27,11.8,67,1.33,11.8,0.198,0.0
2012-11-28,11.3,82,0.59,11.1,0.228,6.3
2012-11-29,14.3,81,0.87,13.5,0.261,0.0
2012-11-30,14.6,87,0.47,14.0,0.345,29.3
2012-12-01,14.3,86,0.43,14.1,0.363,3.9
2012-12-02,14.4,91,0.25,14.2,0.401,27.5
2012-12-03,13.0,84,0.76,14.3,0.386,0.7
2012-12-04,11.7,75,0.85,12.4,0.362,0.0
2012-12-05,12.5,82,0.52,12.6,0.356,2.3
2012-12-06,12.6,90,0.51,13.4,0.36,0.0
2012-12-07,11.3,86,0.43,13.0,0.346,0.0
2012-12-08,8.2,90,0.41,10.6,0.336,0.0
2012-12-09,8.3,86,0.57,9.8,0.327,0.0
2012-12-10,10.1,80,0.84,10.1,0.319,0.0
2012-12-11,9.9,78,0.94,10.3,0.312,0.0
2012-12-12,9.0,89,0.32,9.7,0.339,8.1
2012-12-13,7.1,82,0.59,9.3,0.366,0.7
2012-12-14,5.9,78,0.54,7.5,0.342,0.0
2012-12-15,6.3,76,0.61,7.3,0.331,0.3
2012-12-16,6.9,73,0.6,7.9,0.325,0.0
2012-12-17,11.1,84,0.39,10.4,0.338,6.5
2012-12-18,8.3,73,0.75,9.6,0.362,1.0
2012-12-19,4.5,54,0.73,6.7,0.338,0.0
2012-12-20,5.0,58,1.01,6.0,0.325,0.0
2012-12-21,7.2,61,1.1,6.9,0.315,1.1
2012-12-22,8.5,86,0.28,8.4,0.39,21.2
2012-12-23,8.7,92,0.17,8.7,0.405,14.1
2012-12-24,9.5,81,0.69,9.9,0.403,2.4
2012-12-25,7.2,82,0.48,7.8,0.382,2.6
2012-12-26,8.1,85,0.45,8.9,0.415,12.2
2012-12-27,6.4,83,0.56,7.8,0.395,0.6
2012-12-28,6.0,79,0.56,6.7,0.375,0.0
2012-12-29,6.4,76,0.61,6.5,0.372,1.2
2012-12-30,5.8,79,0.6,6.5,0.363,0.0
2012-12-31,5.5,79,0.5,6.2,0.352,0.0
2013-01-01,4.9,74,0.64,5.8,0.343,0.0
2013-01-02,4.6,79,0.61,5.6,0.335,0.0
2013-01-03,5.1,80,0.68,5.6,0.329,0.0
2013-01-04,5.7,78,0.78,5.9,0.323,0.0
2013-01-05,7.2,70,0.93,6.8,0.317,0.0
2013-01-06,7.7,85,0.42,8.2,0.38,9.0
2013-01-07,5.7,90,0.35,7.5,0.36,0.0
2013-01-08,6.2,83,0.56,6.9,0.345,0.0
2013-01-09,8.4,81,0.68,7.8,0.336,0.0
2013-01-10,6.5,66,0.74,7.8,0.338,1.7
2013-01-11,4.4,66,0.63,5.5,0.328,0.0
2013-01-12,3.5,71,0.56,4.5,0.321,0.0
2013-01-13,2.9,70,0.59,3.6,0.315,0.0
2013-01-14,2.7,68,0.58,3.2,0.309,0.0
2013-01-15,3.0,64,0.67,3.3,0.304,0.0
2013-01-16,5.2,66,0.78,4.4,0.299,0.0
2013-01-17,7.2,73,0.94,6.2,0.294,0.0
2013-01-18,7.7,79,1.0,7.4,0.289,0.0
2013-01-19,7.8,80,0.99,7.9,0.284,0.0
2013-01-20,7.8,79,1.0,8.0,0.279,0.0
2013-01-21,8.1,77,1.09,8.0,0.275,0.0
2013-01-22,9.4,73,1.27,8.5,0.27,0.0
2013-01-23,11.7,70,1.08,10.0,0.267,0.0
2013-01-24,11.5,86,0.38,11.3,0.295,7.1
2013-01-25,11.4,90,0.56,11.7,0.348,1.6
2013-01-26,12.0,86,0.53,11.8,0.326,0.2
2013-01-27,8.6,65,0.77,10.3,0.315,0.4
2013-01-28,7.1,66,0.8,7.9,0.303,0.0
2013-01-29,6.2,74,0.67,7.5,0.293,0.0
2013-01-30,8.3,75,0.98,8.6,0.285,0.0
2013-01-31,9.7,76,1.15,9.7,0.277,0.0
2013-02-01,10.6,75,1.32,10.3,0.27,0.0
2013-02-02,11.2,79,0.9,10.8,0.265,0.0
2013-02-03,11.0,78,1.05,11.3,0.261,0.0
2013-02-04,11.0,80,1.03,11.3,0.255,0.0
2013-02-05,10.4,79,0.89,11.0,0.249,0.0
2013-02-06,9.3,76,0.88,10.8,0.244,0.0
2013-02-07,8.8,73,0.98,9.6,0.241,1.5
2013-02-08,7.2,78,0.48,9.0,0.261,1.7
2013-02-09,6.5,68,0.82,8.0,0.261,0.0
2013-02-10,6.8,60,0.89,7.7,0.253,0.0
2013-02-11,7.5,63,1.02,8.6,0.246,0.0
2013-02-12,8.3,59,1.24,8.9,0.238,0.0
2013-02-13,9.1,64,1.2,9.6,0.23,0.0
2013-02-14,11.1,68,1.36,10.8,0.223,0.0
2013-02-15,11.8,64,1.78,11.8,0.216,0.0
2013-02-16,13.0,63,1.69,11.9,0.21,0.0
2013-02-17,12.1,64,1.65,12.1,0.205,0.0
2013-02-18,12.3,58,1.72,12.1,0.198,0.0
2013-02-19,8.1,68,0.91,10.9,0.215,9.2
2013-02-20,6.8,72,0.88,9.4,0.298,0.5
2013-02-21,7.4,65,0.92,9.2,0.278,0.0
2013-02-22,8.3,63,1.13,9.5,0.262,0.0
2013-02-23,9.1,61,0.93,9.5,0.249,0.0
2013-02-24,9.2,47,1.21,10.0,0.237,0.0
2013-02-25,10.0,53,1.52,10.5,0.226,0.0
2013-02-26,10.3,54,1.43,11.1,0.215,0.0
2013-02-27,11.2,58,1.64,11.6,0.206,0.0
2013-02-28,13.2,56,1.84,12.6,0.197,0.0
2013-03-01,14.8,60,1.91,14.3,0.189,0.0
2013-03-02,17.1,52,2.85,15.6,0.182,0.0
2013-03-03,16.0,51,1.46,15.7,0.178,0.4
2013-03-04,13.7,65,1.49,15.2,0.176,0.0
2013-03-05,14.6,52,2.07,15.3,0.17,0.0
2013-03-06,11.4,69,0.67,13.1,0.193,5.1
2013-03-07,11.4,61,1.24,12.7,0.204,0.2
2013-03-08,10.0,74,0.84,11.7,0.237,3.4
2013-03-09,10.9,68,1.21,12.0,0.238,0.0
2013-03-10,11.7,62,1.57,13.1,0.224,0.0
2013-03-11,14.2,51,2.05,14.3,0.209,0.0
2013-03-12,16.6,54,2.27,16.0,0.196,0.0
2013-03-13,19.0,54,3.04,17.7,0.185,0.0
2013-03-14,20.1,51,3.02,18.7,0.175,0.0
2013-03-15,19.0,51,2.62,19.3,0.166,0.0
2013-03-16,18.1,51,2.67,19.1,0.159,0.0
2013-03-17,17.2,41,2.46,18.6,0.152,0.0
2013-03-18,16.4,41,2.35,18.0,0.147,0.0
2013-03-19,18.2,40,2.59,19.2,0.143,0.0
2013-03-20,18.4,49,1.86,19.6,0.141,0.1
2013-03-21,16.0,53,1.94,18.5,0.139,0.0
2013-03-22,14.5,29,2.38,17.4,0.137,0.0
2013-03-23,14.1,27,2.17,17.1,0.134,0.0
2013-03-24,16.7,29,2.57,17.8,0.133,0.0
2013-03-25,17.3,41,2.5,18.4,0.132,0.0
2013-03-26,17.0,45,2.44,19.0,0.131,0.0
2013-03-27,17.6,48,2.12,19.5,0.13,0.0
2013-03-28,17.4,60,1.89,19.7,0.129,0.0
2013-03-29,19.7,45,3.19,21.0,0.129,0.0
2013-03-30,21.0,38,3.23,22.3,0.128,0.0
2013-03-31,17.2,63,1.95,20.3,0.2,7.9
2013-04-01,15.9,64,1.54,18.4,0.217,0.6
2013-04-02,16.8,58,1.92,18.8,0.204,0.0
2013-04-03,19.0,55,2.46,20.2,0.187,0.0
2013-04-04,17.6,64,1.42,19.2,0.18,0.6
2013-04-05,17.4,60,1.86,19.5,0.175,0.0
2013-04-06,17.0,58,2.12,19.6,0.165,0.0
2013-04-07,17.7,55,2.31,20.3,0.156,0.0
2013-04-08,14.4,47,1.87,17.1,0.169,2.6
2013-04-09,16.9,25,2.53,19.0,0.164,0.0
2013-04-10,17.9,36,3.06,20.2,0.154,0.0
2013-04-11,19.3,46,2.41,21.0,0.146,0.0
2013-04-12,20.8,43,3.13,23.0,0.14,0.0
2013-04-13,21.3,40,3.49,23.6,0.135,0.0
2013-04-14,19.8,37,3.07,23.0,0.132,0.0
2013-04-15,15.3,47,2.1,20.4,0.131,0.0
2013-04-16,14.2,32,2.16,18.2,0.13,0.0
2013-04-17,15.1,21,2.36,18.8,0.129,0.0
2013-04-18,17.0,24,2.79,20.2,0.128,0.0
2013-04-19,20.3,26,3.41,22.2,0.127,0.0
2013-04-20,21.8,32,3.71,24.0,0.126,0.0
2013-04-21,23.0,28,4.26,25.4,0.126,0.0
2013-04-22,24.2,25,4.46,26.2,0.125,0.0
2013-04-23,23.9,24,4.08,26.7,0.125,0.0
2013-04-24,23.4,26,4.29,26.8,0.125,0.0
2013-04-25,21.8,36,3.17,26.0,0.124,0.0
2013-04-26,22.4,37,3.61,26.2,0.124,0.0
2013-04-27,24.5,33,4.33,27.4,0.124,0.0
2013-04-28,25.7,30,4.93,28.4,0.124,0.0
2013-04-29,26.8,29,4.89,29.1,0.124,0.0
2013-04-30,25.4,26,4.13,28.3,0.124,0.0
2013-05-01,25.4,14,4.54,28.7,0.124,0.0
2013-05-02,26.4,19,5.33,29.4,0.124,0.0
2013-05-03,27.0,19,5.32,29.9,0.124,0.0
2013-05-04,26.4,19,4.95,29.9,0.124,0.0
2013-05-05,20.4,38,2.81,25.8,0.124,0.0
2013-05-06,20.0,44,2.41,25.2,0.127,1.1
2013-05-07,18.8,48,1.79,23.1,0.137,0.1
2013-05-08,20.7,46,2.11,24.1,0.135,0.0
2013-05-09,21.7,43,2.78,25.4,0.132,0.0
2013-05-10,24.2,43,3.68,27.7,0.129,0.0
2013-05-11,27.5,37,4.96,30.4,0.127,0.0
2013-05-12,29.6,27,5.98,32.1,0.126,0.0
2013-05-13,29.6,26,5.91,32.9,0.125,0.0
2013-05-14,27.0,30,4.44,31.5,0.124,0.0
2013-05-15,24.7,31,4.38,29.7,0.124,0.0
2013-05-16,20.4,42,2.05,25.0,0.124,0.0
2013-05-17,20.8,38,2.97,25.8,0.124,0.0
2013-05-18,21.6,30,3.63,26.1,0.124,0.0
2013-05-19,24.0,29,4.16,27.6,0.124,0.0
2013-05-20,26.5,19,4.68,29.7,0.124,0.0
2013-05-21,25.6,24,4.76,29.4,0.124,0.0
2013-05-22,18.8,25,2.87,25.0,0.124,0.0
2013-05-23,18.3,29,2.83,24.1,0.124,0.0
2013-05-24,20.9,29,3.53,26.0,0.124,0.0
2013-05-25,21.3,28,3.58,26.4,0.124,0.0
2013-05-26,20.8,40,2.91,25.6,0.124,0.0
2013-05-27,20.1,46,2.82,24.8,0.124,0.0
2013-05-28,21.6,49,2.91,25.3,0.124,0.0
2013-05-29,22.9,40,3.27,26.5,0.124,0.0
2013-05-30,23.9,31,4.28,27.7,0.124,0.0
2013-05-31,25.7,23,4.88,29.2,0.124,0.0
2013-06-01,29.2,19,6.18,31.7,0.124,0.0
2013-06-02,30.6,23,6.46,33.8,0.124,0.0
2013-06-03,28.9,29,5.07,33.4,0.124,0.0
2013-06-04,27.9,32,4.47,33.0,0.124,0.0
2013-06-05,27.4,35,4.64,32.4,0.124,0.0
2013-06-06,28.3,35,4.99,32.8,0.124,0.0
2013-06-07,30.4,33,5.96,34.1,0.124,0.0
2013-06-08,33.7,27,7.23,36.2,0.124,0.0
2013-06-09,30.6,34,5.01,35.5,0.123,0.0
2013-06-10,26.1,36,4.3,32.8,0.123,0.0
2013-06-11,27.6,32,4.95,32.6,0.124,0.0
2013-06-12,28.8,31,5.38,33.6,0.124,0.0
2013-06-13,25.6,21,4.78,31.0,0.124,0.0
2013-06-14,26.3,21,4.99,31.4,0.124,0.0
2013-06-15,27.9,21,5.4,32.6,0.124,0.0
2013-06-16,27.0,25,5.02,31.8,0.124,0.0
2013-06-17,26.8,26,4.94,31.5,0.124,0.0
2013-06-18,23.0,35,3.58,29.1,0.124,0.0
2013-06-19,21.6,34,3.65,27.3,0.124,0.0
2013-06-20,24.0,28,4.28,28.8,0.124,0.0
2013-06-21,25.4,27,4.54,29.9,0.124,0.0
2013-06-22,27.3,24,5.28,31.6,0.124,0.0
2013-06-23,25.0,34,3.11,29.6,0.124,0.0
2013-06-24,23.6,53,2.4,27.7,0.124,0.0
2013-06-25,26.9,47,3.93,31.2,0.124,0.0
2013-06-26,28.7,49,4.21,32.9,0.124,0.0
2013-06-27,31.2,39,5.65,34.9,0.124,0.0
2013-06-28,33.5,28,6.84,36.8,0.124,0.0
2013-06-29,35.1,23,7.86,38.1,0.124,0.0
2013-06-30,35.4,22,8.28,38.6,0.123,0.0
2013-07-01,36.0,21,8.33,39.4,0.123,0.0
2013-07-02,36.6,20,7.81,39.6,0.123,0.0
2013-07-03,35.2,25,7.24,39.2,0.123,0.0
2013-07-04,36.3,28,7.23,40.1,0.123,0.0
2013-07-05,34.3,24,6.98,39.6,0.124,0.0
2013-07-06,30.6,26,6.33,36.8,0.124,0.0
2013-07-07,31.6,26,6.7,36.9,0.123,0.0
2013-07-08,32.5,22,7.28,37.2,0.123,0.0
2013-07-09,33.3,21,7.45,37.7,0.123,0.0
2013-07-10,33.5,22,7.0,37.6,0.123,0.0
2013-07-11,31.9,23,6.0,37.3,0.123,0.0
2013-07-12,30.3,25,5.93,36.2,0.123,0.0
2013-07-13,31.3,22,6.47,36.5,0.123,0.0
2013-07-14,31.2,21,6.2,36.6,0.123,0.0
2013-07-15,30.1,24,5.55,36.1,0.123,0.0
2013-07-16,28.4,28,5.22,34.7,0.123,0.0
2013-07-17,27.7,33,5.08,33.7,0.123,0.0
2013-07-18,29.4,28,6.02,34.3,0.123,0.0
2013-07-19,30.9,23,6.55,35.4,0.123,0.0
2013-07-20,32.3,24,6.72,36.7,0.123,0.0
2013-07-21,33.1,24,6.88,37.5,0.123,0.0
2013-07-22,31.8,28,5.13,36.2,0.123,0.0
2013-07-23,31.0,38,4.23,35.5,0.123,0.0
2013-07-24,32.3,35,6.01,36.6,0.123,0.0
2013-07-25,33.0,29,6.1,37.0,0.123,0.0
2013-07-26,33.0,28,6.25,37.7,0.123,0.0
2013-07-27,32.5,27,6.26,37.5,0.123,0.0
2013-07-28,31.9,25,6.2,37.0,0.123,0.0
2013-07-29,30.7,30,5.66,36.3,0.123,0.0
2013-07-30,29.9,30,5.47,35.3,0.123,0.0
2013-07-31,29.4,29,5.49,34.9,0.123,0.0
2013-08-01,27.6,25,5.13,33.1,0.123,0.0
2013-08-02,27.5,26,5.33,32.8,0.123,0.0
2013-08-03,28.6,25,5.4,33.7,0.123,0.0
2013-08-04,28.9,27,5.44,34.1,0.122,0.0
2013-08-05,28.6,30,5.46,33.8,0.122,0.0
2013-08-06,27.9,31,5.02,33.4,0.122,0.0
2013-08-07,25.7,38,4.03,31.9,0.122,0.0
2013-08-08,25.7,38,4.17,31.5,0.122,0.0
2013-08-09,26.2,36,4.33,31.7,0.122,0.0
2013-08-10,26.7,34,4.32,31.7,0.122,0.0
2013-08-11,27.4,35,4.7,32.2,0.122,0.0
2013-08-12,28.4,32,5.22,32.9,0.122,0.0
2013-08-13,29.6,28,5.85,33.9,0.122,0.0
2013-08-14,30.4,25,6.16,34.4,0.122,0.0
2013-08-15,30.3,26,6.45,34.5,0.122,0.0
2013-08-16,31.2,29,6.48,34.9,0.122,0.0
2013-08-17,31.0,27,6.05,35.0,0.122,0.0
2013-08-18,30.7,30,6.13,34.5,0.122,0.0
2013-08-19,33.0,33,6.74,36.0,0.132,2.2
2013-08-20,32.0,37,5.58,35.3,0.153,0.8
2013-08-21,31.0,33,5.95,34.8,0.146,0.0
2013-08-22,29.7,33,5.8,34.3,0.135,0.0
2013-08-23,27.5,34,4.7,32.7,0.131,0.0
2013-08-24,27.8,32,5.05,32.4,0.128,0.0
2013-08-25,27.7,36,4.8,32.5,0.127,0.0
2013-08-26,27.6,42,4.68,32.7,0.126,0.0
2013-08-27,29.2,34,4.89,33.6,0.125,0.0
2013-08-28,29.3,32,5.03,34.0,0.125,0.0
2013-08-29,29.3,36,5.01,33.6,0.124,0.0
2013-08-30,30.0,34,5.74,34.0,0.124,0.0
2013-08-31,31.0,27,5.71,34.4,0.124,0.0
2013-09-01,30.5,28,5.13,34.6,0.124,0.0
2013-09-02,29.2,38,4.48,34.0,0.123,0.0
2013-09-03,28.6,40,4.24,33.4,0.123,0.0
2013-09-04,27.8,35,4.64,32.6,0.123,0.0
2013-09-05,27.2,32,4.52,31.8,0.123,0.0
2013-09-06,28.0,30,5.16,32.3,0.123,0.0
2013-09-07,30.4,26,6.52,33.7,0.123,0.0
2013-09-08,30.7,26,6.12,34.3,0.123,0.0
2013-09-09,30.7,27,6.06,34.2,0.123,0.0
2013-09-10,30.1,28,5.62,34.0,0.123,0.0
2013-09-11,27.4,37,4.07,32.3,0.123,0.0
2013-09-12,26.6,43,4.03,31.6,0.123,0.0
2013-09-13,27.5,39,4.38,31.7,0.123,0.0
2013-09-14,28.0,37,4.77,32.0,0.123,0.0
2013-09-15,26.6,38,4.33,30.9,0.123,0.0
2013-09-16,26.4,41,4.36,30.8,0.123,0.0
2013-09-17,24.0,40,3.4,28.8,0.123,0.0
2013-09-18,22.9,38,3.7,27.7,0.123,0.0
2013-09-19,25.6,28,4.79,28.9,0.123,0.0
2013-09-20,25.6,32,4.25,29.2,0.123,0.0
2013-09-21,20.8,61,2.41,26.2,0.126,1.1
2013-09-22,19.1,54,2.25,24.1,0.134,0.0
2013-09-23,21.4,46,3.12,25.5,0.131,0.0
2013-09-24,23.4,42,3.65,26.7,0.128,0.0
2013-09-25,19.1,42,2.35,24.2,0.127,0.0
2013-09-26,18.6,33,2.61,23.1,0.126,0.0
2013-09-27,19.6,24,2.99,23.1,0.126,0.0
2013-09-28,21.5,23,3.93,24.2,0.125,0.0
2013-09-29,22.5,29,4.19,25.1,0.125,0.0
2013-09-30,22.3,51,3.18,25.7,0.125,0.0
2013-10-01,22.0,55,2.72,25.8,0.124,0.0
2013-10-02,21.6,33,3.3,25.2,0.124,0.0
2013-10-03,19.4,31,2.91,23.2,0.124,0.0
2013-10-04,20.2,21,3.53,22.8,0.124,0.0
2013-10-05,20.3,22,4.04,23.3,0.124,0.0
2013-10-06,21.2,22,4.37,23.8,0.124,0.0
2013-10-07,22.1,20,4.15,24.5,0.124,0.0
2013-10-08,20.8,26,3.39,24.0,0.124,0.0
2013-10-09,16.1,53,1.44,20.8,0.133,2.1
2013-10-10,16.4,44,2.07,20.1,0.148,0.0
2013-10-11,17.7,42,2.53,20.6,0.143,0.0
2013-10-12,18.6,39,2.82,21.3,0.139,0.0
2013-10-13,17.7,44,2.25,20.9,0.135,0.0
2013-10-14,18.7,36,2.9,21.1,0.133,0.0
2013-10-15,18.7,34,3.12,21.3,0.131,0.0
2013-10-16,19.4,27,3.53,21.6,0.129,0.0
2013-10-17,19.8,26,3.25,21.4,0.128,0.0
2013-10-18,19.8,27,3.63,21.9,0.128,0.0
2013-10-19,20.4,29,3.72,22.2,0.127,0.0
2013-10-20,19.6,32,3.41,21.9,0.126,0.0
2013-10-21,20.0,32,3.51,22.1,0.126,0.0
2013-10-22,20.4,33,3.76,22.5,0.125,0.0
2013-10-23,20.3,34,3.51,22.7,0.125,0.0
2013-10-24,19.0,40,2.94,22.0,0.125,0.0
2013-10-25,18.0,46,2.75,21.2,0.125,0.0
2013-10-26,18.7,42,3.15,21.1,0.125,0.0
2013-10-27,18.7,40,2.9,21.4,0.124,0.0
2013-10-28,12.8,65,0.97,17.1,0.14,3.0
2013-10-29,13.5,54,1.4,16.5,0.148,0.0
2013-10-30,13.8,51,1.59,16.4,0.145,0.0
2013-10-31,15.0,50,2.0,16.9,0.142,0.0
2013-11-01,16.0,47,2.76,17.7,0.139,0.0
2013-11-02,17.0,42,2.67,18.2,0.136,0.0
2013-11-03,15.0,44,1.86,17.5,0.134,0.0
2013-11-04,13.6,28,1.81,16.4,0.132,0.0
2013-11-05,12.8,35,2.0,15.4,0.131,0.0
2013-11-06,14.4,38,2.57,16.2,0.13,0.0
2013-11-07,15.8,35,2.73,17.0,0.129,0.0
2013-11-08,15.8,35,2.52,17.2,0.128,0.0
2013-11-09,16.9,33,2.83,17.3,0.127,0.0
2013-11-10,16.4,34,2.91,17.5,0.127,0.0
2013-11-11,15.7,42,2.67,17.3,0.126,0.0
2013-11-12,16.3,43,2.08,17.4,0.126,0.0
2013-11-13,16.2,44,2.35,17.5,0.126,0.0
2013-11-14,16.0,46,2.29,17.5,0.126,0.0
2013-11-15,14.1,57,1.46,16.6,0.125,0.0
2013-11-16,13.5,51,1.76,15.7,0.125,0.0
2013-11-17,13.0,58,1.5,15.5,0.125,0.0
2013-11-18,13.0,56,1.57,15.3,0.125,0.0
2013-11-19,13.6,65,1.29,15.5,0.125,0.0
2013-11-20,14.6,72,1.3,16.9,0.142,7.0
2013-11-21,13.2,82,0.77,15.3,0.266,6.3
2013-11-22,11.3,56,1.29,13.4,0.26,0.0
2013-11-23,11.2,65,1.14,12.9,0.242,0.0
2013-11-24,12.0,63,1.32,13.2,0.228,0.0
2013-11-25,11.0,58,1.46,12.4,0.217,0.0
2013-11-26,12.1,53,1.47,12.4,0.207,0.0
2013-11-27,13.9,50,2.08,14.2,0.198,0.0
2013-11-28,13.7,50,1.83,14.1,0.19,0.0
2013-11-29,13.6,52,1.91,13.6,0.183,0.0
2013-11-30,12.8,53,1.74,13.3,0.177,0.0
2013-12-01,12.1,57,1.63,12.9,0.172,0.0
2013-12-02,12.5,55,1.75,12.7,0.167,0.0
2013-12-03,9.7,75,0.43,10.7,0.17,1.9
2013-12-04,5.8,38,1.03,8.7,0.172,0.0
2013-12-05,3.6,43,0.96,6.4,0.169,0.0
2013-12-06,4.5,35,1.02,5.5,0.165,0.0
2013-12-07,5.8,55,0.88,7.5,0.22,6.4
2013-12-08,2.2,52,0.81,4.9,0.228,0.0
2013-12-09,2.5,50,0.9,4.0,0.219,0.0
2013-12-10,3.2,54,0.93,3.6,0.212,0.0
2013-12-11,4.6,56,1.14,4.8,0.205,0.0
2013-12-12,5.2,58,1.31,5.6,0.199,0.0
2013-12-13,5.5,61,1.03,6.1,0.193,0.0
2013-12-14,6.9,56,1.29,6.8,0.189,0.0
2013-12-15,7.6,57,1.44,7.8,0.184,0.0
2013-12-16,9.0,56,1.71,9.1,0.179,0.0
2013-12-17,10.6,53,1.8,10.2,0.174,0.0
2013-12-18,12.3,48,1.91,11.9,0.171,0.0
2013-12-19,10.0,66,0.95,10.8,0.168,0.1
2013-12-20,7.1,49,1.13,8.9,0.166,0.0
2013-12-21,6.6,45,1.2,8.1,0.163,0.0
2013-12-22,7.7,50,1.38,8.6,0.16,0.0
2013-12-23,9.7,56,1.67,9.7,0.157,0.0
2013-12-24,9.5,59,1.42,10.1,0.154,0.0
2013-12-25,10.5,55,1.82,10.2,0.152,0.0
2013-12-26,9.6,53,1.77,10.1,0.15,0.0
2013-12-27,9.8,47,1.82,10.0,0.148,0.0
2013-12-28,9.5,43,1.56,10.1,0.145,0.0
2013-12-29,9.1,44,1.82,9.3,0.144,0.0
2013-12-30,10.0,43,2.12,9.9,0.142,0.0
2013-12-31,9.6,47,1.7,10.1,0.14,0.0
2014-01-01,9.7,50,1.65,10.2,0.139,0.0
2014-01-02,11.2,49,1.84,10.9,0.138,0.0
2014-01-03,10.5,53,1.73,11.2,0.137,0.0
2014-01-04,10.2,56,1.5,11.1,0.136,0.0
2014-01-05,10.6,53,1.79,11.2,0.135,0.0
2014-01-06,10.4,51,1.81,10.7,0.134,0.0
2014-01-07,10.6,44,1.5,10.7,0.133,0.0
2014-01-08,9.5,66,0.94,10.2,0.133,0.0
2014-01-09,9.4,81,0.86,10.7,0.132,0.0
2014-01-10,8.6,79,0.87,10.3,0.132,0.0
2014-01-11,10.1,69,1.18,10.6,0.132,0.0
2014-01-12,10.4,70,1.01,11.5,0.131,0.0
2014-01-13,9.9,56,1.52,10.7,0.131,0.0
2014-01-14,10.4,51,1.82,11.2,0.131,0.0
2014-01-15,11.6,44,2.23,12.1,0.13,0.0
2014-01-16,12.7,38,2.31,12.7,0.129,0.0
2014-01-17,12.7,39,2.54,13.0,0.129,0.0
2014-01-18,12.2,39,2.31,12.8,0.128,0.0
2014-01-19,12.9,38,2.54,12.8,0.128,0.0
2014-01-20,12.2,38,2.32,13.1,0.128,0.0
2014-01-21,11.5,41,2.12,12.5,0.127,0.0
2014-01-22,11.4,40,1.9,13.1,0.127,0.0
2014-01-23,11.6,43,2.11,12.6,0.127,0.0
2014-01-24,15.4,27,2.84,15.1,0.127,0.0
2014-01-25,14.6,33,2.42,15.3,0.127,0.0
2014-01-26,12.9,41,1.91,13.7,0.126,0.0
2014-01-27,12.5,44,1.67,13.3,0.126,0.0
2014-01-28,13.6,52,1.61,13.9,0.126,0.0
2014-01-29,14.1,67,1.12,14.7,0.126,0.0
2014-01-30,13.3,81,0.77,13.8,0.184,9.2
2014-01-31,10.7,65,1.18,12.2,0.237,2.3
2014-02-01,9.0,46,1.33,10.2,0.227,0.0
2014-02-02,6.6,64,0.85,8.0,0.238,5.6
2014-02-03,7.7,71,0.91,9.0,0.277,0.3
2014-02-04,7.9,61,0.92,8.5,0.257,0.0
2014-02-05,8.6,52,1.19,8.8,0.241,0.0
2014-02-06,7.9,77,0.67,8.5,0.295,12.5
2014-02-07,9.5,87,0.54,9.6,0.323,1.8
2014-02-08,12.2,86,0.42,11.5,0.317,3.8
2014-02-09,14.2,84,0.75,13.4,0.306,0.4
2014-02-10,13.9,80,0.98,13.9,0.298,1.8
2014-02-11,13.2,77,1.07,13.8,0.278,0.0
2014-02-12,13.0,71,1.37,13.4,0.261,0.0
2014-02-13,14.3,62,1.79,13.7,0.245,0.0
2014-02-14,15.7,68,1.65,14.5,0.232,0.0
2014-02-15,15.1,67,1.94,14.3,0.222,0.0
2014-02-16,15.8,65,1.66,16.1,0.215,0.5
2014-02-17,13.5,58,1.71,14.7,0.204,0.0
2014-02-18,11.7,60,1.24,13.2,0.195,0.0
2014-02-19,13.1,62,1.51,13.7,0.188,0.0
2014-02-20,12.7,51,1.56,14.0,0.181,0.0
2014-02-21,13.7,48,2.06,14.3,0.174,0.0
2014-02-22,14.7,50,2.14,15.2,0.168,0.0
2014-02-23,15.4,51,2.24,16.1,0.162,0.0
2014-02-24,16.5,46,2.74,16.8,0.157,0.0
2014-02-25,17.9,35,2.81,17.2,0.152,0.0
2014-02-26,14.8,59,1.19,15.6,0.152,3.0
2014-02-27,14.8,67,1.52,15.8,0.298,12.9
2014-02-28,12.9,80,0.85,13.9,0.378,26.7
2014-03-01,13.8,63,1.35,13.8,0.361,2.7
2014-03-02,13.0,76,0.68,13.2,0.342,2.2
2014-03-03,13.2,75,1.03,13.7,0.326,0.0
2014-03-04,15.4,69,1.14,15.6,0.305,0.0
2014-03-05,16.3,71,1.63,16.3,0.287,0.0
2014-03-06,16.7,69,1.56,16.9,0.294,3.0
2014-03-07,14.4,63,1.5,16.0,0.28,0.0
2014-03-08,15.8,57,2.21,15.9,0.262,0.0
2014-03-09,17.5,52,2.56,16.5,0.247,0.0
2014-03-10,16.4,54,1.88,16.1,0.234,0.0
2014-03-11,14.6,46,1.99,16.2,0.22,0.0
2014-03-12,16.4,33,2.58,16.0,0.207,0.0
2014-03-13,16.1,34,2.85,16.3,0.195,0.0
2014-03-14,17.2,36,2.65,17.1,0.184,0.0
2014-03-15,18.5,48,2.77,18.7,0.175,0.0
2014-03-16,20.0,40,3.53,19.8,0.167,0.0
2014-03-17,17.3,42,2.14,19.0,0.16,0.0
2014-03-18,16.5,34,2.45,18.6,0.154,0.0
2014-03-19,18.0,33,3.15,19.1,0.149,0.0
2014-03-20,18.8,28,3.19,19.5,0.144,0.0
2014-03-21,18.9,33,2.89,20.5,0.14,0.0
2014-03-22,18.3,38,2.86,20.6,0.137,0.0
2014-03-23,18.4,35,3.08,20.4,0.135,0.0
2014-03-24,19.9,31,3.66,21.7,0.133,0.0
2014-03-25,18.4,37,2.79,20.8,0.131,0.0
2014-03-26,13.0,72,0.9,16.8,0.158,5.5
2014-03-27,13.7,59,1.71,16.3,0.172,0.0
2014-03-28,16.8,44,2.2,18.5,0.163,0.0
2014-03-29,17.9,48,2.67,19.5,0.158,3.8
2014-03-30,13.4,60,1.57,17.1,0.289,9.1
2014-03-31,12.7,62,1.63,15.4,0.267,7.7
2014-04-01,9.9,78,0.83,14.0,0.34,8.6
2014-04-02,11.4,63,1.44,14.3,0.346,4.4
2014-04-03,13.7,52,1.63,15.1,0.293,0.0
2014-04-04,13.3,58,1.45,15.5,0.263,0.2
2014-04-05,14.0,57,1.68,16.0,0.242,0.0
2014-04-06,16.9,53,2.05,17.8,0.22,0.0
2014-04-07,20.1,47,3.56,20.2,0.2,0.0
2014-04-08,22.6,39,4.22,21.8,0.183,0.0
2014-04-09,23.1,35,3.94,23.0,0.169,0.0
2014-04-10,23.1,37,4.01,24.1,0.158,0.0
2014-04-11,24.1,33,3.94,25.3,0.148,0.0
2014-04-12,21.6,37,3.21,24.5,0.141,0.0
2014-04-13,20.3,41,2.94,23.7,0.137,0.0
2014-04-14,22.9,34,3.92,25.2,0.134,0.0
2014-04-15,23.9,29,4.3,26.3,0.131,0.0
2014-04-16,23.1,31,3.83,26.1,0.13,0.0
2014-04-17,23.9,30,3.93,26.7,0.128,0.0
2014-04-18,23.0,38,3.23,26.8,0.128,0.0
2014-04-19,22.6,35,3.47,26.3,0.127,0.0
2014-04-20,21.9,31,3.89,25.7,0.126,0.0
2014-04-21,22.9,24,3.72,25.3,0.126,0.0
2014-04-22,17.9,32,2.36,22.9,0.126,0.0
2014-04-23,17.3,32,2.58,21.9,0.126,0.0
2014-04-24,19.9,36,2.98,23.5,0.125,0.0
2014-04-25,14.4,74,1.24,18.3,0.192,16.4
2014-04-26,13.2,58,1.67,16.3,0.286,0.6
2014-04-27,15.2,49,1.74,17.8,0.249,0.0
2014-04-28,17.8,45,2.43,19.8,0.217,0.0
2014-04-29,21.8,35,3.52,22.8,0.191,0.0
2014-04-30,24.7,31,4.95,25.5,0.169,0.0
2014-05-01,26.5,26,5.15,27.2,0.154,0.0
2014-05-02,26.9,20,5.73,28.7,0.141,0.0
2014-05-03,24.5,25,4.56,28.3,0.134,0.0
2014-05-04,20.7,37,3.19,25.9,0.131,0.0
2014-05-05,19.3,45,2.67,24.5,0.129,0.2
2014-05-06,16.3,52,2.02,21.2,0.149,2.4
2014-05-07,19.1,36,2.86,23.0,0.145,0.0
2014-05-08,19.7,38,2.98,23.9,0.138,0.0
2014-05-09,20.9,47,2.79,24.5,0.134,0.0
2014-05-10,18.9,34,2.85,23.3,0.131,0.0
2014-05-11,21.2,18,3.57,24.9,0.129,0.0
2014-05-12,23.3,18,4.32,26.6,0.128,0.0
2014-05-13,26.3,16,5.39,28.7,0.126,0.0
2014-05-14,28.2,18,6.03,30.7,0.126,0.0
2014-05-15,29.7,16,6.54,32.1,0.125,0.0
2014-05-16,29.4,13,6.26,32.5,0.124,0.0
2014-05-17,26.0,21,4.97,30.5,0.124,0.0
2014-05-18,22.6,32,3.37,28.1,0.124,0.0
2014-05-19,20.5,37,3.18,26.6,0.124,0.0
2014-05-20,18.0,49,2.13,23.9,0.131,1.1
2014-05-21,21.1,42,2.65,25.9,0.13,0.0
2014-05-22,23.3,36,3.46,27.6,0.128,0.0
2014-05-23,26.0,32,4.37,29.2,0.126,0.0
2014-05-24,27.2,29,4.61,30.9,0.125,0.0
2014-05-25,29.1,29,5.47,32.8,0.125,0.0
2014-05-26,29.7,23,6.11,33.0,0.124,0.0
2014-05-27,28.9,19,6.01,32.7,0.124,0.0
2014-05-28,25.7,15,4.55,30.2,0.124,0.0
2014-05-29,24.6,11,4.59,29.6,0.124,0.0
2014-05-30,26.0,16,5.32,30.6,0.124,0.0
2014-05-31,24.5,24,4.56,29.9,0.124,0.0
2014-06-01,27.0,20,5.32,31.6,0.124,0.0
2014-06-02,27.2,20,5.42,31.8,0.124,0.0
2014-06-03,25.5,31,4.68,31.1,0.124,0.0
2014-06-04,27.7,24,5.32,32.1,0.124,0.0
2014-06-05,29.4,22,5.8,33.5,0.124,0.0
2014-06-06,29.4,19,5.87,33.6,0.124,0.0
2014-06-07,29.7,24,5.89,34.1,0.124,0.0
2014-06-08,31.6,23,7.05,35.3,0.124,0.0
2014-06-09,33.4,19,7.86,36.8,0.123,0.0
2014-06-10,32.6,20,6.48,36.2,0.123,0.0
2014-06-11,29.6,27,5.6,35.4,0.123,0.0
2014-06-12,27.6,31,4.68,33.6,0.123,0.0
2014-06-13,25.7,24,4.71,31.6,0.123,0.0
2014-06-14,26.5,21,4.76,31.8,0.123,0.0
2014-06-15,26.4,24,4.83,32.2,0.123,0.0
2014-06-16,23.3,31,3.92,30.1,0.123,0.0
2014-06-17,22.9,23,3.73,29.1,0.123,0.0
2014-06-18,25.7,19,4.58,30.8,0.124,0.0
2014-06-19,28.5,17,5.9,32.7,0.124,0.0
2014-06-20,29.2,17,6.06,33.4,0.123,0.0
2014-06-21,29.1,19,5.73,33.3,0.123,0.0
2014-06-22,27.8,20,5.7,32.8,0.123,0.0
2014-06-23,27.4,25,5.34,32.4,0.123,0.0
2014-06-24,28.6,25,5.27,33.0,0.123,0.0
2014-06-25,27.5,33,4.76,32.6,0.123,0.0
2014-06-26,23.9,48,2.56,29.4,0.124,0.0
2014-06-27,26.1,38,4.32,30.8,0.124,0.0
2014-06-28,27.5,35,5.14,32.1,0.124,0.0
2014-06-29,29.7,23,6.28,33.6,0.124,0.0
2014-06-30,32.4,22,6.97,36.1,0.124,0.0
2014-07-01,32.9,23,7.02,37.2,0.124,0.0
2014-07-02,31.5,27,6.25,36.7,0.123,0.0
2014-07-03,31.2,27,6.22,36.4,0.123,0.0
2014-07-04,32.9,22,7.29,37.6,0.123,0.0
2014-07-05,32.3,20,6.82,37.0,0.123,0.0
2014-07-06,32.4,14,7.08,36.7,0.123,0.0
2014-07-07,32.0,16,6.45,35.9,0.123,0.0
2014-07-08,33.0,19,7.21,37.6,0.123,0.0
2014-07-09,31.9,26,6.54,37.4,0.123,0.0
2014-07-10,30.8,29,5.62,36.8,0.123,0.0
2014-07-11,29.3,34,4.82,35.4,0.123,0.0
2014-07-12,28.7,34,5.15,34.4,0.123,0.0
2014-07-13,30.7,31,6.14,35.3,0.123,0.0
2014-07-14,33.4,27,6.65,37.3,0.123,0.0
2014-07-15,32.7,32,5.02,37.2,0.123,0.0
2014-07-16,31.0,40,4.27,36.6,0.123,0.0
2014-07-17,28.3,41,3.17,34.4,0.123,0.0
2014-07-18,28.7,38,4.19,34.8,0.123,0.0
2014-07-19,29.5,40,4.28,34.7,0.123,0.0
2014-07-20,30.7,36,4.57,35.6,0.124,0.2
2014-07-21,29.3,41,4.38,34.9,0.125,0.0
2014-07-22,29.5,39,4.74,35.2,0.125,0.0
2014-07-23,26.9,41,4.62,33.0,0.124,0.0
2014-07-24,28.9,33,5.5,33.8,0.124,0.0
2014-07-25,31.5,22,6.69,35.6,0.124,0.0
2014-07-26,33.0,21,7.05,36.9,0.124,0.0
2014-07-27,33.6,21,6.92,37.7,0.123,0.0
2014-07-28,32.5,27,5.41,36.3,0.123,0.0
2014-07-29,32.9,36,5.34,37.4,0.124,0.3
2014-07-30,33.3,32,5.73,37.6,0.128,0.1
2014-07-31,33.6,33,6.87,37.7,0.126,0.0
2014-08-01,33.9,19,7.63,38.0,0.124,0.0
2014-08-02,32.8,22,6.67,37.2,0.124,0.0
2014-08-03,30.5,28,4.28,34.1,0.124,0.0
2014-08-04,30.1,33,4.36,34.9,0.124,0.0
2014-08-05,28.6,41,4.3,34.1,0.124,0.0
2014-08-06,29.0,41,4.35,33.9,0.124,0.0
2014-08-07,30.3,40,5.01,35.0,0.124,0.0
2014-08-08,31.3,31,6.14,35.9,0.124,0.0
2014-08-09,31.0,28,5.86,36.1,0.123,0.0
2014-08-10,29.2,31,5.31,35.0,0.123,0.0
2014-08-11,31.0,31,5.91,35.9,0.123,0.0
2014-08-12,31.6,30,5.69,36.5,0.123,0.0
2014-08-13,29.1,30,5.0,34.7,0.123,0.0
2014-08-14,29.4,33,5.24,34.9,0.123,0.0
2014-08-15,30.6,27,6.05,35.5,0.123,0.0
2014-08-16,30.9,26,6.23,35.6,0.123,0.0
2014-08-17,30.9,25,6.17,35.5,0.123,0.0
2014-08-18,29.8,24,5.85,35.0,0.123,0.0
2014-08-19,27.4,36,4.15,33.3,0.123,0.0
2014-08-20,28.1,39,4.01,33.6,0.123,0.0
2014-08-21,28.9,34,4.83,34.0,0.123,0.0
2014-08-22,29.8,30,5.56,34.8,0.123,0.0
2014-08-23,28.4,36,4.59,34.0,0.123,0.0
2014-08-24,28.3,33,4.61,33.6,0.123,0.0
2014-08-25,27.3,35,4.29,32.5,0.123,0.0
2014-08-26,26.6,37,4.28,31.9,0.123,0.0
2014-08-27,28.8,30,5.33,33.1,0.123,0.0
2014-08-28,29.6,27,5.63,33.3,0.123,0.0
2014-08-29,29.8,30,5.61,33.7,0.123,0.0
2014-08-30,30.3,28,6.1,34.0,0.123,0.0
2014-08-31,28.7,26,5.17,33.1,0.123,0.0
2014-09-01,29.4,30,5.54,33.7,0.123,0.0
2014-09-02,30.3,27,6.03,34.3,0.122,0.0
2014-09-03,28.8,33,4.87,33.7,0.122,0.0
2014-09-04,28.7,32,4.95,33.4,0.122,0.0
2014-09-05,28.7,32,5.24,33.3,0.122,0.0
2014-09-06,29.1,33,5.58,33.6,0.122,0.0
2014-09-07,29.2,31,5.74,33.6,0.122,0.0
2014-09-08,28.2,33,4.28,32.7,0.123,0.0
2014-09-09,26.4,27,5.02,31.2,0.123,0.0
2014-09-10,27.8,22,5.61,31.5,0.123,0.0
2014-09-11,29.2,23,6.1,32.6,0.123,0.0
2014-09-12,29.9,23,6.3,33.3,0.123,0.0
2014-09-13,30.6,24,6.22,34.0,0.123,0.0
2014-09-14,31.0,28,5.74,34.2,0.123,0.0
2014-09-15,30.6,29,6.0,34.1,0.123,0.0
2014-09-16,28.9,33,5.06,33.2,0.123,0.0
2014-09-17,29.2,31,5.21,33.2,0.123,0.0
2014-09-18,26.9,39,3.67,32.0,0.123,0.0
2014-09-19,26.1,44,3.45,31.0,0.123,0.0
2014-09-20,27.4,37,4.05,31.3,0.123,0.0
2014-09-21,26.4,41,3.57,30.9,0.123,0.0
2014-09-22,26.0,44,4.11,30.4,0.123,0.0
2014-09-23,27.3,40,4.65,31.0,0.123,0.0
2014-09-24,26.6,42,4.31,30.9,0.123,0.0
2014-09-25,23.0,57,2.47,28.4,0.123,0.0
2014-09-26,20.7,48,2.34,25.4,0.123,0.0
2014-09-27,20.5,48,2.5,25.4,0.123,0.0
2014-09-28,20.5,53,2.05,24.7,0.125,0.3
2014-09-29,21.4,48,2.89,25.3,0.126,0.0
2014-09-30,22.8,44,3.34,26.0,0.125,0.0
2014-10-01,23.5,41,3.77,27.0,0.125,0.0
2014-10-02,25.1,27,4.65,27.8,0.124,0.0
2014-10-03,25.9,25,5.34,28.3,0.124,0.0
2014-10-04,26.5,22,5.41,28.8,0.124,0.0
2014-10-05,27.2,22,5.45,29.3,0.124,0.0
2014-10-06,27.0,26,5.4,29.5,0.124,0.0
2014-10-07,26.9,27,5.24,29.4,0.124,0.0
2014-10-08,25.8,29,4.58,28.8,0.124,0.0
2014-10-09,25.1,26,4.54,28.0,0.124,0.0
2014-10-10,23.2,35,3.57,26.7,0.124,0.0
2014-10-11,23.3,38,3.56,26.5,0.124,0.0
2014-10-12,23.4,36,3.62,26.5,0.124,0.0
2014-10-13,25.0,25,5.25,26.7,0.124,0.0
2014-10-14,23.7,27,4.19,26.2,0.124,0.0
2014-10-15,21.0,47,2.47,25.0,0.124,0.0
2014-10-16,20.8,50,2.51,24.6,0.124,0.0
2014-10-17,20.3,43,2.43,23.9,0.124,0.0
2014-10-18,20.4,38,2.78,23.7,0.124,0.0
2014-10-19,21.7,33,3.4,23.8,0.124,0.0
2014-10-20,20.4,51,2.7,23.4,0.124,0.0
2014-10-21,18.7,46,2.43,22.3,0.124,0.0
2014-10-22,18.3,37,2.65,21.6,0.124,0.0
2014-10-23,19.8,38,3.07,22.1,0.124,0.0
2014-10-24,21.7,35,3.89,23.1,0.124,0.0
2014-10-25,19.3,46,2.45,22.3,0.124,0.0
2014-10-26,18.0,52,2.04,21.3,0.124,0.0
2014-10-27,16.5,40,2.09,20.0,0.124,0.0
2014-10-28,17.6,37,2.58,20.3,0.124,0.0
2014-10-29,19.2,36,2.91,21.0,0.124,0.0
2014-10-30,19.9,38,3.51,21.5,0.124,0.0
2014-10-31,18.6,54,2.06,21.3,0.134,10.0
2014-11-01,12.8,83,0.56,16.9,0.358,17.4
2014-11-02,13.0,69,1.11,15.4,0.311,0.0
2014-11-03,12.8,64,1.24,14.9,0.277,0.0
2014-11-04,14.2,60,1.45,15.2,0.256,0.0
2014-11-05,15.5,59,1.85,15.8,0.239,0.0
2014-11-06,16.7,60,2.37,17.2,0.225,0.0
2014-11-07,16.6,64,1.83,17.5,0.212,0.0
2014-11-08,16.9,68,1.96,17.8,0.202,0.0
2014-11-09,17.6,66,2.05,18.3,0.193,0.0
2014-11-10,17.0,64,1.97,18.0,0.185,0.0
2014-11-11,16.2,66,1.38,17.2,0.179,0.0
2014-11-12,14.6,68,1.36,16.8,0.174,0.0
2014-11-13,14.3,73,0.75,15.6,0.2,3.6
2014-11-14,15.3,74,1.31,16.6,0.21,0.0
2014-11-15,13.7,72,1.23,15.4,0.202,0.0
2014-11-16,13.1,69,1.26,15.1,0.194,0.0
2014-11-17,12.7,62,1.66,14.3,0.188,0.0
2014-11-18,13.0,54,1.99,13.7,0.182,0.0
2014-11-19,14.5,43,1.91,14.4,0.177,0.0
2014-11-20,13.8,66,0.95,14.3,0.178,1.2
2014-11-21,12.0,78,0.93,13.8,0.19,0.1
2014-11-22,12.0,74,0.89,13.1,0.188,0.7
2014-11-23,12.2,67,1.24,14.1,0.186,0.0
2014-11-24,10.9,59,1.27,12.3,0.181,0.0
2014-11-25,11.9,58,1.59,12.6,0.176,0.0
2014-11-26,13.2,55,1.87,13.2,0.171,0.0
2014-11-27,14.4,53,2.23,13.9,0.167,0.0
2014-11-28,14.2,50,2.34,14.0,0.163,0.0
2014-11-29,13.8,49,1.97,13.4,0.16,0.0
2014-11-30,13.9,54,1.27,13.3,0.161,1.1
2014-12-01,14.6,64,1.65,14.7,0.167,0.0
2014-12-02,12.6,81,0.56,13.2,0.259,24.5
2014-12-03,15.3,79,1.1,14.8,0.367,5.1
2014-12-04,15.5,84,0.88,15.7,0.339,2.1
2014-12-05,14.9,82,0.81,15.1,0.312,0.0
2014-12-06,15.4,80,1.07,15.8,0.3,0.6
2014-12-07,14.5,79,1.15,14.6,0.286,0.0
2014-12-08,13.4,77,1.15,13.8,0.275,0.0
2014-12-09,12.4,82,0.86,13.2,0.266,0.0
2014-12-10,12.1,81,0.99,13.0,0.259,0.0
2014-12-11,15.2,62,1.15,14.1,0.253,0.2
2014-12-12,10.6,90,0.52,12.4,0.4,39.5
2014-12-13,9.1,84,0.55,10.6,0.381,0.5
2014-12-14,8.3,82,0.67,9.8,0.361,0.0
2014-12-15,9.4,75,0.94,9.8,0.355,3.7
2014-12-16,11.4,75,0.89,11.7,0.371,0.9
2014-12-17,10.5,87,0.45,11.9,0.403,15.0
2014-12-18,10.6,79,0.76,11.6,0.379,0.3
2014-12-19,10.2,80,0.57,10.7,0.363,0.0
2014-12-20,11.5,83,0.46,12.1,0.355,0.2
2014-12-21,11.2,91,0.38,11.9,0.347,0.0
2014-12-22,13.5,91,0.42,13.9,0.343,0.3
2014-12-23,12.6,90,0.51,14.0,0.336,0.0
2014-12-24,11.6,85,0.58,12.8,0.329,0.8
2014-12-25,9.2,57,0.94,10.9,0.323,0.0
2014-12-26,7.3,62,0.72,8.2,0.313,0.0
2014-12-27,6.4,65,0.9,7.1,0.306,0.0
2014-12-28,6.7,67,0.77,7.4,0.3,0.0
2014-12-29,5.8,77,0.59,6.9,0.295,0.0
2014-12-30,5.5,82,0.34,7.1,0.294,0.7
2014-12-31,3.7,50,0.91,4.9,0.293,0.0
2015-01-01,3.0,57,0.79,4.4,0.287,0.0
2015-01-02,4.2,63,0.76,4.5,0.282,0.0
2015-01-03,4.3,67,0.81,4.8,0.277,0.0
2015-01-04,5.8,66,0.83,5.9,0.272,0.0
2015-01-05,6.3,75,0.97,7.0,0.268,0.0
2015-01-06,8.6,76,1.21,8.6,0.263,0.0
2015-01-07,9.7,77,1.23,9.7,0.258,0.0
2015-01-08,10.2,76,1.24,10.2,0.254,0.0
2015-01-09,10.7,78,0.95,10.8,0.251,0.0
2015-01-10,11.5,75,1.21,11.2,0.247,0.0
2015-01-11,11.3,77,0.98,11.6,0.243,0.0
2015-01-12,11.1,79,0.75,10.9,0.239,0.0
2015-01-13,10.4,82,0.79,11.1,0.236,0.0
2015-01-14,9.4,80,0.99,10.3,0.232,0.0
2015-01-15,9.6,71,1.25,10.0,0.228,0.0
2015-01-16,9.8,70,1.12,10.4,0.224,0.0
2015-01-17,10.5,75,0.94,10.9,0.22,0.0
2015-01-18,11.7,75,1.08,11.8,0.216,0.0
2015-01-19,11.5,87,0.7,12.0,0.214,0.0
2015-01-20,10.0,87,0.63,11.7,0.213,0.0
2015-01-21,8.8,82,0.82,10.4,0.211,0.0
2015-01-22,9.0,74,1.04,9.9,0.208,0.0
2015-01-23,8.9,72,1.1,10.0,0.205,0.0
2015-01-24,9.6,67,1.26,10.4,0.201,0.0
2015-01-25,9.8,66,1.46,10.7,0.197,0.0
2015-01-26,11.6,62,1.51,11.4,0.193,0.0
2015-01-27,13.5,75,0.85,13.1,0.224,3.3
2015-01-28,12.0,75,1.04,12.2,0.235,0.0
2015-01-29,12.0,72,1.35,12.6,0.227,0.0
2015-01-30,11.5,76,1.06,12.3,0.219,0.0
2015-01-31,12.0,78,1.02,12.6,0.213,0.0
2015-02-01,11.8,73,1.34,12.6,0.207,0.0
2015-02-02,12.9,68,1.31,12.9,0.201,0.0
2015-02-03,12.9,70,1.36,12.8,0.195,0.0
2015-02-04,14.1,63,2.15,13.7,0.19,0.0
2015-02-05,15.9,51,2.33,14.3,0.184,0.0
2015-02-06,16.1,48,2.18,14.8,0.179,0.0
2015-02-07,15.9,83,0.8,15.6,0.276,13.9
2015-02-08,15.8,83,1.11,15.4,0.307,12.9
2015-02-09,15.3,77,1.36,15.7,0.345,1.8
2015-02-10,12.2,75,1.04,14.0,0.307,0.0
2015-02-11,13.0,72,1.27,13.5,0.286,0.0
2015-02-12,13.8,73,1.56,14.1,0.27,0.0
2015-02-13,14.5,71,1.75,14.7,0.257,0.0
2015-02-14,15.4,75,1.59,15.2,0.245,0.0
2015-02-15,14.5,82,1.23,15.4,0.235,0.0
2015-02-16,15.3,76,1.65,15.8,0.226,0.0
2015-02-17,14.9,77,1.44,15.8,0.217,0.0
2015-02-18,13.6,84,1.06,15.5,0.21,0.0
2015-02-19,13.7,84,1.08,15.5,0.204,0.0
2015-02-20,13.2,83,1.04,15.3,0.199,0.0
2015-02-21,12.9,73,1.29,14.6,0.193,0.0
2015-02-22,11.6,77,0.75,13.0,0.201,1.4
2015-02-23,10.0,81,0.7,11.8,0.235,4.3
2015-02-24,10.5,60,1.32,11.9,0.239,0.0
2015-02-25,11.2,55,1.34,12.2,0.226,0.0
2015-02-26,12.1,68,1.17,13.2,0.215,0.0
2015-02-27,12.0,73,1.13,13.3,0.21,2.3
2015-02-28,11.1,67,0.98,13.0,0.221,0.7
2015-03-01,11.4,60,1.24,12.7,0.219,0.4
2015-03-02,9.9,76,0.96,11.9,0.228,2.7
2015-03-03,11.2,65,1.21,12.2,0.246,0.0
2015-03-04,12.0,60,1.54,13.1,0.23,0.0
2015-03-05,13.7,55,2.06,14.0,0.216,0.0
2015-03-06,13.8,59,2.07,14.8,0.202,0.0
2015-03-07,16.0,55,2.51,16.2,0.191,0.0
2015-03-08,16.6,57,2.49,17.0,0.18,0.0
2015-03-09,17.4,62,2.26,18.2,0.171,0.0
2015-03-10,19.2,49,3.37,18.9,0.164,0.0
2015-03-11,19.0,42,2.25,18.7,0.158,0.0
2015-03-12,17.2,58,2.26,19.0,0.153,0.0
2015-03-13,18.9,51,3.16,19.8,0.148,0.0
2015-03-14,21.4,42,3.89,21.2,0.143,0.0
2015-03-15,22.6,37,4.08,22.2,0.139,0.0
2015-03-16,20.0,44,2.76,21.7,0.136,0.0
2015-03-17,19.0,51,2.04,20.6,0.134,0.0
2015-03-18,18.4,47,2.46,20.9,0.133,0.0
2015-03-19,19.3,43,2.83,21.3,0.132,0.0
2015-03-20,20.0,42,3.14,21.4,0.131,0.0
2015-03-21,19.1,39,3.1,21.6,0.13,0.0
2015-03-22,18.5,46,2.25,21.1,0.129,0.0
2015-03-23,17.2,52,2.02,20.4,0.13,0.2
2015-03-24,16.8,48,1.85,19.6,0.129,0.0
2015-03-25,18.5,52,2.52,21.4,0.129,0.0
2015-03-26,21.7,39,3.94,23.4,0.128,0.0
2015-03-27,23.3,36,4.39,24.8,0.127,0.0
2015-03-28,22.0,43,3.27,24.7,0.126,0.0
2015-03-29,22.4,35,3.5,24.8,0.126,0.0
2015-03-30,23.2,33,4.04,25.4,0.126,0.0
2015-03-31,19.9,36,2.72,23.4,0.125,0.0
2015-04-01,17.4,25,2.59,21.4,0.125,0.0
2015-04-02,16.6,31,2.52,20.5,0.125,0.0
2015-04-03,18.2,27,3.05,21.5,0.125,0.0
2015-04-04,18.1,28,3.11,21.6,0.125,0.0
2015-04-05,15.7,38,2.02,20.3,0.125,0.0
2015-04-06,14.5,41,1.85,19.4,0.125,0.0
2015-04-07,11.3,69,0.94,14.8,0.175,10.1
2015-04-08,12.3,59,1.55,15.4,0.248,1.1
2015-04-09,14.5,50,2.0,16.8,0.221,0.0
2015-04-10,16.9,46,2.57,18.7,0.199,0.0
2015-04-11,18.1,45,2.58,20.1,0.179,0.0
2015-04-12,19.3,46,2.78,21.9,0.165,0.0
2015-04-13,21.7,39,4.06,23.4,0.154,0.0
2015-04-14,16.0,36,2.4,20.4,0.145,0.0
2015-04-15,16.9,24,2.75,20.7,0.139,0.0
2015-04-16,18.9,24,3.4,22.1,0.135,0.0
2015-04-17,21.1,24,3.76,23.7,0.132,0.0
2015-04-18,22.8,24,4.08,25.2,0.129,0.0
2015-04-19,23.5,29,4.05,26.3,0.128,0.0
2015-04-20,23.4,34,3.69,26.5,0.127,0.0
2015-04-21,21.7,39,2.83,25.9,0.126,0.0
2015-04-22,20.4,44,2.41,24.9,0.127,0.0
2015-04-23,20.9,45,2.64,24.7,0.128,0.3
2015-04-24,18.7,46,2.55,23.0,0.146,3.3
2015-04-25,15.4,61,1.26,19.3,0.229,10.7
2015-04-26,17.1,49,2.12,19.9,0.239,0.0
2015-04-27,20.3,44,3.13,22.4,0.207,0.0
2015-04-28,24.3,42,4.06,25.3,0.181,0.0
2015-04-29,24.4,38,4.19,26.7,0.162,0.0
2015-04-30,25.0,37,4.52,27.7,0.148,0.0
2015-05-01,26.6,28,5.07,28.9,0.139,0.0
2015-05-02,26.2,20,4.86,28.8,0.133,0.0
2015-05-03,24.6,21,4.38,28.0,0.13,0.0
2015-05-04,22.3,34,3.29,27.1,0.128,0.0
2015-05-05,21.4,35,3.36,26.8,0.127,0.0
2015-05-06,19.7,36,2.91,25.6,0.126,0.0
2015-05-07,16.5,49,1.75,22.2,0.134,2.2
2015-05-08,15.8,52,1.73,20.3,0.152,0.3
2015-05-09,19.6,43,2.45,23.4,0.146,0.0
2015-05-10,22.3,41,3.56,25.8,0.139,0.0
2015-05-11,21.9,33,3.74,26.3,0.134,0.0
2015-05-12,18.3,33,2.77,24.1,0.131,0.0
2015-05-13,18.1,32,2.63,23.9,0.129,0.0
2015-05-14,16.7,48,2.13,23.0,0.139,5.4
2015-05-15,16.5,57,1.69,20.6,0.183,0.0
2015-05-16,18.6,44,2.51,22.7,0.171,0.0
2015-05-17,18.5,49,2.16,22.0,0.158,0.0
2015-05-18,19.2,46,2.5,23.4,0.149,0.0
2015-05-19,19.1,44,2.62,23.8,0.142,0.0
2015-05-20,20.6,42,2.87,25.1,0.136,0.1
2015-05-21,18.3,53,1.77,23.3,0.137,1.5
2015-05-22,18.2,57,1.81,21.2,0.182,3.8
2015-05-23,19.5,53,2.25,22.5,0.178,0.0
2015-05-24,21.4,48,2.83,25.1,0.164,0.0
2015-05-25,23.4,41,3.38,27.0,0.151,0.0
2015-05-26,23.5,41,3.39,27.7,0.141,0.0
2015-05-27,24.1,37,4.04,28.3,0.134,0.0
2015-05-28,24.7,36,4.28,28.6,0.131,0.0
2015-05-29,26.4,33,5.08,30.1,0.128,0.0
2015-05-30,28.0,29,5.5,31.6,0.127,0.0
2015-05-31,27.8,29,5.77,32.3,0.126,0.0
2015-06-01,23.9,33,3.7,29.7,0.125,0.0
2015-06-02,23.8,42,3.65,29.1,0.125,0.0
2015-06-03,23.8,33,4.09,29.0,0.125,0.0
2015-06-04,22.3,37,3.55,28.5,0.124,0.0
2015-06-05,25.0,37,3.56,29.6,0.125,0.5
2015-06-06,26.4,40,3.81,30.0,0.127,0.0
2015-06-07,28.6,36,5.28,32.3,0.126,0.0
2015-06-08,32.1,27,7.09,35.1,0.125,0.0
2015-06-09,29.7,30,4.71,32.3,0.124,0.0
2015-06-10,27.2,44,3.31,31.4,0.126,0.1
2015-06-11,27.9,44,4.05,32.3,0.127,0.0
2015-06-12,31.2,37,5.2,35.0,0.126,0.1
2015-06-13,32.8,30,6.61,36.1,0.126,0.0
2015-06-14,30.8,23,6.3,35.5,0.124,0.0
2015-06-15,29.1,25,5.91,34.2,0.124,0.0
2015-06-16,28.3,24,5.84,33.5,0.124,0.0
2015-06-17,30.2,23,6.62,34.6,0.124,0.0
2015-06-18,30.3,22,6.46,34.7,0.124,0.0
2015-06-19,29.1,17,6.09,33.8,0.124,0.0
2015-06-20,30.2,20,6.73,34.6,0.124,0.0
2015-06-21,29.5,20,5.8,34.2,0.123,0.0
2015-06-22,27.9,19,5.55,33.0,0.123,0.0
2015-06-23,28.1,24,5.27,33.1,0.123,0.0
2015-06-24,29.5,26,5.71,34.0,0.123,0.0
2015-06-25,32.6,23,6.98,36.4,0.123,0.0
2015-06-26,33.8,21,7.66,37.6,0.123,0.0
2015-06-27,32.7,26,6.83,37.6,0.123,0.0
2015-06-28,31.6,30,5.3,36.3,0.123,0.0
2015-06-29,30.2,32,4.98,34.7,0.123,0.0
2015-06-30,34.0,23,7.35,37.5,0.123,0.0
2015-07-01,34.3,25,6.04,37.1,0.123,0.0
2015-07-02,33.2,29,5.24,37.1,0.123,0.0
2015-07-03,33.0,41,5.65,37.9,0.123,0.0
2015-07-04,32.6,35,5.78,37.4,0.125,0.6
2015-07-05,31.4,35,5.25,36.7,0.128,0.0
2015-07-06,28.9,38,4.52,34.7,0.125,0.0
2015-07-07,28.2,37,4.45,33.9,0.125,0.0
2015-07-08,26.8,38,4.09,32.9,0.124,0.2
2015-07-09,24.6,43,3.21,31.5,0.126,0.1
2015-07-10,24.3,51,2.7,30.3,0.126,0.0
2015-07-11,26.8,43,4.09,32.1,0.125,0.0
2015-07-12,28.1,38,4.58,33.4,0.125,0.0
2015-07-13,28.4,36,4.62,33.6,0.124,0.0
2015-07-14,28.2,32,4.84,33.5,0.124,0.0
2015-07-15,28.0,32,5.17,33.7,0.124,0.0
2015-07-16,30.4,29,5.7,35.1,0.124,0.0
2015-07-17,31.3,28,6.23,36.3,0.124,0.0
2015-07-18,30.6,30,6.01,35.8,0.123,0.0
2015-07-19,28.5,41,3.19,33.4,0.124,0.0
2015-07-20,31.2,38,4.82,35.6,0.125,0.3
2015-07-21,31.8,37,5.18,36.5,0.126,0.0
2015-07-22,30.0,30,5.01,35.5,0.125,0.0
2015-07-23,27.4,26,4.77,33.7,0.124,0.0
2015-07-24,28.3,29,5.06,33.5,0.124,0.0
2015-07-25,29.2,23,5.25,34.0,0.124,0.0
2015-07-26,28.1,30,5.06,33.6,0.124,0.0
2015-07-27,28.5,28,5.31,33.4,0.124,0.0
2015-07-28,31.0,25,6.42,35.1,0.124,0.0
2015-07-29,33.2,21,7.46,37.0,0.123,0.0
2015-07-30,33.4,22,6.62,36.8,0.123,0.0
2015-07-31,32.6,29,5.47,37.0,0.124,0.0
2015-08-01,30.5,33,5.24,36.0,0.124,0.0
2015-08-02,30.3,33,5.11,35.6,0.124,0.0
2015-08-03,28.7,36,4.87,34.4,0.124,0.0
2015-08-04,26.4,40,3.64,32.3,0.124,0.0
2015-08-05,26.7,38,4.16,31.8,0.124,0.0
2015-08-06,28.6,31,4.44,32.2,0.124,0.0
2015-08-07,28.3,33,4.58,33.3,0.124,0.0
2015-08-08,28.1,37,4.44,33.3,0.123,0.0
2015-08-09,28.6,35,5.07,33.6,0.123,0.0
2015-08-10,28.5,34,4.77,33.5,0.123,0.0
2015-08-11,27.2,35,4.48,32.7,0.123,0.0
2015-08-12,27.9,32,5.01,33.2,0.123,0.0
2015-08-13,28.5,35,5.2,33.4,0.123,0.0
2015-08-14,27.5,33,4.62,32.6,0.123,0.0
2015-08-15,29.7,27,5.93,33.9,0.123,0.0
2015-08-16,32.7,19,7.32,35.9,0.123,0.0
2015-08-17,33.2,21,7.22,36.6,0.123,0.0
2015-08-18,31.5,23,6.18,36.0,0.123,0.0
2015-08-19,29.7,27,5.46,34.7,0.123,0.0
2015-08-20,28.0,32,4.87,33.5,0.123,0.0
2015-08-21,27.8,35,4.77,33.1,0.123,0.0
2015-08-22,28.1,36,4.88,33.4,0.123,0.0
2015-08-23,29.0,36,4.99,33.7,0.123,0.0
2015-08-24,29.2,35,5.09,33.7,0.123,0.0
2015-08-25,30.2,29,6.0,34.2,0.123,0.0
2015-08-26,31.0,26,5.93,34.9,0.123,0.0
2015-08-27,31.5,24,6.28,35.2,0.123,0.0
2015-08-28,32.4,24,6.78,36.1,0.123,0.0
2015-08-29,29.3,38,4.41,34.2,0.123,0.0
2015-08-30,26.2,36,4.15,31.7,0.123,0.0
2015-08-31,26.7,33,4.63,31.6,0.123,0.0
2015-09-01,28.1,28,5.3,32.4,0.123,0.0
2015-09-02,26.7,36,4.33,32.0,0.123,0.0
2015-09-03,25.0,39,3.66,30.7,0.123,0.0
2015-09-04,24.4,33,3.82,30.2,0.123,0.0
2015-09-05,23.2,30,3.85,28.6,0.123,0.0
2015-09-06,25.3,19,4.78,29.4,0.123,0.0
2015-09-07,27.2,16,5.68,30.6,0.123,0.0
2015-09-08,28.9,17,6.51,31.8,0.123,0.0
2015-09-09,31.4,18,6.82,33.9,0.123,0.0
2015-09-10,32.0,22,6.69,34.7,0.123,0.0
2015-09-11,32.4,22,6.78,35.4,0.122,0.0
2015-09-12,30.3,21,5.55,33.6,0.122,0.0
2015-09-13,29.9,22,5.36,33.6,0.122,0.0
2015-09-14,25.6,39,2.69,29.1,0.128,1.4
2015-09-15,24.5,45,2.35,28.8,0.134,0.0
2015-09-16,21.0,36,3.06,26.5,0.133,0.0
2015-09-17,21.8,43,2.75,26.3,0.13,0.0
2015-09-18,23.4,42,3.63,27.4,0.128,0.0
2015-09-19,25.6,33,5.02,28.8,0.127,0.0
2015-09-20,28.9,25,6.33,30.8,0.126,0.0
2015-09-21,30.0,24,5.93,32.4,0.125,0.0
2015-09-22,29.1,27,5.14,32.3,0.124,0.0
2015-09-23,26.0,28,4.72,30.2,0.124,0.0
2015-09-24,26.9,28,5.21,30.0,0.124,0.0
2015-09-25,29.3,24,5.84,31.8,0.124,0.0
2015-09-26,28.9,25,5.22,31.8,0.124,0.0
2015-09-27,28.6,30,4.8,31.4,0.124,0.0
2015-09-28,27.1,31,4.08,29.8,0.124,0.0
2015-09-29,24.7,35,3.45,28.3,0.124,0.0
2015-09-30,23.0,36,3.04,26.8,0.124,0.0
2015-10-01,21.7,49,2.43,25.2,0.132,1.6
2015-10-02,22.0,56,2.53,25.7,0.135,0.0
2015-10-03,23.2,44,3.58,26.7,0.132,0.0
2015-10-04,18.5,51,2.0,23.6,0.134,0.7
2015-10-05,21.1,44,2.72,24.7,0.134,0.0
2015-10-06,22.2,41,2.96,25.5,0.131,0.0
2015-10-07,23.6,47,3.13,26.4,0.13,0.0
2015-10-08,25.9,41,3.84,28.1,0.128,0.0
2015-10-09,26.7,36,4.29,28.5,0.127,0.0
2015-10-10,27.7,30,5.04,29.3,0.126,0.0
2015-10-11,26.6,40,4.26,29.5,0.126,0.0
2015-10-12,26.8,35,4.91,29.2,0.125,0.0
2015-10-13,27.9,29,5.14,29.8,0.125,0.0
2015-10-14,27.1,30,4.15,28.6,0.124,0.0
2015-10-15,25.8,42,3.84,28.1,0.125,0.0
2015-10-16,25.1,57,3.15,28.0,0.13,0.3
2015-10-17,23.5,53,1.99,26.6,0.13,0.4
2015-10-18,19.4,66,1.78,23.2,0.225,9.3
2015-10-19,19.0,57,1.97,21.9,0.22,0.0
2015-10-20,19.5,56,2.16,21.8,0.202,0.0
2015-10-21,19.9,51,2.7,22.0,0.187,0.0
2015-10-22,21.1,41,3.22,22.5,0.174,0.0
2015-10-23,21.2,41,3.15,22.7,0.164,0.0
2015-10-24,22.0,39,3.38,22.9,0.156,0.0
2015-10-25,22.0,38,3.45,22.7,0.15,0.0
2015-10-26,20.8,41,3.41,22.4,0.145,0.0
2015-10-27,20.1,38,2.77,21.1,0.141,0.0
2015-10-28,19.9,53,1.64,22.2,0.141,0.9
2015-10-29,18.7,54,2.33,21.2,0.141,0.0
2015-10-30,17.5,42,2.49,19.9,0.137,0.0
2015-10-31,19.0,35,3.18,20.8,0.135,0.0
2015-11-01,19.2,47,2.39,20.9,0.133,0.0
2015-11-02,13.6,79,0.67,16.3,0.212,14.5
2015-11-03,12.7,74,1.03,15.9,0.305,2.3
2015-11-04,12.6,56,1.37,14.5,0.272,0.0
2015-11-05,11.3,55,1.48,13.6,0.249,0.0
2015-11-06,12.8,50,1.5,13.9,0.232,0.0
2015-11-07,13.8,51,1.93,14.4,0.218,0.0
2015-11-08,14.0,56,1.97,14.9,0.207,0.8
2015-11-09,11.8,81,1.19,14.6,0.241,6.4
2015-11-10,9.8,74,0.86,12.5,0.265,0.6
2015-11-11,9.8,72,0.96,12.0,0.25,0.0
2015-11-12,10.0,70,1.14,12.0,0.236,0.0
2015-11-13,11.8,64,1.47,12.6,0.224,0.0
2015-11-14,12.9,58,2.12,13.4,0.213,0.0
2015-11-15,9.5,75,0.55,10.9,0.273,14.9
2015-11-16,9.3,50,1.15,10.7,0.324,0.0
2015-11-17,8.3,53,1.11,9.8,0.287,0.0
2015-11-18,8.9,64,0.82,10.4,0.267,0.0
2015-11-19,11.6,76,1.05,11.8,0.254,0.0
2015-11-20,12.0,79,1.07,12.8,0.242,0.0
2015-11-21,14.2,70,1.68,13.7,0.232,0.0
2015-11-22,15.0,62,2.07,14.1,0.223,0.0
2015-11-23,14.9,57,2.43,14.6,0.213,0.0
2015-11-24,12.1,74,1.38,13.7,0.219,4.6
2015-11-25,8.6,69,0.81,11.1,0.265,1.2
2015-11-26,6.7,66,0.88,9.2,0.258,0.0
2015-11-27,7.3,58,1.06,9.1,0.246,0.0
2015-11-28,7.5,56,1.09,8.9,0.235,0.0
2015-11-29,7.2,55,1.27,8.2,0.227,0.0
2015-11-30,7.3,51,1.31,8.1,0.219,0.0
2015-12-01,7.1,62,1.18,8.5,0.212,0.0
2015-12-02,9.1,57,1.33,9.1,0.207,0.0
2015-12-03,12.0,56,2.25,11.0,0.203,1.7
2015-12-04,11.5,70,1.1,11.9,0.218,0.0
2015-12-05,9.6,70,1.04,10.1,0.212,0.0
2015-12-06,11.9,55,1.77,11.3,0.206,0.0
2015-12-07,12.8,58,1.46,12.0,0.2,0.0
2015-12-08,11.0,83,0.62,11.5,0.196,0.0
2015-12-09,10.8,86,0.76,12.1,0.193,0.0
2015-12-10,10.0,84,0.78,10.6,0.21,4.5
2015-12-11,9.1,81,0.61,10.4,0.295,6.7
2015-12-12,8.7,72,0.77,8.9,0.289,0.0
2015-12-13,6.5,83,0.7,7.5,0.301,6.8
2015-12-14,5.7,70,0.79,7.1,0.319,0.0
2015-12-15,5.4,60,0.78,6.1,0.292,0.0
2015-12-16,4.9,62,0.83,5.7,0.276,0.0
2015-12-17,5.7,62,0.83,6.1,0.265,0.0
2015-12-18,6.7,67,1.12,7.0,0.255,0.0
2015-12-19,5.8,87,0.2,6.1,0.289,6.4
2015-12-20,7.0,80,0.7,7.5,0.31,0.0
2015-12-21,9.3,68,0.54,9.2,0.3,4.3
2015-12-22,12.7,91,0.41,11.7,0.387,18.2
2015-12-23,10.1,72,0.77,10.8,0.35,0.0
2015-12-24,6.3,79,0.53,7.8,0.344,5.6
2015-12-25,4.3,77,0.65,6.4,0.352,0.0
2015-12-26,3.7,66,0.76,5.1,0.331,0.0
2015-12-27,4.5,58,0.81,4.5,0.318,0.0
2015-12-28,4.4,74,0.52,5.2,0.315,0.8
2015-12-29,3.8,80,0.52,5.1,0.31,0.0
2015-12-30,4.4,76,0.67,4.8,0.302,0.0
2015-12-31,4.9,76,0.76,5.2,0.295,0.0
2016-01-01,5.6,68,1.03,5.4,0.289,0.0
2016-01-02,7.7,62,1.09,7.5,0.282,0.0
2016-01-03,8.6,61,1.2,8.2,0.277,0.0
2016-01-04,8.2,78,0.6,7.8,0.279,2.5
2016-01-05,10.0,88,0.25,9.1,0.371,22.8
2016-01-06,8.0,92,0.24,8.3,0.403,10.9
2016-01-07,7.8,81,0.61,8.6,0.391,1.1
2016-01-08,6.7,84,0.51,7.3,0.369,0.0
2016-01-09,8.2,77,0.62,8.0,0.362,1.9
2016-01-10,9.7,83,0.54,9.6,0.374,1.1
2016-01-11,8.9,79,0.81,9.0,0.356,0.0
2016-01-12,8.3,77,0.96,8.5,0.343,0.0
2016-01-13,10.6,70,0.93,9.8,0.353,3.6
2016-01-14,8.9,80,0.69,9.8,0.349,1.0
2016-01-15,10.5,78,0.79,10.9,0.362,3.1
2016-01-16,10.8,81,0.66,10.6,0.351,0.9
2016-01-17,10.9,84,0.75,10.3,0.339,0.0
2016-01-18,12.3,85,0.59,11.9,0.376,10.1
2016-01-19,10.8,93,0.16,10.5,0.403,25.8
2016-01-20,11.2,90,0.47,11.2,0.395,0.0
2016-01-21,10.9,81,1.03,11.1,0.376,0.0
2016-01-22,11.2,80,0.49,10.7,0.367,2.0
2016-01-23,11.8,79,0.72,11.6,0.409,11.1
2016-01-24,9.2,80,0.71,10.2,0.38,0.0
2016-01-25,9.1,81,0.66,9.7,0.364,0.0
2016-01-26,9.4,83,0.78,9.8,0.353,0.0
2016-01-27,9.8,81,0.73,10.1,0.344,0.0
2016-01-28,8.9,84,0.71,9.8,0.336,0.0
2016-01-29,11.4,83,0.74,11.6,0.329,0.0
2016-01-30,11.0,84,0.44,11.1,0.343,3.9
2016-01-31,8.2,82,0.39,9.1,0.392,19.7
2016-02-01,7.2,51,0.9,8.0,0.382,0.0
2016-02-02,4.3,71,0.62,5.6,0.365,0.0
2016-02-03,6.9,67,0.77,6.7,0.355,0.0
2016-02-04,7.7,74,0.71,7.7,0.344,0.0
2016-02-05,9.1,81,0.86,8.8,0.335,0.0
2016-02-06,9.6,80,0.91,9.4,0.327,0.0
2016-02-07,11.0,80,0.98,10.7,0.319,0.0
2016-02-08,12.1,75,1.19,11.7,0.311,0.0
2016-02-09,12.8,73,1.46,12.4,0.304,0.0
2016-02-10,13.5,77,1.27,12.8,0.296,0.0
2016-02-11,13.3,78,1.34,12.9,0.289,0.0
2016-02-12,12.9,78,1.14,12.9,0.283,0.0
2016-02-13,13.2,80,1.04,13.1,0.277,0.0
2016-02-14,13.3,75,1.0,12.7,0.271,0.0
2016-02-15,14.3,77,1.25,13.9,0.265,0.0
2016-02-16,15.3,77,1.51,14.6,0.258,0.0
2016-02-17,14.9,69,1.01,13.6,0.257,0.6
2016-02-18,12.8,69,1.07,13.8,0.329,8.7
2016-02-19,11.4,63,1.23,12.2,0.314,0.0
2016-02-20,10.9,77,0.92,12.3,0.295,0.0
2016-02-21,11.2,78,1.0,12.5,0.282,0.0
2016-02-22,12.1,71,1.16,12.8,0.27,0.0
2016-02-23,13.4,68,1.6,13.3,0.259,0.0
2016-02-24,14.6,62,2.07,14.0,0.249,0.0
2016-02-25,14.9,67,1.8,14.6,0.238,0.0
2016-02-26,16.0,66,2.07,15.4,0.23,0.0
2016-02-27,15.4,71,1.49,16.2,0.221,0.0
2016-02-28,13.9,68,1.19,14.8,0.214,0.0
2016-02-29,14.8,65,1.63,15.1,0.208,0.0
2016-03-01,16.4,59,2.41,16.1,0.201,0.0
2016-03-02,16.4,59,2.35,16.6,0.194,0.0
2016-03-03,15.8,66,1.64,16.2,0.188,0.0
2016-03-04,16.2,75,1.67,16.9,0.187,1.9
2016-03-05,15.2,92,0.22,15.6,0.301,21.5
2016-03-06,13.3,73,0.98,15.1,0.399,18.7
2016-03-07,10.2,78,0.56,13.0,0.401,18.6
2016-03-08,10.9,75,0.92,12.9,0.378,0.0
2016-03-09,12.8,71,1.09,13.5,0.357,0.0
2016-03-10,16.0,68,1.76,15.5,0.34,0.0
2016-03-11,12.1,83,0.74,13.2,0.366,14.2
2016-03-12,12.2,76,0.95,13.7,0.393,2.1
2016-03-13,12.2,83,0.54,12.9,0.393,7.4
2016-03-14,13.8,75,0.94,14.3,0.387,0.4
2016-03-15,12.0,68,1.15,13.5,0.36,0.0
2016-03-16,14.0,65,1.23,14.2,0.341,0.0
2016-03-17,15.6,73,1.59,15.7,0.326,0.0
2016-03-18,16.7,73,1.65,16.5,0.312,0.0
2016-03-19,16.7,74,1.53,17.1,0.3,0.0
2016-03-20,17.6,73,1.56,17.8,0.288,0.0
2016-03-21,15.1,77,0.94,16.1,0.288,0.8
2016-03-22,12.9,61,1.17,14.8,0.289,0.2
2016-03-23,12.8,57,1.38,14.6,0.274,0.0
2016-03-24,14.7,60,1.52,15.3,0.261,0.0
2016-03-25,15.5,68,1.47,16.3,0.249,0.0
2016-03-26,16.4,57,1.83,16.8,0.237,0.0
2016-03-27,16.9,62,1.91,17.5,0.225,0.0
2016-03-28,12.8,46,1.21,15.6,0.219,1.1
2016-03-29,12.0,49,1.35,14.2,0.218,0.0
2016-03-30,13.4,49,1.64,14.6,0.209,0.0
2016-03-31,15.5,55,1.7,16.4,0.199,0.0
2016-04-01,17.3,57,2.06,18.1,0.19,0.0
2016-04-02,19.1,58,2.79,19.6,0.182,0.0
2016-04-03,20.4,53,2.79,20.4,0.174,0.0
2016-04-04,20.0,48,3.0,21.0,0.166,0.0
2016-04-05,19.8,46,3.03,21.0,0.159,0.0
2016-04-06,22.6,42,4.3,22.4,0.152,0.0
2016-04-07,22.6,43,3.08,22.7,0.147,0.0
2016-04-08,19.5,62,1.95,21.6,0.151,4.6
2016-04-09,16.0,82,0.8,18.3,0.354,29.2
2016-04-10,16.0,74,1.04,17.8,0.335,0.0
2016-04-11,16.7,69,1.36,18.1,0.31,0.0
2016-04-12,17.0,69,1.36,18.2,0.291,0.0
2016-04-13,16.4,59,1.65,18.3,0.27,0.0
2016-04-14,15.3,52,1.74,17.1,0.251,0.0
2016-04-15,15.4,47,1.94,17.1,0.232,0.0
2016-04-16,17.5,43,2.49,18.3,0.216,0.0
2016-04-17,20.9,41,3.67,20.2,0.203,0.0
2016-04-18,22.8,38,3.86,21.9,0.19,0.0
2016-04-19,23.4,38,4.02,22.8,0.178,0.0
2016-04-20,23.4,28,3.89,22.9,0.169,0.0
2016-04-21,21.5,40,3.7,22.9,0.16,0.0
2016-04-22,17.5,61,2.1,20.6,0.177,7.6
2016-04-23,15.9,55,1.76,18.6,0.223,0.0
2016-04-24,16.6,55,2.01,18.9,0.203,0.0
2016-04-25,14.8,42,1.8,18.0,0.187,0.0
2016-04-26,16.6,38,2.16,18.5,0.175,0.0
2016-04-27,15.6,53,1.99,19.0,0.17,1.4
2016-04-28,16.0,59,1.88,18.5,0.178,0.0
2016-04-29,18.3,51,2.55,20.5,0.168,0.0
2016-04-30,19.6,41,2.71,21.8,0.157,0.0
2016-05-01,21.4,40,3.35,22.8,0.149,0.3
2016-05-02,23.5,32,3.77,24.9,0.145,0.0
2016-05-03,23.3,38,3.6,24.4,0.138,0.0
2016-05-04,23.1,43,2.88,24.6,0.135,0.0
2016-05-05,18.3,63,1.59,22.6,0.157,8.9
2016-05-06,16.7,71,1.4,19.8,0.278,2.0
2016-05-07,17.6,63,1.46,19.6,0.259,0.0
2016-05-08,18.1,62,1.62,19.9,0.236,0.0
2016-05-09,21.3,54,2.53,22.4,0.214,0.0
2016-05-10,22.3,53,3.24,24.2,0.19,0.0
2016-05-11,24.6,50,3.73,25.9,0.172,0.0
2016-05-12,26.8,41,4.85,28.1,0.157,0.0
2016-05-13,25.8,44,4.08,28.6,0.146,0.2
2016-05-14,21.7,42,3.01,25.8,0.14,0.0
2016-05-15,21.4,49,2.93,25.4,0.136,0.0
2016-05-16,22.7,42,3.32,26.1,0.133,0.0
2016-05-17,25.2,34,4.03,28.0,0.13,0.0
2016-05-18,27.4,30,4.89,29.4,0.129,0.0
2016-05-19,25.8,28,4.56,29.1,0.128,0.0
2016-05-20,17.8,37,2.45,24.4,0.127,0.0
2016-05-21,16.8,45,2.32,22.6,0.126,0.0
2016-05-22,18.4,43,2.58,23.6,0.127,0.0
2016-05-23,19.1,43,2.63,23.9,0.126,0.0
2016-05-24,19.3,48,2.34,23.8,0.131,0.7
2016-05-25,20.3,46,2.59,24.2,0.131,0.1
2016-05-26,21.9,43,3.05,26.0,0.13,0.0
2016-05-27,24.8,39,3.93,28.0,0.128,0.0
2016-05-28,26.6,32,4.33,29.6,0.126,0.0
2016-05-29,27.9,28,4.93,30.4,0.126,0.0
2016-05-30,28.4,28,5.37,31.3,0.125,0.0
2016-05-31,30.5,26,6.04,33.1,0.125,0.0
2016-06-01,31.6,23,6.65,34.1,0.124,0.0
2016-06-02,31.2,21,6.57,34.4,0.124,0.0
2016-06-03,31.6,20,6.82,34.7,0.124,0.0
2016-06-04,32.8,20,7.37,35.1,0.124,0.0
2016-06-05,31.5,25,6.36,34.8,0.124,0.0
2016-06-06,31.1,24,6.13,35.0,0.124,0.0
2016-06-07,30.7,31,5.69,34.6,0.124,0.0
2016-06-08,28.2,33,5.29,32.8,0.124,0.0
2016-06-09,26.7,31,4.58,31.6,0.124,0.0
2016-06-10,26.0,29,4.1,30.2,0.124,0.0
2016-06-11,25.4,27,3.64,29.1,0.124,0.0
2016-06-12,26.0,36,3.63,29.8,0.129,0.3
2016-06-13,26.8,33,4.52,31.1,0.127,0.0
2016-06-14,23.3,29,3.94,29.0,0.126,0.0
2016-06-15,20.1,33,2.98,26.7,0.125,0.0
2016-06-16,21.5,34,3.37,27.1,0.125,0.0
2016-06-17,25.1,34,3.92,29.8,0.125,0.0
2016-06-18,25.6,40,4.0,30.3,0.124,0.0
2016-06-19,28.8,28,5.73,32.4,0.124,0.0
2016-06-20,31.2,21,6.44,34.0,0.124,0.0
2016-06-21,32.1,14,7.17,35.1,0.124,0.0
2016-06-22,31.7,18,6.77,35.1,0.124,0.0
2016-06-23,29.5,19,6.19,33.6,0.124,0.0
2016-06-24,28.3,26,5.31,32.8,0.124,0.0
2016-06-25,29.6,25,6.1,33.6,0.124,0.0
2016-06-26,31.6,21,7.08,35.0,0.124,0.0
2016-06-27,32.7,23,7.37,35.9,0.124,0.0
2016-06-28,33.5,22,7.17,37.1,0.123,0.0
2016-06-29,33.0,22,7.17,37.2,0.123,0.0
2016-06-30,30.7,27,6.22,35.7,0.123,0.0
2016-07-01,32.3,29,6.45,37.0,0.123,0.0
2016-07-02,32.2,28,5.93,37.0,0.123,0.0
2016-07-03,31.4,28,6.13,36.5,0.123,0.0
2016-07-04,30.7,28,5.92,35.8,0.123,0.0
2016-07-05,29.9,28,5.66,35.3,0.123,0.0
2016-07-06,28.2,30,5.22,34.0,0.123,0.0
2016-07-07,27.6,32,4.79,33.3,0.123,0.0
2016-07-08,27.9,33,4.68,33.2,0.123,0.0
2016-07-09,28.2,36,4.72,33.1,0.123,0.0
2016-07-10,25.7,29,4.46,31.4,0.123,0.0
2016-07-11,27.1,27,5.07,32.0,0.123,0.0
2016-07-12,28.4,25,5.46,32.8,0.123,0.0
2016-07-13,29.8,25,6.03,34.1,0.123,0.0
2016-07-14,32.1,23,7.0,35.9,0.123,0.0
2016-07-15,32.2,23,6.71,36.6,0.123,0.0
2016-07-16,31.9,26,5.95,36.8,0.123,0.0
2016-07-17,30.5,28,5.72,36.3,0.123,0.0
2016-07-18,27.8,30,5.03,33.9,0.123,0.0
2016-07-19,27.9,32,5.12,33.3,0.123,0.0
2016-07-20,29.3,26,5.7,34.0,0.123,0.0
2016-07-21,30.2,24,6.01,34.5,0.123,0.0
2016-07-22,29.8,22,6.45,34.3,0.123,0.0
2016-07-23,30.8,21,6.84,34.8,0.123,0.0
2016-07-24,32.6,21,7.3,36.4,0.123,0.0
2016-07-25,33.5,21,7.09,37.0,0.123,0.0
2016-07-26,33.7,24,7.39,37.7,0.123,0.0
2016-07-27,34.9,21,7.93,38.7,0.123,0.0
2016-07-28,35.0,19,7.4,39.2,0.123,0.0
2016-07-29,35.2,21,7.89,39.3,0.123,0.0
2016-07-30,35.0,22,7.71,39.6,0.123,0.0
2016-07-31,33.6,27,6.37,38.7,0.123,0.0
2016-08-01,32.2,31,6.04,37.7,0.123,0.0
2016-08-02,31.4,29,5.84,36.8,0.123,0.0
2016-08-03,31.5,26,6.69,36.3,0.123,0.0
2016-08-04,29.9,26,5.85,35.3,0.122,0.0
2016-08-05,27.3,34,4.67,33.6,0.122,0.0
2016-08-06,28.1,35,5.17,33.6,0.123,0.0
2016-08-07,27.8,28,5.36,33.0,0.123,0.0
2016-08-08,28.6,27,5.65,33.5,0.123,0.0
2016-08-09,28.6,29,5.16,34.0,0.122,0.0
2016-08-10,29.6,29,5.5,34.3,0.122,0.0
2016-08-11,29.8,30,5.63,34.4,0.122,0.0
2016-08-12,30.7,30,6.24,35.2,0.122,0.0
2016-08-13,32.0,24,6.85,35.9,0.122,0.0
2016-08-14,33.1,21,7.23,37.1,0.122,0.0
2016-08-15,31.8,26,5.99,36.6,0.122,0.0
2016-08-16,31.1,29,6.05,36.1,0.122,0.0
2016-08-17,31.7,26,6.42,36.3,0.122,0.0
2016-08-18,32.2,27,6.37,36.5,0.122,0.0
2016-08-19,31.3,31,5.95,36.3,0.122,0.0
2016-08-20,30.8,30,5.72,35.7,0.122,0.0
2016-08-21,30.5,28,5.49,35.1,0.122,0.0
2016-08-22,29.5,30,5.15,34.7,0.122,0.0
2016-08-23,29.6,30,5.3,34.2,0.122,0.0
2016-08-24,29.0,30,5.34,33.7,0.122,0.0
2016-08-25,28.3,30,5.29,33.3,0.122,0.0
2016-08-26,27.6,38,4.46,33.0,0.122,0.0
2016-08-27,26.6,43,4.11,32.3,0.122,0.0
2016-08-28,27.6,40,4.71,32.3,0.122,0.0
2016-08-29,27.9,37,5.21,32.3,0.122,0.0
2016-08-30,28.0,33,5.32,32.2,0.122,0.0
2016-08-31,27.8,35,4.68,32.2,0.122,0.0
2016-09-01,26.8,34,4.54,31.6,0.122,0.0
2016-09-02,27.2,33,4.71,31.8,0.122,0.0
2016-09-03,25.9,34,4.3,31.2,0.122,0.0
2016-09-04,22.2,38,3.41,28.4,0.122,0.0
2016-09-05,23.5,41,3.49,28.5,0.122,0.0
2016-09-06,26.4,29,4.83,30.0,0.122,0.0
2016-09-07,28.2,23,5.55,31.4,0.122,0.0
2016-09-08,28.0,29,5.12,31.6,0.122,0.0
2016-09-09,27.8,36,5.04,31.8,0.122,0.0
2016-09-10,28.8,33,5.26,32.6,0.122,0.0
2016-09-11,28.3,32,4.86,32.4,0.122,0.0
2016-09-12,25.6,36,3.93,31.0,0.122,0.0
2016-09-13,19.7,39,2.59,26.9,0.122,0.0
2016-09-14,22.1,31,3.23,26.4,0.122,0.0
2016-09-15,23.8,37,3.93,27.8,0.122,0.0
2016-09-16,25.2,35,4.5,28.7,0.122,0.0
2016-09-17,27.1,29,5.37,30.2,0.122,0.0
2016-09-18,29.1,22,6.08,31.3,0.122,0.0
2016-09-19,30.9,19,7.12,32.4,0.122,0.0
2016-09-20,29.3,30,5.11,32.7,0.122,0.0
2016-09-21,26.3,25,4.4,30.2,0.122,0.0
2016-09-22,19.3,37,2.35,25.3,0.122,0.0
2016-09-23,20.9,34,3.0,25.4,0.122,0.0
2016-09-24,22.8,29,3.66,26.4,0.122,0.0
2016-09-25,26.6,26,5.52,28.3,0.122,0.0
2016-09-26,27.9,20,6.06,29.7,0.122,0.0
2016-09-27,28.4,19,6.07,30.3,0.122,0.0
2016-09-28,28.8,19,5.89,30.6,0.122,0.0
2016-09-29,28.0,27,4.93,30.6,0.122,0.0
2016-09-30,24.9,32,4.13,29.1,0.122,0.0
2016-10-01,20.3,34,2.82,25.6,0.122,0.0
2016-10-02,18.8,40,2.31,23.5,0.122,0.0
2016-10-03,16.8,49,1.73,21.0,0.122,0.0
2016-10-04,17.9,46,2.1,21.5,0.123,0.0
2016-10-05,18.5,43,2.61,22.0,0.123,0.0
2016-10-06,19.6,33,2.96,22.5,0.123,0.0
2016-10-07,21.2,32,3.7,23.6,0.123,0.0
2016-10-08,23.2,27,4.52,25.2,0.123,0.0
2016-10-09,24.9,20,4.94,25.8,0.123,0.0
2016-10-10,24.1,26,4.12,25.9,0.123,0.0
2016-10-11,21.4,45,2.99,24.8,0.123,0.0
2016-10-12,20.6,46,2.81,24.3,0.123,0.0
2016-10-13,20.7,45,2.87,23.8,0.123,0.0
2016-10-14,22.3,39,3.2,24.4,0.123,0.1
2016-10-15,22.8,54,2.39,25.4,0.125,0.0
2016-10-16,21.2,65,2.03,23.4,0.13,1.9
2016-10-17,19.2,60,2.07,21.9,0.145,0.8
2016-10-18,17.4,55,2.14,20.5,0.143,0.0
2016-10-19,17.7,42,2.45,20.4,0.14,0.0
2016-10-20,19.8,41,3.16,21.6,0.136,0.0
2016-10-21,21.2,44,3.51,22.8,0.133,0.0
2016-10-22,22.0,43,3.74,23.7,0.131,0.0
2016-10-23,22.4,37,3.92,23.7,0.13,0.0
2016-10-24,20.5,51,2.21,22.9,0.129,0.1
2016-10-25,19.8,48,2.66,21.9,0.129,0.0
2016-10-26,21.5,40,3.29,22.8,0.128,0.0
2016-10-27,20.6,45,2.32,21.8,0.129,0.5
2016-10-28,18.4,85,0.85,20.7,0.324,21.9
2016-10-29,19.4,73,1.67,20.7,0.3,0.0
2016-10-30,17.7,77,1.21,19.1,0.334,12.8
2016-10-31,15.8,69,1.34,17.4,0.313,0.0
2016-11-01,15.9,63,1.18,17.3,0.282,0.0
2016-11-02,15.1,69,1.58,16.9,0.262,0.0
2016-11-03,16.1,66,1.91,17.0,0.246,0.0
2016-11-04,17.6,64,2.13,17.7,0.232,0.0
2016-11-05,17.5,61,2.32,18.0,0.22,0.0
2016-11-06,16.3,73,1.37,17.8,0.209,0.0
2016-11-07,17.8,69,1.69,18.3,0.202,0.0
2016-11-08,18.5,68,2.33,18.9,0.194,0.0
2016-11-09,18.7,66,2.51,19.3,0.186,0.0
2016-11-10,19.9,57,2.96,19.6,0.179,0.0
2016-11-11,20.2,48,3.37,19.6,0.173,0.0
2016-11-12,19.7,45,2.68,19.7,0.167,0.0
2016-11-13,18.0,60,2.35,18.8,0.162,0.0
2016-11-14,18.0,51,2.6,18.1,0.158,0.0
2016-11-15,16.5,62,1.87,17.5,0.155,0.0
2016-11-16,14.4,52,1.45,16.7,0.152,0.0
2016-11-17,11.2,51,1.43,14.2,0.149,0.0
2016-11-18,12.8,42,2.3,14.1,0.147,0.0
2016-11-19,14.6,42,2.51,15.0,0.144,0.0
2016-11-20,13.2,63,1.18,14.2,0.166,7.4
2016-11-21,13.4,79,0.87,14.9,0.324,8.6
2016-11-22,12.1,73,1.03,13.5,0.296,0.0
2016-11-23,11.5,66,1.19,12.4,0.279,0.8
2016-11-24,10.3,67,1.12,11.6,0.263,0.0
2016-11-25,10.2,65,1.42,11.2,0.249,0.0
2016-11-26,9.5,69,1.01,10.6,0.272,9.6
2016-11-27,9.9,78,0.82,11.5,0.368,10.3
2016-11-28,9.0,77,0.39,10.6,0.333,0.5
2016-11-29,9.3,78,0.69,11.1,0.31,0.0
2016-11-30,9.0,74,0.8,10.2,0.294,0.0
2016-12-01,9.0,74,0.73,10.7,0.281,0.0
2016-12-02,8.0,61,0.87,9.2,0.272,0.0
2016-12-03,7.1,60,0.98,8.6,0.263,0.0
2016-12-04,9.1,63,1.07,9.1,0.255,0.0
2016-12-05,8.3,84,0.56,9.1,0.25,0.0
2016-12-06,8.0,80,0.7,9.2,0.246,0.0
2016-12-07,7.1,66,0.81,8.6,0.242,0.8
2016-12-08,9.3,82,0.31,9.5,0.288,4.6
2016-12-09,13.3,88,0.53,12.7,0.296,0.1
2016-12-10,14.5,90,0.58,14.1,0.328,9.6
2016-12-11,13.9,78,0.87,14.5,0.35,1.0
2016-12-12,11.4,70,0.9,12.9,0.318,0.0
2016-12-13,11.7,67,1.09,12.1,0.301,0.0
2016-12-14,12.4,69,1.39,12.3,0.289,0.0
2016-12-15,12.7,88,0.36,12.3,0.338,26.2
2016-12-16,10.9,70,0.84,12.1,0.405,21.3
2016-12-17,5.6,68,0.65,8.3,0.377,0.0
2016-12-18,4.4,71,0.58,6.3,0.362,0.0
2016-12-19,5.4,72,0.7,6.2,0.351,0.0
2016-12-20,5.5,78,0.64,6.5,0.341,0.0
2016-12-21,7.0,78,0.78,7.1,0.334,0.0
2016-12-22,7.7,78,0.81,7.8,0.327,0.0
2016-12-23,7.6,87,0.31,7.5,0.366,20.2
2016-12-24,6.6,80,0.5,8.0,0.394,1.8
2016-12-25,5.0,77,0.51,6.2,0.37,0.0
2016-12-26,5.4,69,0.76,6.3,0.357,0.0
2016-12-27,5.6,74,0.67,6.3,0.346,0.0
2016-12-28,6.2,78,0.64,6.5,0.338,0.0
2016-12-29,7.3,81,0.85,7.2,0.33,0.0
2016-12-30,7.6,86,0.44,7.6,0.332,1.4
2016-12-31,7.2,93,0.11,7.9,0.376,10.2
2017-01-01,6.6,85,0.34,8.2,0.362,0.0
2017-01-02,7.6,74,0.62,8.5,0.34,0.3
2017-01-03,8.5,74,0.55,8.5,0.335,4.0
2017-01-04,12.0,86,0.28,10.6,0.409,16.8
2017-01-05,10.1,83,0.46,11.3,0.4,2.6
2017-01-06,4.5,77,0.6,7.4,0.372,0.0
2017-01-07,10.5,85,0.32,9.4,0.415,21.1
2017-01-08,15.6,82,0.92,13.3,0.423,18.3
2017-01-09,13.6,79,0.75,13.6,0.412,7.5
2017-01-10,11.7,84,0.35,12.2,0.413,14.2
2017-01-11,11.5,86,0.45,12.3,0.416,12.2
2017-01-12,9.3,87,0.44,11.4,0.422,9.4
2017-01-13,6.9,85,0.53,9.4,0.398,0.0
2017-01-14,4.6,92,0.3,8.3,0.379,0.0
2017-01-15,4.7,92,0.25,8.0,0.367,0.0
2017-01-16,5.3,84,0.46,8.4,0.358,0.0
2017-01-17,5.8,83,0.72,7.4,0.349,0.0
2017-01-18,8.1,78,0.59,8.0,0.366,9.6
2017-01-19,9.8,84,0.53,10.1,0.407,9.9
2017-01-20,8.9,85,0.44,9.8,0.425,20.5
2017-01-21,8.2,80,0.64,9.5,0.414,3.1
2017-01-22,10.3,81,0.44,9.9,0.42,11.9
2017-01-23,7.6,81,0.47,9.6,0.417,3.0
2017-01-24,5.8,80,0.67,8.0,0.394,0.1
2017-01-25,5.5,78,0.62,7.6,0.378,0.0
2017-01-26,5.6,83,0.66,7.5,0.368,0.0
2017-01-27,6.4,79,0.67,8.1,0.359,0.0
2017-01-28,6.1,76,0.75,7.9,0.351,0.0
2017-01-29,6.1,85,0.66,7.6,0.344,0.0
2017-01-30,6.6,87,0.71,8.5,0.338,0.0
2017-01-31,8.0,85,0.81,8.8,0.333,0.0
2017-02-01,10.8,76,1.22,10.1,0.326,0.0
2017-02-02,12.8,74,0.85,12.1,0.324,2.1
2017-02-03,13.8,86,0.57,13.2,0.392,15.0
2017-02-04,11.8,81,0.92,12.8,0.383,0.0
2017-02-05,10.6,82,0.63,11.4,0.367,2.7
2017-02-06,12.9,84,0.38,12.2,0.418,13.3
2017-02-07,14.5,87,0.33,13.2,0.429,27.1
2017-02-08,16.5,89,0.79,15.4,0.412,0.4
2017-02-09,15.6,85,0.5,14.7,0.396,2.6
2017-02-10,14.2,88,0.4,14.2,0.433,30.7
2017-02-11,10.8,80,0.74,12.8,0.405,0.0
2017-02-12,9.9,83,0.73,12.0,0.386,0.0
2017-02-13,10.1,83,0.79,12.0,0.375,0.0
2017-02-14,10.8,88,0.7,12.8,0.366,0.0
2017-02-15,12.9,81,1.14,13.1,0.358,0.0
2017-02-16,12.3,80,0.42,12.6,0.374,3.0
2017-02-17,11.8,82,0.46,11.7,0.419,16.8
2017-02-18,12.1,78,0.72,12.9,0.409,0.4
2017-02-19,10.8,73,0.68,12.7,0.395,4.1
2017-02-20,13.9,80,0.64,13.1,0.425,11.3
2017-02-21,14.3,75,1.07,14.4,0.417,4.2
2017-02-22,10.0,68,0.89,12.4,0.397,0.9
2017-02-23,6.5,68,0.78,9.7,0.38,0.7
2017-02-24,6.0,66,0.85,9.0,0.371,0.0
2017-02-25,6.6,71,0.76,8.8,0.36,0.0
2017-02-26,7.3,73,0.83,9.7,0.349,0.0
2017-02-27,8.5,73,0.67,10.5,0.349,0.9
2017-02-28,7.4,74,0.85,9.8,0.34,0.0
2017-03-01,8.1,78,0.94,10.2,0.327,0.0
2017-03-02,9.8,78,1.06,11.2,0.316,0.0
2017-03-03,10.9,74,1.42,11.8,0.305,0.0
2017-03-04,11.1,75,0.92,12.8,0.294,0.0
2017-03-05,8.3,76,0.76,10.9,0.339,8.4
2017-03-06,7.1,69,0.89,9.7,0.357,0.0
2017-03-07,9.1,74,0.83,10.6,0.331,0.0
2017-03-08,10.1,84,0.8,12.1,0.315,0.0
2017-03-09,12.6,84,0.87,13.6,0.302,0.0
2017-03-10,13.5,89,0.7,14.4,0.293,0.0
2017-03-11,14.8,87,0.91,15.2,0.29,0.0
2017-03-12,14.9,85,1.1,15.9,0.284,0.0
2017-03-13,16.1,80,1.38,16.3,0.273,0.0
2017-03-14,17.5,68,2.27,17.2,0.259,0.0
2017-03-15,19.1,60,2.45,18.3,0.247,0.0
2017-03-16,16.4,78,1.17,18.1,0.232,0.0
2017-03-17,16.6,78,1.57,18.0,0.224,0.0
2017-03-18,17.8,71,1.83,18.3,0.214,0.0
2017-03-19,16.2,70,1.39,17.6,0.206,0.0
2017-03-20,16.6,69,1.41,17.9,0.199,0.1
2017-03-21,15.7,81,0.7,16.7,0.305,17.3
2017-03-22,12.5,78,0.65,14.8,0.358,6.6
2017-03-23,11.2,72,0.93,13.7,0.331,0.0
2017-03-24,11.8,72,0.98,13.1,0.309,0.5
2017-03-25,12.7,78,0.83,14.2,0.334,5.8
2017-03-26,11.6,81,0.78,13.5,0.311,0.0
2017-03-27,13.0,69,1.12,14.5,0.304,3.2
2017-03-28,12.1,72,1.11,14.9,0.277,0.0
2017-03-29,13.9,76,1.33,16.0,0.257,0.0
2017-03-30,14.2,62,1.3,15.8,0.24,0.3
2017-03-31,12.6,48,1.33,15.5,0.221,0.0
2017-04-01,14.5,64,1.68,16.4,0.205,0.0
2017-04-02,16.5,68,1.88,17.9,0.187,0.0
2017-04-03,16.7,61,1.88,18.3,0.17,0.0
2017-04-04,16.0,56,2.09,18.4,0.154,0.0
2017-04-05,18.5,55,2.78,19.4,0.143,0.0
2017-04-06,18.2,40,2.44,18.8,0.137,0.0
2017-04-07,14.6,74,1.24,16.4,0.23,15.9
2017-04-08,11.9,71,0.98,15.1,0.27,5.3
2017-04-09,10.4,62,1.31,14.2,0.268,0.0
2017-04-10,12.7,58,1.56,15.4,0.237,0.0
2017-04-11,14.4,65,1.84,16.0,0.215,0.3
2017-04-12,17.1,59,1.98,17.3,0.201,0.0
2017-04-13,13.5,71,0.77,16.1,0.233,7.9
2017-04-14,12.1,56,1.43,15.2,0.241,0.0
2017-04-15,12.7,60,1.53,16.2,0.212,0.0
2017-04-16,15.9,65,1.99,16.9,0.19,1.3
2017-04-17,16.6,73,1.05,17.3,0.196,1.9
2017-04-18,15.3,83,0.85,17.3,0.241,4.4
2017-04-19,15.7,66,1.56,17.8,0.268,0.0
2017-04-20,16.2,56,1.76,17.9,0.231,0.0
2017-04-21,15.8,62,1.8,18.8,0.201,0.0
2017-04-22,18.3,61,2.23,20.1,0.182,0.0
2017-04-23,17.3,52,2.0,20.4,0.162,0.0
2017-04-24,15.6,58,1.63,19.0,0.147,0.0
2017-04-25,16.3,57,1.94,19.4,0.138,0.0
2017-04-26,17.4,69,1.54,20.0,0.131,0.0
2017-04-27,18.2,57,2.2,20.8,0.127,0.0
2017-04-28,17.7,43,2.59,20.8,0.122,0.0
2017-04-29,17.8,45,2.57,22.1,0.117,0.0
2017-04-30,20.7,43,3.11,23.7,0.111,0.0
2017-05-01,22.4,49,3.28,25.8,0.111,0.0
2017-05-02,24.0,47,3.49,27.1,0.11,0.0
2017-05-03,26.3,48,4.23,29.3,0.106,0.0
2017-05-04,27.3,46,4.76,30.0,0.112,1.6
2017-05-05,23.4,42,3.2,27.8,0.119,0.0
2017-05-06,15.9,45,1.83,23.4,0.118,0.8
2017-05-07,15.3,58,1.71,20.9,0.148,1.4
2017-05-08,18.9,50,2.23,23.2,0.145,0.0
2017-05-09,22.1,51,3.03,25.7,0.131,0.0
2017-05-10,22.1,49,2.79,26.8,0.122,0.0
2017-05-11,20.8,51,2.54,26.5,0.116,0.0
2017-05-12,17.0,43,2.09,22.7,0.114,0.0
2017-05-13,16.3,38,2.36,21.9,0.113,0.0
2017-05-14,16.7,41,2.23,22.4,0.113,0.0
2017-05-15,16.1,51,1.97,21.7,0.112,0.2
2017-05-16,17.1,52,2.14,22.9,0.112,0.0
2017-05-17,18.3,47,2.66,22.8,0.112,0.0
2017-05-18,20.1,37,3.11,24.7,0.111,0.0
2017-05-19,22.9,35,3.92,27.0,0.11,0.0
2017-05-20,25.2,33,4.3,28.9,0.113,0.0
2017-05-21,27.1,32,5.06,30.1,0.117,0.0
2017-05-22,27.6,30,5.18,30.5,0.118,0.0
2017-05-23,29.1,34,5.66,32.0,0.116,0.0
2017-05-24,27.2,32,4.44,31.6,0.114,0.0
2017-05-25,21.6,40,2.92,28.8,0.113,0.0
2017-05-26,19.2,54,2.26,26.9,0.114,0.0
2017-05-27,21.3,54,2.6,27.0,0.114,0.0
2017-05-28,24.2,47,3.6,28.7,0.11,0.0
2017-05-29,25.2,43,4.12,29.5,0.109,0.0
2017-05-30,24.1,39,3.8,29.2,0.112,0.0
2017-05-31,19.6,52,1.66,24.8,0.119,0.9
2017-06-01,22.8,51,3.01,27.1,0.119,0.0
2017-06-02,25.4,44,4.0,29.7,0.114,0.0
2017-06-03,28.1,37,4.95,31.5,0.113,0.0
2017-06-04,27.4,23,4.92,31.6,0.111,0.0
2017-06-05,25.5,25,4.75,30.5,0.107,0.0
2017-06-06,27.2,28,5.18,31.2,0.106,0.0
2017-06-07,26.3,29,4.84,31.4,0.105,0.0
2017-06-08,23.2,35,3.5,29.5,0.106,0.0
2017-06-09,22.5,49,2.42,28.1,0.109,0.0
2017-06-10,20.0,38,2.77,26.7,0.108,0.0
2017-06-11,17.6,41,2.33,25.4,0.108,0.0
2017-06-12,17.8,46,2.48,24.7,0.108,0.0
2017-06-13,21.1,44,3.11,26.5,0.107,0.0
2017-06-14,25.2,37,4.2,29.1,0.108,0.0
2017-06-15,27.5,31,4.93,30.5,0.107,0.0
2017-06-16,28.3,40,4.61,32.3,0.108,0.0
2017-06-17,31.1,37,5.47,33.8,0.111,0.0
2017-06-18,32.8,32,5.95,35.3,0.114,0.0
2017-06-19,34.2,34,6.53,36.7,0.114,0.0
2017-06-20,34.6,32,7.13,37.5,0.113,0.0
2017-06-21,32.9,34,6.39,36.7,0.114,0.0
2017-06-22,34.0,36,6.76,36.7,0.116,0.0
2017-06-23,33.2,32,6.32,36.7,0.115,0.0
2017-06-24,31.3,35,5.44,35.6,0.117,0.0
2017-06-25,31.4,36,5.32,35.7,0.118,0.0
2017-06-26,28.7,31,5.16,34.2,0.116,0.0
2017-06-27,26.5,40,4.39,32.6,0.113,0.0
2017-06-28,26.5,38,4.53,32.0,0.114,0.0
2017-06-29,27.4,35,5.08,32.2,0.113,0.0
2017-06-30,27.3,34,4.73,32.2,0.112,0.0
2017-07-01,26.6,35,4.43,32.1,0.113,0.0
2017-07-02,27.5,39,4.92,33.0,0.112,0.0
2017-07-03,28.9,38,5.1,34.0,0.109,0.0
2017-07-04,30.0,33,6.02,34.9,0.105,0.0
2017-07-05,30.1,30,5.79,34.6,0.106,0.0
2017-07-06,31.1,29,6.23,35.1,0.11,0.0
2017-07-07,32.8,24,6.67,35.4,0.117,0.0
2017-07-08,32.9,23,6.84,35.7,0.119,0.0
2017-07-09,32.4,21,6.86,35.7,0.12,0.0
2017-07-10,32.1,28,6.46,35.6,0.118,0.0
2017-07-11,31.2,30,6.07,35.5,0.116,0.0
2017-07-12,30.2,29,5.65,35.0,0.115,0.0
2017-07-13,30.1,33,5.6,34.9,0.116,0.0
2017-07-14,30.6,31,5.9,34.7,0.117,0.0
2017-07-15,30.6,28,5.88,34.1,0.118,0.0
2017-07-16,31.6,30,6.07,34.4,0.117,0.0
2017-07-17,32.3,24,6.92,34.9,0.116,0.0
2017-07-18,31.0,19,5.89,34.4,0.113,0.0
2017-07-19,28.5,26,5.36,33.5,0.114,0.0
2017-07-20,27.7,31,5.04,32.8,0.114,0.0
2017-07-21,27.9,32,5.11,32.7,0.114,0.0
2017-07-22,29.4,31,5.63,33.7,0.112,0.0
2017-07-23,31.5,28,6.46,34.8,0.115,0.0
2017-07-24,30.4,28,5.53,34.7,0.114,0.0
2017-07-25,28.4,35,5.06,34.3,0.106,0.0
2017-07-26,29.3,36,5.03,34.4,0.101,0.0
2017-07-27,30.8,29,5.79,34.9,0.101,0.0
2017-07-28,31.6,25,6.51,35.4,0.1,0.0
2017-07-29,31.3,25,6.32,35.6,0.099,0.0
2017-07-30,30.6,30,6.07,35.3,0.099,0.0
2017-07-31,31.5,24,6.3,35.3,0.099,0.0
2017-08-01,32.1,27,6.13,36.0,0.099,0.0
2017-08-02,34.0,30,7.05,37.1,0.099,0.0
2017-08-03,33.0,23,6.24,36.2,0.1,0.4
2017-08-04,31.6,31,5.07,35.4,0.104,0.0
2017-08-05,31.6,34,5.23,35.7,0.105,0.0
2017-08-06,30.2,34,4.84,35.2,0.106,0.0
2017-08-07,28.8,30,4.85,34.4,0.106,0.0
2017-08-08,28.7,36,5.04,33.9,0.105,0.0
2017-08-09,28.7,41,4.82,34.0,0.106,0.0
2017-08-10,28.4,43,4.84,33.8,0.105,0.0
2017-08-11,29.4,38,5.58,33.9,0.107,0.0
2017-08-12,29.6,36,5.68,34.0,0.111,0.0
2017-08-13,28.7,31,5.61,33.7,0.109,0.0
2017-08-14,26.2,46,3.77,32.8,0.105,0.0
2017-08-15,23.8,51,2.97,31.3,0.104,0.0
2017-08-16,25.1,47,3.55,31.4,0.103,0.0
2017-08-17,28.4,42,4.27,33.2,0.101,0.0
2017-08-18,29.9,38,4.66,34.3,0.1,0.0
2017-08-19,30.1,39,4.86,35.2,0.1,0.0
2017-08-20,28.6,41,4.25,34.4,0.099,0.0
2017-08-21,28.1,43,3.93,33.5,0.099,0.0
2017-08-22,28.1,43,4.45,33.3,0.099,0.0
2017-08-23,28.8,41,4.56,33.4,0.101,0.0
2017-08-24,28.7,38,4.83,33.5,0.101,0.0
2017-08-25,29.7,33,5.6,33.6,0.1,0.0
2017-08-26,31.2,29,6.06,34.5,0.1,0.0
2017-08-27,31.6,31,6.09,34.6,0.106,0.0
2017-08-28,32.4,31,6.77,34.9,0.113,0.0
2017-08-29,32.7,36,6.4,35.2,0.116,0.0
2017-08-30,31.5,29,5.83,34.8,0.119,0.0
2017-08-31,30.0,30,5.69,33.2,0.121,0.0
2017-09-01,31.6,34,6.38,33.7,0.123,0.0
2017-09-02,33.2,35,7.05,34.9,0.118,0.0
2017-09-03,32.9,34,6.45,35.2,0.118,0.0
2017-09-04,31.6,45,4.53,34.6,0.125,0.0
2017-09-05,30.1,49,3.93,34.8,0.118,0.0
2017-09-06,29.5,49,4.39,34.5,0.115,0.0
2017-09-07,26.9,49,3.58,32.7,0.11,0.0
2017-09-08,25.6,56,3.36,31.6,0.113,0.2
2017-09-09,27.1,49,3.97,31.8,0.112,0.0
2017-09-10,29.1,39,5.09,32.3,0.116,0.0
2017-09-11,29.1,44,4.26,32.2,0.121,0.3
2017-09-12,28.3,48,4.33,31.8,0.12,0.0
2017-09-13,25.6,54,2.97,31.0,0.116,0.0
2017-09-14,22.8,58,2.32,28.4,0.117,0.0
2017-09-15,22.0,47,2.84,27.7,0.117,0.0
2017-09-16,23.6,51,3.02,28.2,0.115,0.0
2017-09-17,24.7,35,3.99,28.9,0.112,0.0
2017-09-18,23.4,44,3.23,28.0,0.108,0.0
2017-09-19,21.1,44,2.57,26.8,0.105,0.0
2017-09-20,21.5,45,2.5,26.3,0.107,0.0
2017-09-21,18.4,51,1.99,24.5,0.135,4.1
2017-09-22,17.2,50,2.14,22.8,0.14,0.0
2017-09-23,18.0,45,2.53,22.9,0.132,0.0
2017-09-24,19.6,36,2.95,23.3,0.124,0.0
2017-09-25,20.8,37,3.31,24.0,0.12,0.0
2017-09-26,21.9,35,3.81,25.1,0.118,0.0
2017-09-27,23.7,32,4.42,26.1,0.116,0.0
2017-09-28,24.0,34,4.4,26.5,0.116,0.0
2017-09-29,24.0,33,4.22,26.7,0.118,0.0
2017-09-30,22.3,51,2.75,26.3,0.116,0.0
2017-10-01,21.7,39,3.15,25.4,0.116,0.0
2017-10-02,18.6,28,2.65,23.5,0.117,0.0
2017-10-03,16.9,37,2.03,21.5,0.119,0.0
2017-10-04,17.7,40,2.7,21.6,0.116,0.0
2017-10-05,18.4,37,2.96,22.0,0.114,0.0
2017-10-06,19.2,36,3.3,22.3,0.116,0.0
2017-10-07,20.7,36,3.65,22.8,0.119,0.0
2017-10-08,20.4,42,2.91,23.0,0.118,0.0
2017-10-09,19.7,32,3.09,22.5,0.119,0.0
2017-10-10,19.9,34,3.55,22.2,0.118,0.0
2017-10-11,18.9,38,2.54,21.9,0.117,0.0
2017-10-12,15.7,31,2.03,20.1,0.124,0.0
2017-10-13,15.5,39,2.29,18.8,0.128,0.0
2017-10-14,15.8,47,2.43,19.1,0.128,0.0
2017-10-15,17.4,44,3.23,19.5,0.128,0.0
2017-10-16,18.4,40,3.1,19.7,0.127,0.0
2017-10-17,19.0,42,3.09,19.9,0.127,0.0
2017-10-18,18.7,47,2.61,20.5,0.126,0.0
2017-10-19,17.8,48,2.56,20.6,0.118,0.0
2017-10-20,16.1,58,1.66,19.8,0.139,1.9
2017-10-21,14.1,61,1.62,18.2,0.152,0.0
2017-10-22,15.5,61,1.78,18.5,0.147,0.0
2017-10-23,17.3,63,2.23,19.3,0.14,0.0
2017-10-24,19.7,56,3.04,20.4,0.134,0.0
2017-10-25,20.2,49,3.43,21.1,0.13,0.0
2017-10-26,20.7,50,3.28,21.3,0.126,0.0
2017-10-27,20.6,52,3.09,21.3,0.125,0.0
2017-10-28,20.6,53,3.06,21.6,0.128,0.0
2017-10-29,19.9,57,2.58,21.0,0.128,0.0
2017-10-30,17.9,63,1.83,21.0,0.122,0.0
2017-10-31,14.7,66,1.38,19.5,0.116,0.0
2017-11-01,15.5,66,1.52,18.9,0.114,0.0
2017-11-02,14.8,70,1.15,17.9,0.113,0.0
2017-11-03,16.5,57,1.47,18.5,0.113,0.0
2017-11-04,16.4,53,1.62,18.7,0.112,0.0
2017-11-05,12.8,53,1.11,17.4,0.111,0.0
2017-11-06,12.0,55,1.45,15.8,0.107,0.0
2017-11-07,12.8,52,1.72,15.4,0.105,0.0
2017-11-08,15.2,49,1.85,16.5,0.11,0.0
2017-11-09,17.3,67,1.37,18.8,0.108,0.0
2017-11-10,16.4,66,1.65,19.1,0.104,0.0
2017-11-11,14.6,74,1.25,17.8,0.102,0.0
2017-11-12,14.0,65,1.49,17.1,0.101,0.0
2017-11-13,14.3,60,1.74,16.6,0.098,0.0
2017-11-14,15.5,65,1.33,17.5,0.097,0.0
2017-11-15,15.9,61,1.82,17.4,0.097,0.0
2017-11-16,18.6,53,1.75,18.6,0.1,1.7
2017-11-17,14.6,69,1.15,17.3,0.201,11.6
2017-11-18,11.2,75,1.21,14.9,0.154,0.0
2017-11-19,11.1,72,1.39,14.3,0.15,0.0
2017-11-20,13.7,57,1.72,15.3,0.149,0.0
2017-11-21,14.6,61,1.32,16.3,0.145,0.0
2017-11-22,15.7,71,1.86,16.7,0.138,0.0
2017-11-23,16.0,76,1.63,17.2,0.133,0.0
2017-11-24,15.3,82,1.25,17.5,0.128,0.0
2017-11-25,16.3,71,2.03,17.3,0.126,0.0
2017-11-26,18.3,55,2.39,17.7,0.128,0.9
2017-11-27,12.7,71,1.02,16.3,0.329,21.9
2017-11-28,9.7,79,0.77,13.1,0.297,0.0
2017-11-29,9.0,84,0.76,12.3,0.27,0.0
2017-11-30,8.8,84,0.73,11.4,0.252,0.0
2017-12-01,8.8,84,0.78,11.4,0.237,0.0
2017-12-02,9.2,81,0.96,11.0,0.225,0.0
2017-12-03,10.8,67,1.08,11.9,0.215,0.0
2017-12-04,7.1,72,0.8,10.3,0.204,0.0
2017-12-05,7.6,64,1.13,9.5,0.195,0.0
2017-12-06,7.4,60,1.38,9.4,0.185,0.0
2017-12-07,8.2,61,1.28,9.1,0.178,0.0
2017-12-08,8.4,61,1.51,9.4,0.173,0.0
2017-12-09,8.5,66,1.35,9.4,0.167,0.0
2017-12-10,8.4,70,1.39,9.2,0.16,0.0
2017-12-11,8.1,74,1.21,9.5,0.151,0.0
2017-12-12,8.6,66,1.26,8.9,0.147,0.0
2017-12-13,7.6,74,1.05,8.5,0.144,0.0
2017-12-14,8.3,70,1.33,9.0,0.142,0.0
2017-12-15,9.4,55,1.69,9.6,0.14,0.0
2017-12-16,8.6,71,0.78,10.9,0.14,0.0
2017-12-17,7.7,69,1.13,10.0,0.135,0.0
2017-12-18,8.2,57,1.56,9.6,0.133,0.0
2017-12-19,9.1,52,1.69,9.3,0.134,0.0
2017-12-20,7.9,66,0.86,8.9,0.155,4.6
2017-12-21,4.6,71,0.84,7.5,0.155,0.0
2017-12-22,4.7,63,0.96,6.8,0.158,0.0
2017-12-23,7.5,57,1.22,8.2,0.157,0.0
2017-12-24,7.8,57,1.18,8.7,0.154,0.1
2017-12-25,8.4,57,1.2,9.2,0.159,0.0
2017-12-26,9.3,67,1.12,10.2,0.154,0.0
2017-12-27,7.9,81,0.77,9.1,0.147,0.0
2017-12-28,7.8,80,0.96,9.5,0.142,0.0
2017-12-29,8.8,71,1.35,9.3,0.134,0.0
2017-12-30,9.6,60,1.55,9.1,0.134,0.0
2017-12-31,11.2,56,1.77,10.4,0.134,0.0
2018-01-01,9.9,70,1.31,10.9,0.13,0.0
2018-01-02,10.7,65,1.44,11.0,0.129,0.0
2018-01-03,10.1,69,1.21,10.0,0.134,0.0
2018-01-04,13.6,74,1.28,12.6,0.199,4.9
2018-01-05,15.3,80,1.21,14.0,0.243,0.0
2018-01-06,14.0,88,0.53,14.4,0.233,0.7
2018-01-07,11.6,90,0.74,13.2,0.229,0.0
2018-01-08,13.3,86,0.39,12.9,0.287,13.2
2018-01-09,12.8,81,0.61,13.1,0.375,15.4
2018-01-10,11.1,84,0.37,12.2,0.333,0.0
2018-01-11,10.3,87,0.5,12.2,0.306,0.0
2018-01-12,8.5,93,0.31,10.8,0.292,0.2
2018-01-13,9.9,90,0.52,11.6,0.281,0.0
2018-01-14,10.6,80,1.24,11.5,0.269,0.0
2018-01-15,11.9,76,0.99,11.5,0.26,0.0
2018-01-16,11.2,79,0.92,11.5,0.256,0.2
2018-01-17,10.5,82,0.93,11.3,0.251,0.0
2018-01-18,11.5,78,1.15,11.9,0.243,0.0
2018-01-19,11.1,70,0.8,11.6,0.256,4.1
2018-01-20,7.2,74,0.7,9.5,0.249,0.0
2018-01-21,6.3,76,0.68,8.6,0.239,0.0
2018-01-22,8.4,69,0.86,9.6,0.232,0.0
2018-01-23,8.0,87,0.56,10.1,0.224,0.0
2018-01-24,9.7,71,1.42,9.7,0.218,0.0
2018-01-25,9.6,72,0.91,10.9,0.258,4.8
2018-01-26,7.2,77,0.83,9.6,0.251,0.0
2018-01-27,7.1,79,0.82,9.6,0.238,0.0
2018-01-28,8.2,80,0.95,10.2,0.226,0.0
2018-01-29,9.9,79,1.08,10.3,0.217,0.0
2018-01-30,10.2,83,1.12,11.7,0.211,0.0
2018-01-31,10.1,87,0.91,11.3,0.205,0.0
2018-02-01,12.0,78,1.15,12.1,0.196,0.0
2018-02-02,12.2,76,1.32,12.7,0.187,0.0
2018-02-03,13.5,76,1.36,13.4,0.178,0.0
2018-02-04,14.0,67,2.01,13.9,0.17,0.0
2018-02-05,13.1,80,1.35,14.1,0.164,0.0
2018-02-06,13.5,79,1.36,14.6,0.159,0.0
2018-02-07,14.8,62,2.24,15.2,0.152,0.0
2018-02-08,13.9,72,1.82,14.9,0.15,0.0
2018-02-09,14.4,65,1.84,15.0,0.147,0.0
2018-02-10,13.8,62,1.97,15.1,0.142,0.0
2018-02-11,12.3,51,1.9,14.0,0.133,0.0
2018-02-12,9.3,71,0.83,12.3,0.132,0.3
2018-02-13,10.0,58,1.55,12.0,0.134,0.0
2018-02-14,10.3,49,1.8,12.4,0.126,0.0
2018-02-15,10.7,54,1.58,13.0,0.121,0.0
2018-02-16,10.3,53,1.74,12.7,0.12,0.0
2018-02-17,11.5,46,1.97,13.6,0.119,0.0
2018-02-18,11.3,51,1.52,13.9,0.113,0.0
2018-02-19,6.7,47,1.03,11.1,0.118,1.5
2018-02-20,5.4,49,1.1,9.5,0.133,0.0
2018-02-21,7.3,39,1.3,10.2,0.136,0.0
2018-02-22,6.9,53,1.31,9.7,0.14,3.2
2018-02-23,6.4,63,1.08,9.7,0.154,0.6
2018-02-24,6.3,45,1.35,10.0,0.141,0.0
2018-02-25,8.0,53,1.34,11.7,0.134,0.0
2018-02-26,6.8,69,0.93,9.4,0.14,4.8
2018-02-27,6.6,79,0.51,9.5,0.233,3.9
2018-02-28,7.8,62,1.17,10.3,0.233,0.0
2018-03-01,9.9,75,0.47,10.1,0.274,17.0
2018-03-02,10.7,81,0.61,11.0,0.377,9.7
2018-03-03,9.2,71,0.95,11.2,0.37,8.9
2018-03-04,7.4,72,0.89,10.3,0.336,0.0
2018-03-05,7.8,72,1.13,10.4,0.301,0.0
2018-03-06,10.0,64,1.73,11.5,0.274,0.0
2018-03-07,12.0,62,1.56,11.9,0.254,0.0
2018-03-08,13.5,54,1.86,13.3,0.234,0.0
2018-03-09,15.0,76,1.21,15.5,0.215,0.0
2018-03-10,14.5,72,1.03,15.5,0.207,1.8
2018-03-11,13.6,82,1.13,15.0,0.22,0.0
2018-03-12,16.4,72,1.81,16.6,0.209,0.8
2018-03-13,16.3,84,0.81,16.7,0.311,20.9
2018-03-14,11.6,81,0.53,14.4,0.367,2.9
2018-03-15,10.8,62,1.21,13.4,0.333,0.0
2018-03-16,10.0,76,0.51,11.9,0.346,10.9
2018-03-17,8.2,74,0.8,11.0,0.38,6.7
2018-03-18,8.8,74,0.84,11.5,0.355,0.0
2018-03-19,10.9,68,1.4,12.8,0.325,0.0
2018-03-20,12.1,69,1.05,13.0,0.327,12.7
2018-03-21,14.7,88,0.44,14.0,0.414,25.8
2018-03-22,14.8,85,0.59,14.8,0.435,56.7
2018-03-23,10.7,61,1.02,13.5,0.395,0.0
2018-03-24,10.9,66,1.06,13.4,0.366,0.7
2018-03-25,10.1,58,1.0,12.9,0.346,0.0
2018-03-26,9.5,66,1.08,12.7,0.32,0.0
2018-03-27,11.2,67,1.38,13.7,0.299,0.0
2018-03-28,14.2,66,1.72,15.4,0.277,0.0
2018-03-29,16.7,69,1.82,17.3,0.259,0.0
2018-03-30,18.0,70,2.31,18.6,0.24,0.0
2018-03-31,18.2,72,2.01,19.0,0.23,0.0
2018-04-01,17.6,65,2.39,19.1,0.214,0.0
2018-04-02,17.3,63,1.84,19.0,0.193,0.0
2018-04-03,17.3,59,2.32,19.5,0.175,0.0
2018-04-04,18.4,49,2.54,20.1,0.159,0.0
2018-04-05,18.1,41,2.36,20.3,0.146,0.0
2018-04-06,15.3,74,0.96,17.4,0.154,4.2
2018-04-07,17.0,76,1.27,17.8,0.283,22.6
2018-04-08,15.3,57,1.73,17.6,0.246,0.0
2018-04-09,16.7,60,2.11,18.6,0.215,0.0
2018-04-10,19.9,52,2.8,20.7,0.192,0.0
2018-04-11,17.1,58,2.09,20.3,0.172,0.0
2018-04-12,12.7,51,1.51,17.4,0.175,1.0
2018-04-13,13.3,54,1.69,17.8,0.162,0.0
2018-04-14,16.7,52,2.78,19.8,0.146,0.0
2018-04-15,19.7,46,3.4,22.1,0.132,0.0
2018-04-16,12.0,58,1.49,18.0,0.139,2.9
2018-04-17,11.4,61,1.51,16.5,0.163,0.0
2018-04-18,13.0,59,1.58,16.9,0.154,0.0
2018-04-19,14.1,46,1.87,17.4,0.144,0.3
2018-04-20,16.1,54,2.23,19.7,0.135,0.0
2018-04-21,19.7,55,2.92,22.9,0.124,0.0
2018-04-22,22.1,49,3.81,25.7,0.113,0.0
2018-04-23,23.8,48,4.15,27.2,0.113,0.0
2018-04-24,23.8,41,4.09,27.6,0.113,0.0
2018-04-25,23.6,40,3.82,27.8,0.112,0.0
2018-04-26,22.2,37,3.3,27.4,0.109,0.0
2018-04-27,18.2,43,2.5,24.7,0.106,0.0
2018-04-28,17.6,44,2.35,23.4,0.105,0.0
2018-04-29,16.3,47,1.85,21.7,0.105,0.0
2018-04-30,16.1,52,1.81,20.6,0.105,0.0
2018-05-01,16.1,51,1.95,20.7,0.109,0.0
2018-05-02,18.9,48,2.47,23.3,0.11,0.0
2018-05-03,20.5,46,3.0,25.3,0.105,0.0
2018-05-04,23.3,43,4.11,27.2,0.102,0.0
2018-05-05,24.7,42,3.83,28.2,0.101,0.0
2018-05-06,22.8,33,3.75,27.6,0.102,0.0
2018-05-07,23.4,35,4.06,27.5,0.103,0.0
2018-05-08,25.2,35,4.67,28.6,0.101,0.0
2018-05-09,24.0,38,3.59,28.3,0.1,0.0
2018-05-10,22.3,37,3.53,27.2,0.099,0.0
2018-05-11,22.1,36,3.59,26.7,0.099,0.0
2018-05-12,21.4,28,3.27,26.9,0.101,0.0
2018-05-13,21.3,43,3.21,27.3,0.1,0.0
2018-05-14,21.6,41,3.01,27.2,0.099,0.0
2018-05-15,20.6,45,2.81,27.1,0.099,0.0
2018-05-16,18.2,47,2.32,25.3,0.099,0.0
2018-05-17,20.0,45,2.85,25.7,0.099,0.0
2018-05-18,21.8,48,2.92,27.0,0.099,0.0
2018-05-19,22.9,43,3.57,28.2,0.099,0.0
2018-05-20,20.1,44,2.94,26.6,0.098,0.0
2018-05-21,19.4,49,2.51,25.9,0.098,0.0
2018-05-22,22.6,45,2.99,27.9,0.101,0.0
2018-05-23,22.4,46,3.05,28.7,0.103,0.0
2018-05-24,20.9,48,2.92,28.2,0.104,0.0
2018-05-25,16.4,60,1.22,22.5,0.105,0.6
2018-05-26,19.0,51,2.12,23.2,0.104,0.0
2018-05-27,21.7,49,2.97,26.6,0.102,0.0
2018-05-28,26.2,39,4.61,30.2,0.099,0.0
2018-05-29,29.3,32,5.37,33.0,0.098,0.0
2018-05-30,25.9,28,4.43,31.9,0.097,0.0
2018-05-31,18.8,37,2.98,27.2,0.097,0.0
2018-06-01,20.9,41,3.34,27.1,0.097,0.0
2018-06-02,26.8,32,5.4,30.6,0.098,0.0
2018-06-03,30.1,27,6.69,33.0,0.099,0.0
2018-06-04,30.2,24,5.86,33.3,0.101,0.0
2018-06-05,25.6,21,4.8,32.2,0.096,0.0
2018-06-06,23.2,34,3.98,30.5,0.095,0.0
2018-06-07,22.5,42,3.84,29.3,0.098,0.0
2018-06-08,25.2,28,4.99,30.4,0.098,0.0
2018-06-09,23.5,38,3.15,29.6,0.098,0.0
2018-06-10,21.8,26,3.9,27.8,0.099,0.0
2018-06-11,24.0,31,4.06,29.8,0.099,0.0
2018-06-12,28.1,29,5.58,32.7,0.1,0.0
2018-06-13,30.7,27,6.24,35.1,0.1,0.0
2018-06-14,29.8,26,5.93,35.5,0.099,0.0
2018-06-15,27.5,25,5.78,34.3,0.098,0.0
2018-06-16,23.5,39,4.04,32.1,0.097,0.0
2018-06-17,21.3,42,2.96,30.2,0.098,0.0
2018-06-18,24.0,42,3.74,30.6,0.098,0.0
2018-06-19,27.5,34,4.72,32.7,0.098,0.0
2018-06-20,29.0,31,5.77,33.8,0.098,0.0
2018-06-21,28.2,22,6.0,33.3,0.1,0.0
2018-06-22,29.6,25,6.6,34.2,0.1,0.0
2018-06-23,31.2,25,6.53,34.8,0.101,0.0
2018-06-24,30.9,29,5.91,35.8,0.102,0.0
2018-06-25,27.6,39,4.63,34.3,0.101,0.0
2018-06-26,29.5,30,5.92,35.1,0.101,0.0
2018-06-27,28.7,24,5.82,34.6,0.1,0.0
2018-06-28,26.0,34,4.58,32.8,0.099,0.0
2018-06-29,26.8,35,4.8,32.6,0.099,0.0
2018-06-30,30.3,29,5.95,34.8,0.099,0.0
2018-07-01,31.2,30,6.15,36.2,0.098,0.0
2018-07-02,29.5,35,5.48,35.5,0.097,0.0
2018-07-03,28.8,35,5.54,35.5,0.097,0.0
2018-07-04,27.4,34,4.71,34.6,0.097,0.0
2018-07-05,28.1,34,5.08,34.4,0.095,0.0
2018-07-06,30.9,24,6.44,35.3,0.095,0.0
2018-07-07,32.0,23,6.53,35.7,0.096,0.0
2018-07-08,32.4,14,6.92,35.8,0.097,0.0
2018-07-09,31.4,14,6.48,35.0,0.097,0.0
2018-07-10,31.4,22,6.1,35.7,0.097,0.0
2018-07-11,31.4,25,6.35,36.4,0.096,0.0
2018-07-12,31.2,28,5.69,35.9,0.096,0.0
2018-07-13,32.5,29,5.84,37.3,0.096,0.0
2018-07-14,32.7,26,6.01,37.1,0.096,0.0
2018-07-15,32.4,27,6.3,37.4,0.097,0.0
2018-07-16,32.3,23,6.58,36.7,0.097,0.0
2018-07-17,32.8,22,7.08,36.9,0.098,0.0
2018-07-18,33.0,21,7.25,37.2,0.098,0.0
2018-07-19,33.2,27,6.95,37.6,0.098,0.0
2018-07-20,32.5,27,6.25,37.3,0.1,0.0
2018-07-21,31.4,39,4.8,36.9,0.099,0.0
2018-07-22,31.4,33,5.22,36.5,0.099,0.0
2018-07-23,31.9,34,5.45,36.5,0.097,0.0
2018-07-24,32.9,28,6.38,36.6,0.099,0.0
2018-07-25,32.3,28,6.67,36.3,0.103,0.0
2018-07-26,32.5,28,6.14,36.4,0.108,0.0
2018-07-27,31.8,29,6.4,35.7,0.113,0.0
2018-07-28,30.7,32,6.11,34.9,0.115,0.0
2018-07-29,31.3,34,6.14,35.2,0.115,0.0
2018-07-30,30.3,32,5.95,34.3,0.118,0.0
2018-07-31,31.5,33,6.27,34.9,0.118,0.0
2018-08-01,31.2,32,6.19,34.6,0.118,0.0
2018-08-02,30.4,25,5.88,34.2,0.117,0.0
2018-08-03,29.4,28,6.09,33.6,0.114,0.0
2018-08-04,29.9,32,5.84,33.4,0.115,0.0
2018-08-05,28.8,25,5.34,33.0,0.112,0.0
2018-08-06,28.2,32,5.17,32.0,0.118,0.0
2018-08-07,28.6,33,5.33,32.1,0.121,0.0
2018-08-08,29.0,35,6.01,32.5,0.12,0.0
2018-08-09,30.0,36,6.01,33.3,0.117,0.0
2018-08-10,31.5,32,6.27,34.5,0.114,0.0
2018-08-11,30.5,29,5.61,34.3,0.112,0.0
2018-08-12,30.4,22,6.31,34.5,0.114,0.0
2018-08-13,29.5,29,5.35,34.0,0.113,0.0
2018-08-14,28.6,31,5.16,33.2,0.114,0.0
2018-08-15,27.5,38,4.59,32.6,0.113,0.0
2018-08-16,28.7,37,5.17,33.3,0.111,0.0
2018-08-17,30.5,31,5.72,34.3,0.112,0.0
2018-08-18,31.8,24,6.44,35.1,0.113,0.0
2018-08-19,30.7,20,6.11,34.5,0.116,0.0
2018-08-20,29.3,28,6.1,33.7,0.115,0.0
2018-08-21,26.2,40,4.34,32.2,0.112,0.0
2018-08-22,25.4,46,4.05,31.4,0.112,0.0
2018-08-23,25.5,44,4.11,31.1,0.11,0.0
2018-08-24,24.8,43,4.05,30.3,0.111,0.0
2018-08-25,25.8,43,4.21,30.8,0.112,0.0
2018-08-26,26.4,35,4.28,31.2,0.113,0.0
2018-08-27,24.6,41,3.51,30.6,0.109,0.0
2018-08-28,24.0,50,3.24,30.0,0.104,0.0
2018-08-29,24.2,50,3.11,30.1,0.103,0.0
2018-08-30,23.5,47,3.14,29.5,0.103,0.0
2018-08-31,23.8,47,3.47,28.9,0.103,0.0
2018-09-01,25.3,44,3.57,29.8,0.103,0.0
2018-09-02,27.4,41,4.44,31.5,0.102,0.0
2018-09-03,27.6,39,4.58,32.1,0.101,0.0
2018-09-04,28.1,38,4.91,32.5,0.101,0.0
2018-09-05,28.6,35,5.0,32.6,0.101,0.0
2018-09-06,27.1,39,4.74,31.5,0.1,0.0
2018-09-07,28.0,35,5.27,31.8,0.101,0.0
2018-09-08,28.2,31,5.25,31.4,0.1,0.0
2018-09-09,26.6,30,4.97,30.6,0.099,0.0
2018-09-10,26.1,32,4.8,30.1,0.098,0.0
2018-09-11,26.3,32,4.84,30.0,0.097,0.0
2018-09-12,24.4,26,3.93,29.2,0.096,0.0
2018-09-13,21.8,37,3.21,27.5,0.096,0.0
2018-09-14,22.4,37,3.6,27.5,0.096,0.0
2018-09-15,22.9,31,3.35,27.6,0.096,0.0
2018-09-16,21.4,41,3.41,26.5,0.096,0.0
2018-09-17,22.4,39,3.56,27.1,0.096,0.0
2018-09-18,22.4,41,3.46,26.9,0.096,0.0
2018-09-19,22.5,39,3.66,26.7,0.096,0.0
2018-09-20,23.7,33,4.2,27.1,0.096,0.0
2018-09-21,25.4,29,4.9,27.9,0.096,0.0
2018-09-22,25.4,31,4.79,28.9,0.096,0.0
2018-09-23,25.9,29,4.69,29.3,0.096,0.0
2018-09-24,24.3,31,4.25,28.4,0.095,0.0
2018-09-25,24.8,31,4.59,28.2,0.094,0.0
2018-09-26,25.8,31,4.97,28.5,0.094,0.0
2018-09-27,26.0,34,5.06,28.7,0.094,0.0
2018-09-28,25.2,39,4.07,28.8,0.096,0.0
2018-09-29,20.9,49,2.42,27.0,0.095,0.0
2018-09-30,21.0,52,2.47,25.6,0.095,0.0
2018-10-01,22.9,44,3.63,27.1,0.095,0.0
2018-10-02,24.0,45,2.96,27.1,0.095,0.2
2018-10-03,21.5,60,1.76,26.0,0.096,0.5
2018-10-04,20.7,66,1.87,24.9,0.135,0.0
2018-10-05,19.9,64,2.09,24.2,0.134,0.0
2018-10-06,20.5,55,2.4,24.2,0.123,0.0
2018-10-07,19.5,46,2.83,24.0,0.111,0.0
2018-10-08,19.4,40,2.8,23.9,0.102,0.0
2018-10-09,20.3,38,3.15,24.2,0.099,0.0
2018-10-10,19.1,58,2.09,24.2,0.097,0.0
2018-10-11,18.7,57,2.13,23.5,0.094,0.0
2018-10-12,20.1,54,2.74,23.8,0.096,0.0
2018-10-13,21.2,38,3.45,23.9,0.096,0.0
2018-10-14,19.8,39,3.05,23.9,0.094,0.0
2018-10-15,19.7,35,3.28,23.3,0.094,0.0
2018-10-16,17.9,29,3.2,21.7,0.092,0.0
2018-10-17,19.0,27,3.54,21.8,0.091,0.0
2018-10-18,19.0,29,3.48,22.0,0.091,0.0
2018-10-19,20.2,34,3.51,22.2,0.09,0.0
2018-10-20,20.2,33,3.62,22.7,0.089,0.0
2018-10-21,19.8,37,3.49,22.5,0.088,0.0
2018-10-22,19.2,45,2.99,22.6,0.086,0.0
2018-10-23,18.1,51,2.64,22.0,0.086,0.0
2018-10-24,17.0,53,2.6,20.9,0.084,0.0
2018-10-25,17.8,54,2.48,21.1,0.083,0.0
2018-10-26,19.1,48,3.02,21.6,0.083,0.0
2018-10-27,20.3,44,3.34,22.3,0.083,0.0
2018-10-28,19.7,57,2.48,22.1,0.082,0.0
2018-10-29,17.5,51,1.79,20.6,0.081,0.0
2018-10-30,15.3,42,1.9,19.3,0.081,0.0
2018-10-31,15.1,49,2.32,18.4,0.082,0.0
2018-11-01,17.1,40,2.72,19.0,0.082,0.0
2018-11-02,17.7,39,2.84,19.7,0.084,0.0
2018-11-03,18.1,46,2.33,19.7,0.088,0.0
2018-11-04,18.2,46,2.69,20.4,0.089,0.0
2018-11-05,17.3,44,2.4,19.2,0.086,0.0
2018-11-06,15.2,44,2.29,17.7,0.085,0.0
2018-11-07,15.0,44,2.38,17.3,0.088,0.0
2018-11-08,13.1,35,2.07,16.6,0.09,0.0
2018-11-09,13.0,42,2.25,15.4,0.092,0.0
2018-11-10,12.0,40,2.22,14.4,0.094,0.0
2018-11-11,11.1,45,1.99,13.5,0.096,0.0
2018-11-12,11.6,41,2.22,13.6,0.096,0.0
2018-11-13,11.8,40,2.2,13.1,0.096,0.0
2018-11-14,11.6,47,2.08,13.9,0.096,0.0
2018-11-15,11.4,44,1.99,12.6,0.1,0.0
2018-11-16,12.0,39,2.17,13.1,0.105,0.0
2018-11-17,11.6,44,2.19,13.3,0.104,0.0
2018-11-18,12.0,52,2.05,13.2,0.104,0.0
2018-11-19,12.5,46,1.97,12.7,0.104,0.0
2018-11-20,13.0,42,2.31,13.0,0.111,0.0
2018-11-21,12.7,54,1.47,13.5,0.113,3.5
2018-11-22,13.0,81,0.76,14.8,0.322,19.1
2018-11-23,12.0,83,0.47,13.6,0.316,4.7
2018-11-24,14.3,84,0.97,15.5,0.332,0.8
2018-11-25,12.5,87,0.84,14.7,0.295,0.0
2018-11-26,12.1,86,0.87,14.1,0.27,0.0
2018-11-27,13.1,75,1.27,14.2,0.252,0.0
2018-11-28,12.3,88,0.39,13.8,0.352,26.3
2018-11-29,12.8,85,0.65,13.9,0.406,26.1
2018-11-30,11.5,81,0.76,13.6,0.39,1.9
2018-12-01,7.5,89,0.29,10.3,0.377,3.7
2018-12-02,7.4,82,0.69,9.6,0.371,0.0
2018-12-03,7.9,71,0.87,10.0,0.354,0.0
2018-12-04,9.5,65,0.85,10.5,0.344,0.0
2018-12-05,9.9,79,0.42,11.2,0.351,5.0
2018-12-06,10.3,91,0.39,11.9,0.351,0.8
2018-12-07,9.1,93,0.46,11.6,0.349,0.0
2018-12-08,7.6,93,0.34,10.5,0.336,0.0
2018-12-09,7.6,92,0.45,10.4,0.321,0.0
2018-12-10,7.1,92,0.25,10.0,0.311,0.0
2018-12-11,7.8,87,0.38,10.5,0.309,0.0
2018-12-12,6.4,87,0.53,9.9,0.304,0.0
2018-12-13,7.0,83,0.65,9.4,0.297,0.0
2018-12-14,8.7,69,0.71,8.9,0.293,0.0
2018-12-15,8.3,70,1.0,9.1,0.288,0.0
2018-12-16,10.8,64,1.25,9.8,0.28,0.1
2018-12-17,12.0,88,0.37,12.1,0.373,10.7
2018-12-18,9.6,88,0.63,11.6,0.35,0.0
2018-12-19,8.4,92,0.47,10.7,0.331,0.0
2018-12-20,7.6,90,0.66,9.6,0.32,0.0
2018-12-21,10.4,86,0.75,11.3,0.31,0.0
2018-12-22,9.9,89,0.44,11.8,0.304,0.0
2018-12-23,8.6,92,0.41,11.0,0.293,0.0
2018-12-24,9.5,90,0.43,11.2,0.304,8.8
2018-12-25,9.8,84,0.53,11.3,0.372,0.8
2018-12-26,7.4,85,0.49,9.8,0.343,0.0
2018-12-27,5.6,84,0.54,7.9,0.327,0.0
2018-12-28,4.5,72,0.74,6.9,0.314,0.0
2018-12-29,4.2,66,0.79,6.4,0.302,0.0
2018-12-30,4.4,74,0.73,6.5,0.293,0.0
2018-12-31,5.1,83,0.39,6.8,0.289,0.0
2019-01-01,3.9,71,0.73,6.3,0.283,0.0
2019-01-02,3.6,61,0.8,5.6,0.274,0.0
2019-01-03,4.6,70,0.88,5.8,0.267,0.0
2019-01-04,6.1,73,1.02,6.3,0.258,0.0
2019-01-05,7.1,72,0.49,6.7,0.269,6.0
2019-01-06,8.2,85,0.48,8.1,0.348,11.6
2019-01-07,12.3,81,0.47,10.9,0.379,4.5
2019-01-08,12.6,76,0.97,11.8,0.342,0.0
2019-01-09,10.9,87,0.25,10.8,0.358,4.9
2019-01-10,8.9,93,0.41,10.4,0.366,0.0
2019-01-11,9.4,87,0.79,10.2,0.348,0.0
2019-01-12,10.5,78,0.82,10.9,0.335,0.0
2019-01-13,10.4,77,0.92,10.9,0.323,0.0
2019-01-14,9.1,73,0.67,9.7,0.323,2.3
2019-01-15,9.9,80,0.46,9.4,0.354,7.2
2019-01-16,13.3,78,0.94,12.0,0.358,1.8
2019-01-17,13.8,86,0.65,13.2,0.402,11.9
2019-01-18,12.2,83,0.77,12.9,0.378,0.1
2019-01-19,11.1,85,0.7,12.4,0.362,0.0
2019-01-20,11.6,83,0.84,12.2,0.36,5.2
2019-01-21,8.5,76,0.65,10.9,0.391,3.5
2019-01-22,7.0,77,0.67,9.4,0.362,0.0
2019-01-23,7.1,74,0.72,8.7,0.349,0.0
2019-01-24,7.6,82,0.63,9.0,0.338,0.0
2019-01-25,8.2,86,0.67,9.5,0.327,0.0
2019-01-26,8.6,86,0.75,10.3,0.317,0.0
2019-01-27,9.9,84,0.84,10.8,0.307,0.0
2019-01-28,10.3,83,0.82,10.7,0.301,0.0
2019-01-29,10.8,84,0.84,10.8,0.295,0.1
2019-01-30,11.8,85,0.87,12.0,0.29,0.7
2019-01-31,12.7,79,0.81,13.1,0.316,4.4
2019-02-01,11.9,83,0.88,12.4,0.329,2.5
2019-02-02,12.5,79,0.49,12.4,0.396,17.1
2019-02-03,11.6,81,0.52,11.8,0.406,7.8
2019-02-04,10.1,81,0.53,11.5,0.422,23.9
2019-02-05,5.5,80,0.43,9.2,0.424,7.8
2019-02-06,4.1,75,0.71,7.3,0.395,0.0
2019-02-07,4.3,65,0.75,7.1,0.374,0.0
2019-02-08,6.2,70,0.81,7.7,0.364,2.6
2019-02-09,8.5,76,0.58,9.5,0.397,3.2
2019-02-10,6.5,75,0.54,8.5,0.402,7.9
2019-02-11,3.5,74,0.73,7.0,0.381,0.0
2019-02-12,5.1,70,0.64,6.3,0.365,0.0
2019-02-13,11.8,69,0.62,9.6,0.393,9.9
2019-02-14,13.9,76,0.83,12.5,0.406,15.0
2019-02-15,8.8,83,0.47,10.3,0.415,11.0
2019-02-16,6.7,84,0.42,9.3,0.418,9.3
2019-02-17,4.7,87,0.46,7.7,0.414,5.2
2019-02-18,4.7,77,0.7,7.2,0.391,0.1
2019-02-19,4.4,74,0.63,7.2,0.372,0.0
2019-02-20,5.2,72,0.56,7.4,0.361,1.6
2019-02-21,5.5,75,0.69,7.5,0.38,3.8
2019-02-22,5.0,71,0.78,7.3,0.366,0.0
2019-02-23,5.7,67,0.89,7.8,0.347,0.0
2019-02-24,8.2,68,0.95,9.6,0.335,0.0
2019-02-25,11.6,63,1.39,11.3,0.321,0.0
2019-02-26,12.3,68,0.88,12.3,0.307,0.1
2019-02-27,13.2,72,0.91,13.0,0.321,4.7
2019-02-28,12.9,83,0.65,13.8,0.334,3.1
2019-03-01,11.1,85,0.71,12.8,0.322,0.9
2019-03-02,13.4,86,0.45,13.0,0.402,22.7
2019-03-03,13.9,82,0.72,14.1,0.394,1.9
2019-03-04,12.3,73,0.87,14.0,0.382,0.3
2019-03-05,11.3,78,0.61,12.3,0.382,5.8
2019-03-06,13.6,81,0.58,13.4,0.421,25.6
2019-03-07,11.3,80,0.76,12.7,0.402,2.2
2019-03-08,9.0,71,0.87,11.6,0.392,2.0
2019-03-09,8.1,74,0.9,10.4,0.377,2.7
2019-03-10,9.1,73,0.99,11.5,0.378,0.0
2019-03-11,9.8,77,0.96,11.7,0.356,0.0
2019-03-12,10.2,76,1.03,12.3,0.339,1.3
2019-03-13,9.2,56,0.98,11.7,0.324,0.0
2019-03-14,9.3,68,1.09,11.6,0.303,0.0
2019-03-15,10.7,69,1.42,12.4,0.285,0.0
2019-03-16,11.9,72,1.45,13.6,0.266,0.0
2019-03-17,13.0,72,1.8,14.6,0.253,0.0
2019-03-18,15.5,62,2.32,15.8,0.239,0.0
2019-03-19,16.1,58,1.89,16.3,0.226,2.5
2019-03-20,12.8,71,1.18,15.7,0.254,2.0
2019-03-21,11.8,83,0.75,14.7,0.248,0.1
2019-03-22,11.9,73,1.1,14.0,0.239,0.0
2019-03-23,12.2,77,0.77,13.9,0.233,1.3
2019-03-24,11.3,69,1.49,14.1,0.225,0.0
2019-03-25,14.2,60,1.9,15.1,0.207,0.0
2019-03-26,14.8,67,1.37,16.4,0.191,0.0
2019-03-27,15.8,67,1.44,16.4,0.193,7.4
2019-03-28,14.3,64,1.38,16.6,0.203,3.0
2019-03-29,13.2,60,1.31,15.8,0.19,0.0
2019-03-30,12.6,66,1.4,15.8,0.175,0.0
2019-03-31,14.7,68,1.72,17.3,0.16,0.0
2019-04-01,16.5,66,2.13,18.2,0.145,0.0
2019-04-02,15.8,70,1.1,18.4,0.147,3.6
2019-04-03,15.0,68,1.38,17.6,0.151,0.0
2019-04-04,14.6,66,1.38,17.0,0.144,0.0
2019-04-05,13.5,73,1.23,16.0,0.14,0.3
2019-04-06,15.7,63,2.07,18.0,0.144,0.0
2019-04-07,18.2,67,1.98,20.6,0.137,0.0
2019-04-08,19.2,71,1.65,21.3,0.127,0.0
2019-04-09,16.6,54,1.58,20.4,0.119,0.3
2019-04-10,15.0,43,1.95,19.0,0.115,0.0
2019-04-11,14.3,57,1.49,18.1,0.111,0.0
2019-04-12,14.9,56,1.76,19.1,0.11,0.0
2019-04-13,17.3,51,2.46,21.2,0.109,0.0
2019-04-14,19.3,51,2.73,23.2,0.101,0.0
2019-04-15,17.2,43,2.3,22.1,0.098,1.6
2019-04-16,14.4,69,1.52,18.4,0.182,5.6
2019-04-17,16.6,61,1.88,20.4,0.169,0.0
2019-04-18,20.2,56,3.19,22.8,0.145,0.0
2019-04-19,22.5,55,3.6,24.6,0.133,0.0
2019-04-20,19.1,51,2.09,24.1,0.118,0.0
2019-04-21,17.0,54,2.21,22.0,0.112,0.0
2019-04-22,19.5,53,2.9,24.4,0.108,0.0
2019-04-23,22.7,42,3.91,26.4,0.095,0.0
2019-04-24,25.1,39,4.49,28.5,0.09,0.0
2019-04-25,26.8,43,4.77,30.3,0.084,0.0
2019-04-26,26.5,37,4.81,30.6,0.08,0.0
2019-04-27,24.5,41,4.2,29.5,0.077,0.0
2019-04-28,22.7,38,4.11,28.2,0.076,0.0
2019-04-29,21.0,43,2.8,27.3,0.075,0.0
2019-04-30,19.0,50,2.26,24.7,0.074,0.0
2019-05-01,18.7,43,2.71,25.3,0.073,0.0
2019-05-02,21.0,30,3.53,26.2,0.072,0.0
2019-05-03,22.7,28,3.94,27.7,0.071,0.0
2019-05-04,23.1,27,4.26,28.3,0.069,0.0
2019-05-05,20.0,36,3.05,27.0,0.066,0.0
2019-05-06,19.1,48,2.47,26.2,0.066,0.0
2019-05-07,19.8,52,2.52,26.6,0.066,0.0
2019-05-08,21.8,48,2.87,28.1,0.064,0.0
2019-05-09,22.0,54,2.49,28.2,0.065,1.8
2019-05-10,18.4,65,1.77,23.6,0.175,5.0
2019-05-11,21.5,56,2.77,26.1,0.171,0.0
2019-05-12,24.3,43,4.09,28.8,0.141,0.0
2019-05-13,24.0,30,4.05,28.8,0.124,0.0
2019-05-14,22.9,37,3.61,28.1,0.114,0.0
2019-05-15,19.6,52,1.78,24.5,0.118,4.1
2019-05-16,15.2,69,1.1,20.7,0.357,31.4
2019-05-17,15.1,58,1.6,19.0,0.31,0.0
2019-05-18,14.8,69,1.46,18.5,0.28,9.3
2019-05-19,13.1,76,1.04,16.9,0.377,20.0
2019-05-20,14.0,67,1.4,17.4,0.317,0.3
2019-05-21,13.6,70,1.1,17.0,0.296,7.4
2019-05-22,14.0,69,1.27,16.7,0.326,3.9
2019-05-23,16.1,73,1.14,18.2,0.301,2.3
2019-05-24,17.7,68,1.56,20.2,0.272,0.1
2019-05-25,19.6,58,2.33,21.6,0.238,0.4
2019-05-26,11.8,77,0.54,16.4,0.311,19.1
2019-05-27,13.8,68,1.2,16.5,0.34,0.1
2019-05-28,16.5,68,1.3,18.4,0.297,0.1
2019-05-29,20.2,65,2.04,22.2,0.259,0.0
2019-05-30,22.4,60,2.72,24.2,0.218,0.0
2019-05-31,21.7,58,2.84,24.9,0.184,0.1
2019-06-01,24.5,53,3.41,26.8,0.159,0.0
2019-06-02,24.5,52,3.06,28.2,0.133,0.0
2019-06-03,25.5,50,3.4,29.8,0.12,0.0
2019-06-04,28.7,54,4.13,32.7,0.114,0.0
2019-06-05,31.0,44,5.57,34.9,0.111,0.0
2019-06-06,27.9,29,4.72,33.1,0.109,0.0
2019-06-07,22.3,25,3.53,28.6,0.108,0.0
2019-06-08,23.6,21,4.23,29.0,0.111,0.0
2019-06-09,27.5,27,5.96,31.1,0.115,0.0
2019-06-10,30.0,27,6.5,33.3,0.119,0.0
2019-06-11,31.5,28,6.52,34.6,0.117,0.0
2019-06-12,32.7,27,6.93,36.6,0.114,0.0
2019-06-13,29.6,31,5.12,35.5,0.113,0.0
2019-06-14,27.5,32,5.01,34.2,0.113,0.0
2019-06-15,27.0,34,4.73,33.7,0.113,0.0
2019-06-16,25.6,40,4.51,32.5,0.113,0.0
2019-06-17,28.4,37,4.71,34.2,0.113,0.0
2019-06-18,30.7,38,5.49,36.6,0.113,0.0
2019-06-19,31.3,34,6.21,37.2,0.113,0.0
2019-06-20,27.4,37,4.45,35.1,0.113,0.0
2019-06-21,25.0,37,4.1,32.7,0.113,0.0
2019-06-22,27.0,29,4.86,33.7,0.113,0.0
2019-06-23,29.8,26,5.83,35.7,0.113,0.0
2019-06-24,30.8,25,6.36,36.5,0.113,0.0
2019-06-25,28.9,26,5.72,35.3,0.113,0.0
2019-06-26,25.8,30,4.6,33.3,0.113,0.0
2019-06-27,23.3,35,3.86,31.1,0.113,0.0
2019-06-28,24.5,34,4.35,31.0,0.113,0.0
2019-06-29,26.0,30,4.91,32.4,0.113,0.0
2019-06-30,27.9,23,5.27,34.0,0.113,0.0
2019-07-01,27.3,25,5.46,33.3,0.113,0.0
2019-07-02,26.8,26,5.32,33.3,0.113,0.0
2019-07-03,25.8,35,4.52,32.7,0.113,0.0
2019-07-04,26.5,31,5.16,33.1,0.113,0.0
2019-07-05,29.3,30,5.87,35.0,0.113,0.0
2019-07-06,29.8,26,6.11,36.0,0.113,0.0
2019-07-07,27.4,29,5.08,34.3,0.113,0.0
2019-07-08,25.6,32,4.82,32.8,0.113,0.0
2019-07-09,25.8,35,4.76,32.9,0.113,0.0
2019-07-10,27.9,38,5.12,34.0,0.113,0.0
2019-07-11,30.0,32,5.85,35.5,0.113,0.0
2019-07-12,30.7,29,6.39,36.3,0.113,0.0
2019-07-13,32.2,28,7.05,37.3,0.112,0.0
2019-07-14,32.6,22,7.01,37.6,0.112,0.0
2019-07-15,31.1,26,6.41,36.5,0.112,0.0
2019-07-16,29.2,32,5.35,35.6,0.112,0.0
2019-07-17,28.4,28,5.17,35.5,0.112,0.0
2019-07-18,30.3,25,5.8,36.7,0.112,0.0
2019-07-19,28.4,39,5.07,36.1,0.112,0.0
2019-07-20,28.0,38,4.72,35.5,0.112,0.0
2019-07-21,30.1,31,5.83,36.8,0.112,0.0
2019-07-22,32.5,30,6.75,38.4,0.112,0.0
2019-07-23,32.9,25,6.67,38.6,0.112,0.0
2019-07-24,34.0,19,7.57,39.1,0.112,0.0
2019-07-25,34.4,20,7.34,38.7,0.112,0.0
2019-07-26,34.2,18,6.74,39.8,0.112,0.0
2019-07-27,32.6,25,7.3,38.8,0.112,0.0
2019-07-28,34.3,22,7.93,39.7,0.112,0.0
2019-07-29,32.2,25,6.97,39.0,0.112,0.0
2019-07-30,29.6,24,6.34,36.4,0.111,0.0
2019-07-31,29.3,27,5.94,36.3,0.111,0.0
2019-08-01,29.3,28,5.97,36.1,0.111,0.0
2019-08-02,28.4,36,5.58,35.1,0.111,0.0
2019-08-03,30.3,30,6.17,36.2,0.111,0.0
2019-08-04,31.9,26,6.83,37.3,0.111,0.0
2019-08-05,30.8,32,5.97,36.6,0.111,0.0
2019-08-06,32.3,26,6.77,37.9,0.111,0.0
2019-08-07,31.1,26,6.28,37.5,0.111,0.0
2019-08-08,28.0,28,5.26,35.5,0.111,0.0
2019-08-09,26.5,32,4.8,33.7,0.111,0.0
2019-08-10,26.6,44,4.08,33.5,0.111,0.0
2019-08-11,26.2,39,4.53,32.9,0.111,0.0
2019-08-12,28.9,29,5.43,34.3,0.111,0.0
2019-08-13,30.9,24,6.4,35.7,0.111,0.0
2019-08-14,32.7,22,7.37,36.9,0.111,0.0
2019-08-15,33.8,22,7.64,37.9,0.111,0.0
2019-08-16,33.6,20,7.32,38.7,0.111,0.0
2019-08-17,30.6,28,6.11,37.4,0.111,0.0
2019-08-18,27.3,35,5.01,35.2,0.11,0.0
2019-08-19,26.6,41,4.53,34.1,0.11,0.0
2019-08-20,27.1,39,4.77,33.7,0.11,0.0
2019-08-21,27.8,37,5.18,33.6,0.11,0.0
2019-08-22,29.5,42,4.84,34.8,0.11,0.0
2019-08-23,31.7,38,5.71,37.2,0.11,0.0
2019-08-24,31.2,38,5.64,37.4,0.11,0.0
2019-08-25,32.7,27,6.41,37.8,0.11,0.0
2019-08-26,33.1,23,6.73,37.6,0.11,0.0
2019-08-27,33.5,22,7.05,38.2,0.11,0.0
2019-08-28,32.2,20,6.56,37.6,0.11,0.0
2019-08-29,29.1,37,4.94,35.7,0.11,0.0
2019-08-30,28.6,38,5.33,34.9,0.11,0.0
2019-08-31,30.0,31,5.94,35.4,0.11,0.0
2019-09-01,31.2,23,6.84,35.6,0.11,0.0
2019-09-02,32.2,25,6.67,37.1,0.11,0.0
2019-09-03,31.0,27,6.21,36.3,0.11,0.0
2019-09-04,31.3,24,6.35,36.1,0.11,0.0
2019-09-05,31.8,26,5.77,36.3,0.109,0.0
2019-09-06,30.2,27,5.79,35.8,0.109,0.0
2019-09-07,26.3,34,4.48,33.3,0.109,0.0
2019-09-08,22.5,52,3.12,29.8,0.109,0.0
2019-09-09,23.8,44,3.44,29.8,0.109,0.0
2019-09-10,22.3,45,3.22,28.8,0.11,0.0
2019-09-11,23.4,46,3.72,28.8,0.11,0.0
2019-09-12,26.4,29,5.44,30.4,0.11,0.0
2019-09-13,28.3,24,6.05,31.8,0.11,0.0
2019-09-14,29.2,19,6.52,32.7,0.11,0.0
2019-09-15,27.7,25,5.84,32.4,0.109,0.0
2019-09-16,22.2,55,2.89,28.9,0.11,0.0
2019-09-17,21.2,47,3.14,27.5,0.11,0.0
2019-09-18,22.7,42,3.39,28.1,0.11,0.0
2019-09-19,21.6,48,2.73,27.2,0.11,0.0
2019-09-20,21.6,39,3.29,26.7,0.11,0.0
2019-09-21,23.2,33,3.86,27.8,0.11,0.0
2019-09-22,25.2,31,4.62,28.8,0.11,0.0
2019-09-23,25.0,39,3.92,29.4,0.11,0.0
2019-09-24,26.1,34,5.03,30.0,0.11,0.0
2019-09-25,27.9,27,5.54,31.1,0.11,0.0
2019-09-26,28.4,31,4.73,32.1,0.11,0.0
2019-09-27,24.5,50,3.06,30.4,0.11,0.0
2019-09-28,20.0,45,2.7,27.5,0.11,0.0
2019-09-29,17.1,45,2.26,24.1,0.11,0.0
2019-09-30,16.9,43,2.08,22.3,0.11,0.0
2019-10-01,15.9,42,2.24,21.5,0.11,0.0
2019-10-02,17.1,33,2.76,21.9,0.11,0.0
2019-10-03,19.2,36,3.26,23.1,0.11,0.0
2019-10-04,18.5,37,2.87,23.0,0.111,0.0
2019-10-05,18.5,36,2.98,23.1,0.111,0.0
2019-10-06,22.2,29,4.13,24.5,0.111,0.0
2019-10-07,23.0,26,4.57,25.3,0.111,0.0
2019-10-08,23.0,26,4.49,25.6,0.111,0.0
2019-10-09,20.4,30,3.0,24.2,0.111,0.0
2019-10-10,17.6,26,2.82,22.3,0.111,0.0
2019-10-11,18.9,26,3.21,21.7,0.111,0.0
2019-10-12,18.3,27,3.54,21.7,0.111,0.0
2019-10-13,18.8,26,3.61,22.0,0.111,0.0
2019-10-14,18.4,31,3.14,22.2,0.111,0.0
2019-10-15,19.6,29,3.48,22.5,0.111,0.0
2019-10-16,19.5,32,3.33,21.8,0.111,0.0
2019-10-17,18.6,50,2.21,21.9,0.111,0.0
2019-10-18,16.4,48,2.2,20.8,0.111,0.0
2019-10-19,17.4,55,2.24,20.8,0.111,0.0
2019-10-20,18.4,58,2.26,22.0,0.111,0.0
2019-10-21,18.2,52,2.54,21.6,0.112,0.0
2019-10-22,19.9,45,3.18,22.4,0.112,0.0
2019-10-23,20.9,41,3.16,22.8,0.112,0.0
2019-10-24,21.9,37,4.12,23.5,0.112,0.0
2019-10-25,21.3,33,4.06,23.2,0.112,0.0
2019-10-26,19.9,34,3.68,22.4,0.112,0.0
2019-10-27,16.6,27,2.21,20.0,0.112,0.0
2019-10-28,14.1,27,2.31,17.9,0.112,0.0
2019-10-29,13.5,30,2.35,16.4,0.112,0.0
2019-10-30,13.0,31,2.29,16.7,0.112,0.0
2019-10-31,12.9,19,2.32,15.6,0.112,0.0
2019-11-01,13.2,34,2.37,15.5,0.112,0.0
2019-11-02,14.0,39,2.7,16.2,0.112,0.0
2019-11-03,14.9,34,2.71,16.5,0.112,0.0
2019-11-04,15.7,31,2.93,17.3,0.112,0.0
2019-11-05,16.2,32,3.17,17.6,0.112,0.0
2019-11-06,16.3,33,2.93,18.2,0.113,0.0
2019-11-07,17.6,37,3.13,18.6,0.113,0.0
2019-11-08,17.2,40,2.95,18.7,0.113,0.0
2019-11-09,16.5,45,2.45,18.2,0.113,0.0
2019-11-10,16.0,44,2.49,17.8,0.113,0.0
2019-11-11,16.5,43,2.69,18.0,0.113,0.0
2019-11-12,17.0,39,3.08,18.2,0.113,0.0
2019-11-13,16.8,38,2.6,17.3,0.113,0.0
2019-11-14,16.5,45,1.97,18.5,0.113,0.0
2019-11-15,14.6,69,1.43,17.6,0.113,0.0
2019-11-16,14.4,68,1.47,17.5,0.113,0.0
2019-11-17,15.1,64,2.14,17.5,0.113,0.0
2019-11-18,15.6,53,2.48,17.3,0.113,0.0
2019-11-19,14.9,53,1.84,16.4,0.113,0.0
2019-11-20,11.9,78,0.96,14.6,0.116,0.2
2019-11-21,13.2,64,1.28,15.3,0.121,0.0
2019-11-22,12.5,61,1.49,14.8,0.121,0.0
2019-11-23,12.5,65,1.56,14.5,0.119,0.0
2019-11-24,12.2,63,1.47,14.2,0.119,0.0
2019-11-25,11.5,52,1.7,12.6,0.118,0.0
2019-11-26,9.0,34,1.29,11.8,0.117,0.2
2019-11-27,7.6,80,0.67,9.8,0.287,28.1
2019-11-28,6.5,81,0.3,8.5,0.335,3.7
2019-11-29,6.3,79,0.57,8.7,0.318,4.3
2019-11-30,6.1,67,0.69,7.2,0.294,5.0
2019-12-01,10.2,85,0.39,9.5,0.387,16.8
2019-12-02,12.8,70,1.16,12.0,0.346,0.2
2019-12-03,10.0,91,0.41,11.6,0.324,0.0
2019-12-04,11.6,86,0.47,12.2,0.373,11.7
2019-12-05,11.5,80,0.94,11.8,0.358,0.0
2019-12-06,12.0,75,1.03,12.3,0.333,0.0
2019-12-07,13.7,82,0.43,13.6,0.342,5.6
2019-12-08,12.4,88,0.7,13.5,0.393,11.4
2019-12-09,10.4,92,0.4,12.3,0.362,0.0
2019-12-10,9.2,89,0.52,11.4,0.349,0.0
2019-12-11,9.4,86,0.58,10.9,0.342,0.0
2019-12-12,12.6,70,0.95,12.5,0.33,0.0
2019-12-13,11.6,88,0.48,12.7,0.317,0.6
2019-12-14,11.6,83,0.71,12.8,0.32,0.4
2019-12-15,8.5,74,0.73,10.7,0.313,0.2
2019-12-16,6.7,81,0.64,9.2,0.298,0.0
2019-12-17,6.8,63,0.86,8.3,0.29,0.0
2019-12-18,8.5,45,1.13,8.7,0.275,0.0
2019-12-19,8.8,57,1.07,9.8,0.265,0.0
2019-12-20,8.1,67,1.13,9.2,0.257,0.0
2019-12-21,11.5,50,1.33,9.9,0.254,0.0
2019-12-22,10.0,60,0.84,9.6,0.263,4.6
2019-12-23,8.8,93,0.23,9.5,0.29,2.8
2019-12-24,9.0,84,0.65,10.1,0.304,0.8
2019-12-25,8.7,71,0.7,9.5,0.296,0.0
2019-12-26,8.1,81,0.53,9.3,0.337,4.2
2019-12-27,6.0,83,0.57,8.7,0.32,0.0
2019-12-28,5.6,78,0.57,8.1,0.3,0.0
2019-12-29,6.5,77,0.61,7.9,0.291,0.0
2019-12-30,9.2,77,0.72,9.9,0.284,0.1
2019-12-31,7.7,83,0.68,9.0,0.273,0.0
2020-01-01,8.2,80,0.8,9.6,0.263,0.0
2020-01-02,7.6,86,0.57,9.6,0.252,0.0
2020-01-03,8.8,81,0.88,9.6,0.251,0.0
2020-01-04,10.3,75,0.98,10.1,0.243,0.0
2020-01-05,9.1,83,0.76,10.0,0.234,0.0
2020-01-06,6.9,84,0.58,9.2,0.231,0.0
2020-01-07,6.3,83,0.8,7.9,0.227,0.0
2020-01-08,7.6,83,0.58,8.3,0.228,0.0
2020-01-09,6.8,89,0.44,8.4,0.265,3.3
2020-01-10,7.1,86,0.39,8.9,0.29,0.0
2020-01-11,6.3,80,0.69,7.5,0.284,0.0
2020-01-12,5.4,87,0.53,7.4,0.269,0.0
2020-01-13,6.1,85,0.55,7.5,0.256,0.0
2020-01-14,6.4,81,0.57,7.8,0.243,0.0
2020-01-15,5.5,77,0.71,7.3,0.233,0.0
2020-01-16,7.6,78,0.89,7.9,0.254,8.8
2020-01-17,6.5,83,0.49,7.3,0.314,0.3
2020-01-18,4.9,87,0.51,6.8,0.297,0.0
2020-01-19,5.4,86,0.58,7.1,0.291,0.0
2020-01-20,8.7,77,0.81,8.5,0.282,0.3
2020-01-21,11.0,78,0.85,11.2,0.276,0.0
2020-01-22,11.5,78,0.76,12.5,0.27,0.2
2020-01-23,9.8,91,0.53,11.3,0.263,0.0
2020-01-24,10.5,89,0.64,11.3,0.257,0.0
2020-01-25,10.7,88,0.68,11.7,0.251,0.0
2020-01-26,11.8,83,0.79,12.2,0.26,1.7
2020-01-27,10.3,83,0.82,11.7,0.274,0.0
2020-01-28,9.9,81,0.83,11.1,0.258,0.0
2020-01-29,9.5,78,0.74,11.3,0.249,0.0
2020-01-30,9.1,79,0.86,10.9,0.24,0.0
2020-01-31,10.3,79,0.92,11.2,0.231,0.0
2020-02-01,10.6,83,1.1,11.3,0.23,0.0
2020-02-02,10.1,77,0.84,11.2,0.217,0.1
2020-02-03,6.1,56,1.02,9.0,0.204,0.0
2020-02-04,4.1,59,0.95,7.4,0.196,0.0
2020-02-05,4.9,54,1.05,7.8,0.186,0.0
2020-02-06,7.2,60,1.15,9.0,0.18,0.0
2020-02-07,8.8,68,1.3,10.2,0.168,0.0
2020-02-08,10.2,70,1.32,11.2,0.159,0.0
2020-02-09,9.2,56,1.22,11.3,0.146,0.0
2020-02-10,10.1,37,1.65,11.8,0.136,0.0
2020-02-11,10.2,46,1.79,11.9,0.131,0.0
2020-02-12,11.2,48,1.88,12.4,0.131,0.0
2020-02-13,11.5,55,1.88,13.2,0.127,0.0
2020-02-14,11.4,71,1.49,13.8,0.122,0.0
2020-02-15,11.8,70,1.51,14.1,0.116,0.0
2020-02-16,13.2,62,1.95,15.0,0.115,0.0
2020-02-17,12.4,66,1.34,15.5,0.115,0.0
2020-02-18,12.8,58,1.85,15.3,0.117,0.0
2020-02-19,12.0,59,1.98,14.7,0.112,0.0
2020-02-20,13.2,48,2.4,15.3,0.116,0.0
2020-02-21,12.6,55,1.72,14.7,0.12,0.1
2020-02-22,14.1,63,1.35,16.1,0.124,1.4
2020-02-23,13.2,69,1.34,15.8,0.136,0.0
2020-02-24,11.9,74,1.23,15.4,0.135,0.0
2020-02-25,13.1,65,1.92,15.9,0.13,0.0
2020-02-26,15.3,51,2.93,17.0,0.126,0.0
2020-02-27,15.8,49,2.74,17.8,0.12,0.0
2020-02-28,17.8,41,3.33,18.5,0.12,0.0
2020-02-29,16.4,44,2.39,19.0,0.123,0.0
2020-03-01,11.5,52,1.22,16.3,0.122,0.0
2020-03-02,10.3,58,1.65,14.9,0.122,0.0
2020-03-03,13.3,47,2.13,16.1,0.125,0.0
2020-03-04,15.4,50,2.66,17.2,0.128,0.0
2020-03-05,17.1,47,2.76,18.5,0.124,0.0
2020-03-06,16.5,59,2.41,19.4,0.122,0.0
2020-03-07,13.2,61,1.12,16.4,0.117,0.0
2020-03-08,12.6,56,1.47,15.5,0.112,0.0
2020-03-09,13.9,47,1.64,16.9,0.107,0.0
2020-03-10,14.1,63,1.32,16.7,0.112,1.8
2020-03-11,15.4,73,1.62,17.9,0.156,4.5
2020-03-12,16.8,62,2.13,18.6,0.144,0.0
2020-03-13,16.5,60,1.97,19.0,0.138,0.1
2020-03-14,14.1,62,1.03,16.8,0.134,1.0
2020-03-15,11.9,74,0.8,13.4,0.149,6.8
2020-03-16,8.9,89,0.24,10.8,0.304,23.1
2020-03-17,8.1,73,0.84,10.8,0.338,0.3
2020-03-18,9.3,68,1.06,12.3,0.287,0.0
2020-03-19,9.6,78,0.76,12.4,0.289,7.8
2020-03-20,10.9,65,1.2,13.5,0.261,0.0
2020-03-21,12.1,69,0.99,13.9,0.247,0.6
2020-03-22,13.8,67,1.41,15.8,0.233,2.2
2020-03-23,13.5,75,0.9,15.5,0.303,9.1
2020-03-24,12.4,67,0.97,14.6,0.283,0.1
2020-03-25,11.0,70,0.75,13.8,0.27,5.7
2020-03-26,8.7,67,0.97,12.0,0.288,0.0
2020-03-27,9.6,65,1.15,12.3,0.263,0.2
2020-03-28,10.2,71,0.84,12.4,0.25,0.1
2020-03-29,12.3,72,0.96,14.6,0.245,0.8
2020-03-30,13.0,69,1.33,15.5,0.23,0.0
2020-03-31,14.8,70,1.61,17.1,0.212,0.0
2020-04-01,14.6,59,1.69,17.5,0.193,0.0
2020-04-02,12.4,46,1.78,16.0,0.176,0.0
2020-04-03,12.9,44,1.86,16.0,0.161,0.0
2020-04-04,13.3,56,1.49,16.7,0.148,0.0
2020-04-05,12.6,79,0.8,13.9,0.187,20.3
2020-04-06,10.5,78,0.76,12.9,0.354,14.0
2020-04-07,12.1,72,1.26,14.7,0.303,0.4
2020-04-08,12.3,79,0.75,14.5,0.319,7.6
2020-04-09,11.4,78,0.84,13.0,0.382,12.5
2020-04-10,13.2,69,1.16,14.5,0.328,0.0
2020-04-11,14.5,73,1.15,16.3,0.295,0.0
2020-04-12,15.8,73,1.19,17.4,0.266,0.0
2020-04-13,16.1,71,1.55,18.3,0.243,0.0
2020-04-14,16.2,65,1.9,18.8,0.221,0.0
2020-04-15,17.6,52,2.41,19.5,0.202,0.0
2020-04-16,19.5,48,2.7,21.5,0.174,0.0
2020-04-17,17.4,62,1.75,21.1,0.159,1.7
2020-04-18,15.4,72,1.27,18.0,0.237,6.4
2020-04-19,16.0,66,1.78,19.0,0.223,0.0
2020-04-20,15.1,66,1.34,17.8,0.205,1.5
2020-04-21,16.3,64,1.79,18.6,0.194,0.6
2020-04-22,19.1,58,2.57,21.1,0.173,0.0
2020-04-23,21.9,51,3.54,23.4,0.156,0.0
2020-04-24,21.9,47,3.24,24.6,0.143,0.0
2020-04-25,23.5,49,3.7,25.6,0.136,0.0
2020-04-26,24.2,40,4.1,26.4,0.13,0.0
2020-04-27,22.7,30,3.61,25.7,0.127,0.0
2020-04-28,23.6,48,3.43,27.2,0.126,0.0
2020-04-29,25.2,47,4.05,28.2,0.123,0.0
2020-04-30,23.7,34,3.9,27.1,0.121,0.0
2020-05-01,21.5,23,3.44,25.4,0.123,0.0
2020-05-02,21.5,42,3.32,25.9,0.12,0.0
2020-05-03,20.4,47,2.96,25.5,0.119,0.0
2020-05-04,20.6,32,3.81,25.0,0.12,0.0
2020-05-05,22.6,26,4.22,26.1,0.118,0.0
2020-05-06,21.9,35,3.84,26.3,0.116,0.0
2020-05-07,23.4,27,4.36,27.5,0.119,0.0
2020-05-08,26.5,32,5.45,30.2,0.115,0.0
2020-05-09,27.3,31,5.47,31.7,0.114,0.0
2020-05-10,25.6,29,4.74,31.7,0.113,0.0
2020-05-11,22.5,26,3.87,29.8,0.113,0.0
2020-05-12,20.1,44,2.43,26.9,0.111,0.0
2020-05-13,19.2,42,2.84,26.1,0.102,0.0
2020-05-14,20.3,44,2.89,26.0,0.092,0.0
2020-05-15,20.8,48,2.91,26.3,0.088,0.0
2020-05-16,23.0,38,3.84,28.2,0.087,0.0
2020-05-17,22.6,46,3.57,28.4,0.083,0.1
2020-05-18,19.4,56,2.16,24.2,0.14,7.7
2020-05-19,16.5,58,1.67,21.9,0.161,0.8
2020-05-20,18.6,51,2.51,24.1,0.144,0.0
2020-05-21,21.3,46,3.36,26.6,0.131,0.0
2020-05-22,22.4,34,3.4,27.4,0.121,0.0
2020-05-23,21.8,31,3.63,28.0,0.114,0.0
2020-05-24,24.3,29,4.24,29.8,0.113,0.0
2020-05-25,27.7,32,5.45,33.0,0.113,0.0
2020-05-26,30.8,28,6.31,35.5,0.112,0.0
2020-05-27,32.9,29,7.45,37.1,0.112,0.0
2020-05-28,32.6,25,7.53,37.4,0.112,0.0
2020-05-29,27.8,32,4.62,35.0,0.111,0.0
2020-05-30,22.5,43,2.88,30.2,0.111,0.0
2020-05-31,22.2,49,2.73,29.2,0.11,0.0
2020-06-01,25.1,37,3.6,30.5,0.111,0.0
2020-06-02,27.8,34,5.07,32.8,0.111,0.0
2020-06-03,31.6,28,6.87,35.3,0.111,0.0
2020-06-04,32.6,22,7.72,36.9,0.11,0.0
2020-06-05,25.8,33,3.36,33.2,0.11,0.0
2020-06-06,20.8,39,3.11,29.2,0.11,0.0
2020-06-07,18.8,32,2.72,26.3,0.11,0.0
2020-06-08,21.3,28,3.7,27.3,0.11,0.0
2020-06-09,24.9,21,4.69,30.2,0.109,0.0
2020-06-10,28.6,25,5.72,33.6,0.109,0.0
2020-06-11,30.3,25,6.25,35.6,0.109,0.0
2020-06-12,25.1,37,3.86,32.5,0.109,0.0
2020-06-13,20.5,40,2.87,28.2,0.108,0.0
2020-06-14,22.9,39,3.65,29.2,0.108,0.0
2020-06-15,26.0,38,4.04,31.2,0.108,0.0
2020-06-16,23.7,32,3.69,30.3,0.108,0.0
2020-06-17,24.2,29,4.54,30.7,0.108,0.0
2020-06-18,27.3,21,5.57,32.7,0.108,0.0
2020-06-19,29.7,22,6.11,34.8,0.107,0.0
2020-06-20,30.2,25,6.16,35.6,0.107,0.0
2020-06-21,29.3,31,5.88,35.2,0.107,0.0
2020-06-22,30.8,32,5.88,36.7,0.107,0.0
2020-06-23,32.3,29,6.52,38.1,0.106,0.0
2020-06-24,32.4,28,6.66,38.3,0.106,0.0
2020-06-25,32.1,31,6.37,38.4,0.106,0.0
2020-06-26,32.2,32,5.75,38.8,0.105,0.0
2020-06-27,33.8,29,7.52,39.9,0.105,0.0
2020-06-28,27.4,28,5.17,36.5,0.105,0.0
2020-06-29,23.5,36,3.75,32.5,0.105,0.0
2020-06-30,27.7,27,5.13,34.5,0.11,0.0
2020-07-01,28.7,28,5.54,35.9,0.111,0.0
2020-07-02,27.4,31,5.05,35.6,0.111,0.0
2020-07-03,27.7,32,5.34,35.3,0.111,0.0
2020-07-04,29.7,23,6.53,35.8,0.111,0.0
2020-07-05,31.2,19,6.96,36.0,0.111,0.0
2020-07-06,29.3,19,6.34,35.4,0.111,0.0
2020-07-07,26.9,24,5.47,33.8,0.111,0.0
2020-07-08,29.0,24,6.04,35.0,0.11,0.0
2020-07-09,30.0,26,6.3,36.0,0.11,0.0
2020-07-10,31.7,21,6.78,36.8,0.11,0.0
2020-07-11,33.6,17,7.97,38.5,0.11,0.0
2020-07-12,34.9,13,8.43,39.8,0.11,0.0
2020-07-13,32.9,18,7.22,39.5,0.11,0.0
2020-07-14,28.9,32,5.57,37.2,0.109,0.0
2020-07-15,29.2,34,5.46,36.7,0.109,0.0
2020-07-16,30.4,31,5.81,37.3,0.109,0.0
2020-07-17,30.5,29,5.78,37.4,0.109,0.0
2020-07-18,30.7,32,6.14,37.6,0.109,0.0
2020-07-19,31.4,28,6.36,38.0,0.109,0.0
2020-07-20,30.2,30,5.81,36.9,0.109,0.0
2020-07-21,29.6,28,5.49,36.0,0.109,0.0
2020-07-22,28.1,35,5.4,35.9,0.109,0.0
2020-07-23,27.0,37,5.04,34.9,0.109,0.0
2020-07-24,29.3,32,5.41,36.2,0.109,0.0
2020-07-25,29.8,30,5.72,36.7,0.108,0.0
2020-07-26,31.1,27,6.34,37.6,0.108,0.0
2020-07-27,31.7,24,6.56,38.1,0.108,0.0
2020-07-28,31.8,23,6.67,37.7,0.108,0.0
2020-07-29,32.4,22,7.02,38.3,0.108,0.0
2020-07-30,32.0,22,7.05,38.1,0.108,0.0
2020-07-31,31.8,21,7.11,37.4,0.108,0.0
2020-08-01,30.7,18,6.94,36.5,0.107,0.0
2020-08-02,31.1,21,7.09,36.5,0.107,0.0
2020-08-03,31.1,24,6.83,36.5,0.107,0.0
2020-08-04,29.3,30,6.0,36.1,0.107,0.0
2020-08-05,26.3,37,4.53,34.1,0.107,0.0
2020-08-06,24.2,44,3.99,32.4,0.107,0.0
2020-08-07,27.4,38,4.94,34.0,0.107,0.0
2020-08-08,29.8,30,5.55,35.8,0.107,0.0
2020-08-09,31.7,30,6.31,37.2,0.107,0.0
2020-08-10,32.4,26,6.45,38.1,0.107,0.0
2020-08-11,31.0,28,5.97,37.4,0.107,0.0
2020-08-12,31.0,27,6.58,37.5,0.107,0.0
2020-08-13,31.4,27,5.62,35.3,0.106,0.0
2020-08-14,34.1,24,7.47,38.3,0.107,0.0
2020-08-15,36.4,21,8.59,39.0,0.107,0.0
2020-08-16,37.1,22,8.68,39.7,0.106,0.0
2020-08-17,36.4,25,8.04,40.8,0.106,0.0
2020-08-18,36.3,25,7.94,41.0,0.106,0.0
2020-08-19,36.7,16,8.63,40.3,0.106,0.0
2020-08-20,33.7,16,7.19,38.4,0.106,0.0
2020-08-21,31.5,24,7.1,36.9,0.106,0.0
2020-08-22,32.3,28,7.14,37.4,0.106,0.0
2020-08-23,32.3,29,6.38,37.5,0.105,0.0
2020-08-24,32.8,33,6.16,38.7,0.105,0.0
2020-08-25,31.3,38,5.28,37.8,0.105,0.0
2020-08-26,30.6,39,5.32,36.9,0.105,0.0
2020-08-27,29.3,30,5.28,35.9,0.105,0.0
2020-08-28,30.1,28,6.26,35.8,0.105,0.0
2020-08-29,30.2,29,6.2,36.0,0.105,0.0
2020-08-30,29.6,31,5.75,35.3,0.105,0.0
2020-08-31,30.1,28,5.86,35.5,0.105,0.0
2020-09-01,29.4,32,5.58,35.1,0.105,0.0
2020-09-02,28.5,36,5.46,34.5,0.105,0.0
2020-09-03,28.7,36,5.51,34.3,0.104,0.0
2020-09-04,30.2,33,5.91,35.4,0.104,0.0
2020-09-05,32.7,27,7.52,36.7,0.104,0.0
2020-09-06,34.8,24,9.2,38.0,0.104,0.0
2020-09-07,34.6,19,9.35,37.8,0.104,0.0
2020-09-08,32.5,18,7.36,36.6,0.104,0.0
2020-09-09,29.4,19,5.79,34.1,0.104,0.0
2020-09-10,27.8,27,5.41,33.0,0.104,0.0
2020-09-11,26.0,32,5.26,31.5,0.104,0.0
2020-09-12,26.6,25,5.62,31.3,0.104,0.0
2020-09-13,27.9,25,5.9,32.2,0.104,0.0
2020-09-14,28.2,32,5.8,32.7,0.104,0.0
2020-09-15,28.0,31,5.72,32.8,0.104,0.0
2020-09-16,27.6,30,5.65,32.5,0.104,0.0
2020-09-17,26.9,34,4.77,31.1,0.104,0.0
2020-09-18,26.3,41,3.43,31.0,0.106,0.4
2020-09-19,24.0,48,3.6,29.6,0.106,0.0
2020-09-20,25.7,35,4.58,30.2,0.106,0.0
2020-09-21,27.3,27,5.08,30.8,0.106,0.0
2020-09-22,26.9,30,5.16,31.2,0.106,0.0
2020-09-23,25.9,27,4.91,30.5,0.106,0.0
2020-09-24,25.7,43,3.96,29.9,0.106,0.0
2020-09-25,24.7,38,3.76,29.7,0.106,0.0
2020-09-26,24.9,42,3.85,29.0,0.106,0.0
2020-09-27,26.9,36,4.79,30.7,0.106,0.0
2020-09-28,28.3,33,5.65,31.5,0.106,0.0
2020-09-29,30.0,24,6.7,32.3,0.106,0.0
2020-09-30,28.8,29,5.7,32.0,0.106,0.0
2020-10-01,28.5,27,6.09,31.6,0.106,0.0
2020-10-02,28.2,25,6.15,31.0,0.106,0.0
2020-10-03,27.3,26,5.49,30.5,0.106,0.0
2020-10-04,27.2,24,5.83,29.9,0.105,0.0
2020-10-05,26.1,24,5.54,29.0,0.105,0.0
2020-10-06,25.7,25,4.3,27.8,0.105,0.0
2020-10-07,25.4,25,4.7,28.4,0.105,0.0
2020-10-08,22.9,33,3.57,26.9,0.105,0.0
2020-10-09,20.3,52,2.65,25.3,0.106,0.0
2020-10-10,21.1,52,2.77,25.4,0.106,0.0
2020-10-11,21.5,61,2.63,25.9,0.106,0.0
2020-10-12,22.2,33,3.52,25.8,0.106,0.0
2020-10-13,23.0,33,4.01,25.7,0.106,0.0
2020-10-14,24.3,31,4.21,26.4,0.106,0.0
2020-10-15,24.3,32,4.66,27.0,0.106,0.0
2020-10-16,24.7,31,4.96,26.8,0.106,0.0
2020-10-17,25.2,28,4.93,26.9,0.106,0.0
2020-10-18,25.0,27,4.8,26.9,0.106,0.0
2020-10-19,23.4,32,4.36,26.4,0.106,0.0
2020-10-20,23.1,33,4.03,25.6,0.106,0.0
2020-10-21,22.2,32,3.86,25.2,0.106,0.0
2020-10-22,21.5,31,3.45,24.6,0.106,0.0
2020-10-23,19.4,28,2.98,23.6,0.106,0.0
2020-10-24,18.9,41,2.6,23.1,0.106,0.0
2020-10-25,17.1,65,1.72,21.4,0.106,0.0
2020-10-26,14.5,30,2.38,19.4,0.106,0.0
2020-10-27,14.9,34,2.39,18.6,0.106,0.0
2020-10-28,16.6,31,3.03,18.9,0.106,0.0
2020-10-29,16.7,30,3.21,19.0,0.106,0.0
2020-10-30,17.2,31,3.2,19.2,0.106,0.0
2020-10-31,17.7,33,3.08,19.5,0.106,0.0
2020-11-01,18.5,30,3.59,19.8,0.106,0.0
2020-11-02,19.5,29,3.49,20.2,0.106,0.0
2020-11-03,18.6,30,3.32,20.4,0.107,0.0
2020-11-04,18.1,37,3.0,19.6,0.107,0.0
2020-11-05,18.3,39,2.84,19.6,0.107,0.0
2020-11-06,15.2,43,1.66,18.1,0.107,0.0
2020-11-07,10.9,69,0.9,14.8,0.125,1.8
2020-11-08,8.9,72,0.77,12.1,0.173,7.2
2020-11-09,6.7,67,0.99,10.9,0.182,0.0
2020-11-10,7.4,61,1.14,11.0,0.174,0.0
2020-11-11,8.6,58,1.18,11.4,0.167,0.0
2020-11-12,10.5,57,1.42,12.4,0.161,0.0
2020-11-13,11.3,51,1.59,12.9,0.156,0.0
2020-11-14,13.2,65,1.17,15.7,0.15,0.0
2020-11-15,11.6,73,1.4,14.2,0.146,0.0
2020-11-16,12.6,62,1.83,14.3,0.143,0.0
2020-11-17,16.6,42,2.81,15.3,0.138,0.0
2020-11-18,15.1,72,0.81,15.9,0.226,11.9
2020-11-19,12.9,74,1.26,14.6,0.249,0.0
2020-11-20,9.9,77,1.06,12.8,0.231,0.0
2020-11-21,9.6,77,1.05,12.0,0.219,0.0
2020-11-22,10.0,73,1.3,11.7,0.207,0.0
2020-11-23,10.1,73,1.05,12.0,0.197,0.0
2020-11-24,10.0,74,0.99,11.9,0.19,0.0
2020-11-25,9.9,71,1.02,11.7,0.182,0.0
2020-11-26,8.5,64,0.96,11.3,0.175,0.0
2020-11-27,8.2,58,1.42,10.6,0.169,0.0
2020-11-28,8.5,54,1.54,9.9,0.163,0.0
2020-11-29,9.2,54,1.46,9.8,0.158,0.0
2020-11-30,9.6,58,1.29,9.9,0.155,0.0
2020-12-01,8.2,66,1.21,10.0,0.152,0.0
2020-12-02,9.4,56,1.6,9.9,0.148,0.0
2020-12-03,11.0,45,2.1,11.2,0.145,0.0
2020-12-04,10.3,42,1.7,10.4,0.142,0.0
2020-12-05,10.6,43,1.96,10.9,0.139,0.0
2020-12-06,9.5,56,1.4,10.5,0.135,0.0
2020-12-07,8.2,69,1.42,10.0,0.133,0.0
2020-12-08,9.5,57,1.52,10.1,0.131,0.0
2020-12-09,10.5,50,1.75,11.0,0.129,0.0
2020-12-10,9.5,59,1.31,10.6,0.128,0.0
2020-12-11,8.5,62,1.02,9.8,0.126,0.0
2020-12-12,9.4,84,0.54,10.9,0.199,10.0
2020-12-13,8.2,91,0.44,9.4,0.229,5.1
2020-12-14,8.3,84,0.69,9.1,0.276,0.3
2020-12-15,7.0,83,0.57,8.9,0.257,0.0
2020-12-16,6.4,80,0.71,8.3,0.243,0.0
2020-12-17,8.8,78,0.67,9.9,0.247,1.1
2020-12-18,7.3,90,0.48,9.3,0.261,0.4
2020-12-19,6.1,83,0.81,8.2,0.247,0.0
2020-12-20,5.6,89,0.45,7.5,0.237,0.0
2020-12-21,5.1,86,0.87,7.2,0.228,0.0
2020-12-22,5.8,89,0.49,7.4,0.221,0.0
2020-12-23,5.8,89,0.51,8.1,0.214,0.0
2020-12-24,6.9,70,1.08,7.3,0.208,0.0
2020-12-25,8.4,56,1.2,7.9,0.203,0.0
2020-12-26,10.7,69,0.71,10.4,0.199,0.4
2020-12-27,8.4,84,0.57,9.4,0.196,0.8
2020-12-28,9.6,78,0.74,10.1,0.278,9.0
2020-12-29,7.4,86,0.65,9.4,0.263,0.0
2020-12-30,6.1,76,0.71,8.0,0.249,0.0
2020-12-31,7.9,76,0.69,8.9,0.241,0.7
2021-01-01,7.3,78,0.83,9.3,0.233,0.0
2021-01-02,8.1,70,0.96,8.9,0.225,0.0
2021-01-03,10.7,74,0.68,11.4,0.219,0.0
2021-01-04,11.7,72,1.08,11.9,0.211,0.4
2021-01-05,9.3,85,0.68,11.3,0.206,0.0
2021-01-06,8.2,83,0.82,10.1,0.201,0.0
2021-01-07,6.5,87,0.7,8.6,0.197,0.0
2021-01-08,7.9,81,0.94,9.1,0.192,0.0
2021-01-09,7.0,89,0.42,9.3,0.188,0.0
2021-01-10,7.0,82,0.86,9.1,0.186,0.0
2021-01-11,7.5,82,0.93,9.4,0.181,0.0
2021-01-12,8.1,73,0.83,8.6,0.177,0.0
2021-01-13,9.1,70,1.22,9.9,0.174,0.0
2021-01-14,9.8,71,1.15,11.1,0.169,0.0
2021-01-15,10.7,76,1.26,11.2,0.164,0.0
2021-01-16,10.5,82,1.02,11.8,0.162,0.0
2021-01-17,11.9,73,1.38,12.1,0.161,0.0
2021-01-18,11.8,73,1.37,12.2,0.158,0.0
2021-01-19,12.6,37,2.03,12.9,0.153,0.0
2021-01-20,9.5,50,1.58,11.2,0.148,0.0
2021-01-21,10.2,54,1.64,10.9,0.145,0.0
2021-01-22,9.0,62,0.87,10.5,0.152,3.6
2021-01-23,8.1,75,0.75,9.6,0.189,1.1
2021-01-24,8.5,72,0.74,10.0,0.194,5.0
2021-01-25,6.4,74,0.68,8.5,0.305,6.0
2021-01-26,5.3,70,0.73,7.5,0.291,0.5
2021-01-27,8.6,75,0.8,7.6,0.373,30.1
2021-01-28,10.1,75,0.96,9.0,0.411,39.4
2021-01-29,8.2,85,0.47,9.2,0.405,4.8
2021-01-30,6.6,78,0.83,8.7,0.371,0.0
2021-01-31,9.2,68,1.06,9.6,0.35,0.0
2021-02-01,14.0,57,1.48,12.5,0.33,0.1
2021-02-02,12.2,71,0.81,12.4,0.308,0.0
2021-02-03,10.3,71,0.98,11.7,0.298,0.0
2021-02-04,7.6,81,0.7,10.5,0.284,0.0
2021-02-05,8.7,73,1.02,10.0,0.274,0.0
2021-02-06,8.8,78,0.88,10.4,0.262,0.0
2021-02-07,9.7,77,0.99,11.0,0.255,0.0
2021-02-08,10.3,73,1.14,10.9,0.249,0.0
2021-02-09,11.8,79,0.77,12.4,0.239,0.0
2021-02-10,12.1,78,1.02,13.3,0.226,0.0
2021-02-11,11.8,82,0.88,12.9,0.22,1.9
2021-02-12,11.9,75,0.82,12.9,0.305,8.1
2021-02-13,10.4,80,0.66,12.1,0.299,2.3
2021-02-14,9.7,69,0.94,11.3,0.285,0.0
2021-02-15,10.0,78,0.44,11.4,0.27,1.0
2021-02-16,10.6,74,1.02,11.7,0.263,0.2
2021-02-17,8.7,69,1.18,10.8,0.248,0.0
2021-02-18,9.2,59,1.38,10.6,0.232,0.0
2021-02-19,10.7,60,1.35,11.8,0.216,0.0
2021-02-20,10.6,67,1.04,12.2,0.208,0.2
2021-02-21,8.6,73,1.02,11.6,0.197,0.0
2021-02-22,11.0,67,1.64,12.4,0.182,0.0
2021-02-23,12.4,67,1.43,12.8,0.177,0.0
2021-02-24,11.5,60,1.68,13.0,0.17,0.0
2021-02-25,10.3,49,1.5,13.3,0.158,0.0
2021-02-26,10.2,60,1.54,12.8,0.146,0.0
2021-02-27,11.3,48,1.75,13.5,0.136,0.0
2021-02-28,11.3,42,1.87,13.3,0.133,0.0
2021-03-01,12.6,40,2.6,14.3,0.125,0.0
2021-03-02,12.5,38,2.43,15.0,0.122,0.0
2021-03-03,12.4,48,1.61,14.4,0.119,0.0
2021-03-04,12.5,50,1.83,15.5,0.117,0.0
2021-03-05,13.7,46,2.4,16.6,0.112,0.0
2021-03-06,13.0,55,1.54,15.8,0.108,0.0
2021-03-07,12.0,54,1.56,15.4,0.107,0.0
2021-03-08,11.9,50,1.63,15.4,0.102,0.0
2021-03-09,11.5,49,1.4,15.3,0.09,0.0
2021-03-10,8.5,76,0.49,11.4,0.213,17.6
2021-03-11,7.8,73,0.78,10.8,0.298,0.9
2021-03-12,9.6,66,1.04,11.8,0.276,0.1
2021-03-13,10.5,65,1.22,13.1,0.248,0.0
2021-03-14,10.7,69,1.06,13.6,0.22,0.0
2021-03-15,7.6,77,0.52,11.3,0.328,18.3
2021-03-16,6.9,75,0.76,10.6,0.314,0.0
2021-03-17,9.7,66,1.26,12.1,0.269,0.0
2021-03-18,14.7,56,1.72,14.9,0.239,0.0
2021-03-19,14.0,81,0.81,15.0,0.272,8.6
2021-03-20,11.4,63,1.18,13.6,0.319,0.1
2021-03-21,11.0,63,1.22,13.4,0.269,0.0
2021-03-22,11.4,64,1.42,14.1,0.232,0.0
2021-03-23,13.0,55,1.65,14.7,0.211,0.0
2021-03-24,12.1,40,1.81,14.8,0.188,0.0
2021-03-25,11.7,59,1.07,14.0,0.178,0.0
2021-03-26,12.4,63,1.53,15.5,0.172,0.0
2021-03-27,14.7,54,2.13,17.3,0.155,0.0
2021-03-28,16.9,53,2.97,19.2,0.143,0.0
2021-03-29,17.7,48,2.88,19.9,0.139,0.0
2021-03-30,16.3,39,2.34,19.8,0.136,0.0
2021-03-31,18.2,44,3.48,20.5,0.138,0.0
2021-04-01,19.3,39,3.98,21.7,0.131,0.0
2021-04-02,19.9,38,3.69,22.0,0.135,0.0
2021-04-03,18.2,44,2.7,22.2,0.131,0.0
2021-04-04,16.6,50,2.31,21.3,0.127,0.0
2021-04-05,16.4,51,2.13,20.7,0.126,0.0
2021-04-06,16.4,55,2.39,21.1,0.12,0.0
2021-04-07,18.5,47,2.78,22.2,0.121,0.0
2021-04-08,17.1,41,2.64,21.3,0.12,0.0
2021-04-09,18.2,40,2.89,21.8,0.121,0.0
2021-04-10,16.6,47,2.54,21.5,0.118,0.0
2021-04-11,18.9,46,2.88,22.7,0.116,0.0
2021-04-12,19.9,42,3.3,23.9,0.115,0.0
2021-04-13,18.6,39,2.72,23.6,0.114,0.0
2021-04-14,15.0,46,1.94,21.5,0.114,0.0
2021-04-15,17.1,41,2.69,22.2,0.114,0.0
2021-04-16,18.5,34,2.91,23.0,0.113,0.0
2021-04-17,19.8,38,2.91,24.4,0.113,0.0
2021-04-18,21.4,33,4.12,25.4,0.113,0.0
2021-04-19,22.4,28,4.29,26.4,0.113,0.0
2021-04-20,20.1,37,3.46,26.1,0.113,0.0
2021-04-21,17.3,52,2.16,23.6,0.116,0.8
2021-04-22,19.4,44,3.11,25.2,0.114,0.0
2021-04-23,18.3,46,2.93,25.0,0.113,0.0
2021-04-24,18.0,39,2.6,24.3,0.113,0.0
2021-04-25,14.5,64,1.3,19.4,0.132,7.3
2021-04-26,14.9,52,1.94,19.1,0.166,0.8
2021-04-27,16.0,46,2.25,20.5,0.146,0.0
2021-04-28,19.1,38,3.49,23.3,0.135,0.0
2021-04-29,22.4,35,4.29,26.1,0.125,0.0
2021-04-30,25.2,30,5.1,28.7,0.118,0.0
2021-05-01,22.4,32,3.68,27.7,0.115,0.0
2021-05-02,20.6,42,3.42,26.1,0.113,0.0
2021-05-03,22.9,33,4.08,27.6,0.114,0.0
2021-05-04,24.8,27,4.65,28.7,0.115,0.0
2021-05-05,26.8,28,5.16,31.1,0.114,0.0
2021-05-06,25.7,26,4.47,30.6,0.113,0.0
2021-05-07,21.6,35,3.65,28.3,0.113,0.0
2021-05-08,22.2,31,3.87,28.0,0.113,0.0
2021-05-09,23.6,22,4.15,28.3,0.113,0.0
2021-05-10,25.1,27,4.6,30.0,0.113,0.0
2021-05-11,26.5,22,5.34,31.3,0.113,0.0
2021-05-12,27.5,20,5.81,32.3,0.113,0.0
2021-05-13,27.4,22,5.62,32.7,0.113,0.0
2021-05-14,25.4,30,5.02,32.0,0.113,0.0
2021-05-15,20.1,41,2.79,28.9,0.113,0.0
2021-05-16,20.8,45,2.91,28.3,0.113,0.0
2021-05-17,22.1,43,3.29,29.2,0.113,0.0
2021-05-18,22.8,35,4.07,28.9,0.113,0.0
2021-05-19,21.2,24,3.5,28.2,0.114,0.0
2021-05-20,16.6,29,2.48,23.9,0.113,0.0
2021-05-21,17.3,30,2.52,23.8,0.113,0.2
2021-05-22,18.3,34,2.59,24.5,0.113,0.0
2021-05-23,20.8,35,3.25,27.1,0.113,0.0
2021-05-24,23.6,34,4.22,28.9,0.113,0.0
2021-05-25,24.7,31,4.18,30.0,0.113,0.0
2021-05-26,24.3,30,4.59,30.3,0.113,0.0
2021-05-27,24.8,26,4.77,30.3,0.113,0.0
2021-05-28,24.6,40,4.53,30.9,0.113,0.0
2021-05-29,24.4,36,4.05,30.7,0.113,0.0
2021-05-30,25.6,35,4.62,32.0,0.113,0.0
2021-05-31,31.0,27,6.74,35.2,0.113,0.0
2021-06-01,32.7,23,7.27,37.2,0.112,0.0
2021-06-02,32.2,21,7.3,37.2,0.112,0.0
2021-06-03,30.9,26,6.76,37.0,0.112,0.0
2021-06-04,30.8,24,6.33,36.6,0.112,0.0
2021-06-05,29.2,23,6.08,35.9,0.112,0.0
2021-06-06,27.8,29,5.37,35.3,0.112,0.0
2021-06-07,23.0,29,3.62,31.2,0.112,0.0
2021-06-08,20.0,35,3.05,29.0,0.112,0.0
2021-06-09,19.1,35,2.85,27.9,0.112,0.0
2021-06-10,19.6,31,3.32,26.8,0.113,0.0
2021-06-11,22.1,26,4.06,28.2,0.113,0.0
2021-06-12,25.4,39,4.42,30.9,0.113,0.0
2021-06-13,28.0,40,4.79,33.8,0.113,0.0
2021-06-14,26.8,42,4.37,33.3,0.113,0.0
2021-06-15,26.7,26,5.14,32.6,0.113,0.0
2021-06-16,29.0,18,6.59,33.4,0.113,0.0
2021-06-17,32.5,11,8.21,36.1,0.112,0.0
2021-06-18,36.2,13,9.16,39.3,0.112,0.0
2021-06-19,35.4,16,8.94,40.2,0.112,0.0
2021-06-20,34.3,18,8.38,39.9,0.112,0.0
2021-06-21,31.0,24,6.73,38.4,0.112,0.0
2021-06-22,28.5,33,5.88,36.4,0.112,0.0
2021-06-23,27.3,38,5.05,35.8,0.112,0.0
2021-06-24,26.8,39,4.46,35.0,0.112,0.0
2021-06-25,27.8,36,5.12,34.9,0.112,0.0
2021-06-26,31.0,31,6.14,36.7,0.112,0.0
2021-06-27,34.3,26,7.68,39.3,0.111,0.0
2021-06-28,31.8,28,6.38,38.0,0.111,0.0
2021-06-29,32.5,25,6.93,38.0,0.111,0.0
2021-06-30,33.5,27,7.06,40.1,0.111,0.0
2021-07-01,30.7,33,5.81,38.3,0.111,0.0
2021-07-02,31.1,32,6.25,38.2,0.111,0.0
2021-07-03,31.0,32,6.22,38.3,0.111,0.0
2021-07-04,30.2,31,6.03,38.0,0.111,0.0
2021-07-05,29.8,30,6.02,37.3,0.111,0.0
2021-07-06,29.8,29,6.07,36.6,0.111,0.0
2021-07-07,30.4,23,6.45,36.3,0.111,0.0
2021-07-08,33.3,22,7.94,38.7,0.11,0.0
2021-07-09,36.9,15,9.13,41.2,0.11,0.0
2021-07-10,37.7,13,9.21,41.7,0.11,0.0
2021-07-11,38.1,12,9.96,42.1,0.11,0.0
2021-07-12,35.0,17,8.85,40.7,0.11,0.0
2021-07-13,32.7,23,7.44,39.8,0.109,0.0
2021-07-14,30.5,30,6.07,38.5,0.109,0.0
2021-07-15,29.9,28,5.88,38.1,0.109,0.0
2021-07-16,29.4,28,6.01,37.3,0.109,0.0
2021-07-17,31.1,24,6.72,38.1,0.109,0.0
2021-07-18,32.5,22,6.86,38.1,0.109,0.0
2021-07-19,33.5,20,7.1,39.3,0.109,0.0
2021-07-20,32.8,21,6.98,39.0,0.109,0.0
2021-07-21,31.2,19,7.04,37.7,0.109,0.0
2021-07-22,32.1,17,7.4,38.1,0.108,0.0
2021-07-23,31.7,20,6.97,38.1,0.108,0.0
2021-07-24,32.4,19,7.09,38.5,0.108,0.0
2021-07-25,32.5,19,6.77,38.6,0.108,0.0
2021-07-26,31.7,21,6.43,38.4,0.108,0.0
2021-07-27,33.1,22,6.72,39.3,0.108,0.0
2021-07-28,32.7,26,6.93,38.9,0.108,0.0
2021-07-29,33.7,25,7.16,39.6,0.108,0.0
2021-07-30,34.8,24,7.12,40.4,0.107,0.0
2021-07-31,33.3,23,6.61,39.8,0.107,0.0
2021-08-01,32.1,25,6.83,39.2,0.107,0.0
2021-08-02,30.2,30,6.5,37.5,0.107,0.0
2021-08-03,32.3,17,7.45,38.0,0.107,0.0
2021-08-04,33.0,16,7.78,38.3,0.107,0.0
2021-08-05,29.7,24,6.36,36.4,0.107,0.0
2021-08-06,28.7,28,6.22,35.3,0.107,0.0
2021-08-07,31.3,23,6.74,36.9,0.107,0.0
2021-08-08,31.4,25,6.71,37.6,0.106,0.0
2021-08-09,31.1,31,6.37,37.7,0.106,0.0
2021-08-10,32.3,20,7.08,38.1,0.106,0.0
2021-08-11,33.8,20,7.46,39.0,0.106,0.0
2021-08-12,33.9,20,7.01,39.0,0.106,0.0
2021-08-13,33.3,22,7.19,38.5,0.106,0.0
2021-08-14,33.0,26,7.09,38.8,0.106,0.0
2021-08-15,33.9,27,7.19,39.3,0.106,0.0
2021-08-16,34.2,27,7.6,39.4,0.105,0.0
2021-08-17,31.7,25,6.59,38.5,0.105,0.0
2021-08-18,26.3,33,4.27,35.0,0.105,0.0
2021-08-19,26.2,36,4.26,33.5,0.105,0.0
2021-08-20,27.8,33,4.91,34.2,0.105,0.0
2021-08-21,26.7,39,4.67,33.9,0.105,0.0
2021-08-22,25.5,43,4.25,32.9,0.105,0.0
2021-08-23,27.1,32,4.76,33.8,0.105,0.0
2021-08-24,27.1,35,4.8,33.9,0.105,0.0
2021-08-25,27.7,32,5.33,33.9,0.105,0.0
2021-08-26,28.2,24,5.88,33.6,0.105,0.0
2021-08-27,29.4,21,6.39,34.1,0.105,0.0
2021-08-28,31.5,18,7.36,35.2,0.105,0.0
2021-08-29,32.0,20,7.81,36.3,0.105,0.0
2021-08-30,33.2,19,8.04,37.3,0.105,0.0
2021-08-31,31.2,18,7.07,36.6,0.105,0.0
2021-09-01,26.4,28,4.94,33.7,0.104,0.0
2021-09-02,24.2,38,4.37,31.7,0.104,0.0
2021-09-03,25.4,34,4.93,31.7,0.104,0.0
2021-09-04,27.4,26,5.74,32.4,0.104,0.0
2021-09-05,29.0,20,6.49,33.4,0.104,0.0
2021-09-06,31.0,16,7.29,34.7,0.104,0.0
2021-09-07,32.9,16,7.63,36.5,0.104,0.0
2021-09-08,32.2,20,7.26,36.4,0.104,0.0
2021-09-09,33.3,24,6.96,37.1,0.104,0.0
2021-09-10,31.0,26,5.28,36.3,0.104,0.0
2021-09-11,28.9,31,5.03,34.9,0.104,0.0
2021-09-12,28.9,29,5.59,34.2,0.104,0.0
2021-09-13,29.0,24,5.81,34.0,0.104,0.0
2021-09-14,28.9,24,6.07,33.3,0.104,0.0
2021-09-15,28.6,25,5.67,33.6,0.104,0.0
2021-09-16,26.2,33,4.53,32.2,0.104,0.0
2021-09-17,25.0,42,4.42,31.2,0.104,0.0
2021-09-18,23.8,41,3.71,30.1,0.104,0.0
2021-09-19,22.9,50,3.22,28.4,0.104,0.0
2021-09-20,23.6,39,4.03,28.8,0.104,0.0
2021-09-21,27.5,26,6.28,30.4,0.104,0.0
2021-09-22,28.6,23,5.73,31.8,0.104,0.0
2021-09-23,28.2,27,5.3,32.4,0.104,0.0
2021-09-24,28.6,28,5.69,32.0,0.104,0.0
2021-09-25,27.2,31,5.11,31.6,0.103,0.0
2021-09-26,25.3,38,4.26,30.7,0.103,0.0
2021-09-27,23.2,43,3.69,28.7,0.104,0.0
2021-09-28,20.6,43,2.74,26.1,0.104,0.0
2021-09-29,20.3,30,3.19,25.5,0.104,0.0
2021-09-30,22.3,26,4.17,25.9,0.104,0.0
2021-10-01,23.9,22,4.8,26.9,0.104,0.0
2021-10-02,24.2,20,5.04,27.1,0.104,0.0
2021-10-03,24.7,20,5.27,27.3,0.104,0.0
2021-10-04,25.1,18,5.1,27.7,0.104,0.0
2021-10-05,24.9,22,4.14,28.1,0.104,0.0
2021-10-06,22.9,37,3.18,27.4,0.104,0.0
2021-10-07,21.2,33,2.8,26.4,0.104,0.0
2021-10-08,16.6,54,1.7,22.7,0.141,5.0
2021-10-09,15.8,56,2.02,20.9,0.151,0.0
2021-10-10,16.6,52,2.41,21.1,0.142,0.0
2021-10-11,16.4,35,2.0,19.6,0.135,0.0
2021-10-12,14.2,27,1.96,17.9,0.178,0.0
2021-10-13,13.7,32,2.12,16.6,0.176,0.0
2021-10-14,15.0,44,2.27,17.4,0.164,0.0
2021-10-15,17.3,42,3.16,18.8,0.155,0.0
2021-10-16,17.8,42,3.38,19.7,0.146,0.0
2021-10-17,18.3,32,3.4,19.7,0.139,0.0
2021-10-18,13.7,60,1.32,17.3,0.147,0.9
2021-10-19,13.8,51,1.99,17.0,0.145,0.0
2021-10-20,17.1,40,2.42,19.0,0.138,0.0
2021-10-21,20.1,42,2.48,21.3,0.133,0.0
2021-10-22,16.7,75,1.14,19.2,0.156,5.9
2021-10-23,16.1,62,1.67,19.0,0.19,0.0
2021-10-24,17.0,59,1.52,17.5,0.192,1.3
2021-10-25,14.4,81,0.68,16.4,0.333,28.6
2021-10-26,12.6,77,1.12,14.9,0.336,0.0
2021-10-27,13.7,76,1.08,16.1,0.299,0.0
2021-10-28,15.6,79,1.21,17.4,0.272,0.0
2021-10-29,16.7,80,1.58,18.4,0.25,0.0
2021-10-30,17.4,79,1.29,18.7,0.237,0.0
2021-10-31,15.5,80,0.94,18.4,0.225,0.0
2021-11-01,15.8,77,1.12,17.3,0.217,0.2
2021-11-02,17.2,75,1.27,18.8,0.21,0.0
2021-11-03,15.8,86,0.96,18.3,0.2,0.0
2021-11-04,16.2,81,1.06,17.8,0.194,0.0
2021-11-05,13.9,81,1.2,17.0,0.186,0.0
2021-11-06,13.9,75,1.46,16.4,0.18,0.0
2021-11-07,13.2,64,1.34,15.6,0.174,0.0
2021-11-08,11.6,59,1.28,14.3,0.168,0.0
2021-11-09,13.4,80,0.81,14.4,0.251,18.6
2021-11-10,13.2,86,0.89,14.5,0.246,0.0
2021-11-11,13.6,86,0.79,15.4,0.235,0.0
2021-11-12,13.1,86,0.85,15.1,0.226,0.0
2021-11-13,12.5,89,0.73,14.9,0.218,0.0
2021-11-14,12.7,85,1.07,14.7,0.213,0.0
2021-11-15,13.2,86,1.17,14.8,0.21,0.0
2021-11-16,12.8,87,0.83,14.9,0.212,0.0
2021-11-17,12.0,83,0.95,14.4,0.21,0.0
2021-11-18,12.4,81,1.09,13.5,0.202,0.0
2021-11-19,12.5,84,1.09,14.4,0.199,0.0
2021-11-20,11.9,87,0.72,13.9,0.194,0.0
2021-11-21,11.3,85,0.86,13.5,0.185,0.0
2021-11-22,11.1,76,1.16,12.5,0.179,0.0
2021-11-23,10.6,75,1.13,11.7,0.174,0.0
2021-11-24,9.5,87,0.67,11.9,0.168,0.1
2021-11-25,9.1,77,1.22,11.4,0.162,0.0
2021-11-26,9.3,76,0.97,10.4,0.155,0.0
2021-11-27,9.9,75,1.18,11.1,0.152,0.0
2021-11-28,11.1,67,1.72,11.6,0.144,0.0
2021-11-29,11.3,72,1.4,11.8,0.139,0.0
2021-11-30,12.1,78,1.26,12.4,0.136,0.0
2021-12-01,13.0,64,1.71,12.7,0.131,0.0
2021-12-02,12.3,63,1.86,12.2,0.132,0.0
2021-12-03,11.7,77,1.24,12.7,0.133,0.0
2021-12-04,9.6,92,0.49,12.0,0.13,0.0
2021-12-05,8.7,89,0.41,11.2,0.134,0.0
2021-12-06,8.0,80,0.69,10.5,0.142,0.0
2021-12-07,9.5,80,0.83,11.9,0.148,0.0
2021-12-08,9.9,79,0.9,11.4,0.148,0.0
2021-12-09,9.8,86,0.44,11.3,0.281,16.2
2021-12-10,7.0,85,0.56,9.7,0.306,0.0
2021-12-11,6.5,81,0.64,8.7,0.279,0.0
2021-12-12,8.2,63,0.8,8.6,0.26,0.0
2021-12-13,10.4,67,0.72,9.6,0.282,10.5
2021-12-14,8.1,86,0.28,8.8,0.4,24.6
2021-12-15,5.5,78,0.49,7.1,0.358,0.0
2021-12-16,7.9,75,0.45,8.4,0.368,6.8
2021-12-17,5.9,91,0.33,8.0,0.362,0.0
2021-12-18,4.6,84,0.3,7.7,0.339,0.0
2021-12-19,5.2,83,0.58,7.1,0.325,0.0
2021-12-20,4.9,85,0.36,6.7,0.318,0.0
2021-12-21,5.3,84,0.68,6.8,0.312,0.0
2021-12-22,8.5,77,0.6,7.7,0.344,15.1
2021-12-23,12.0,91,0.2,10.7,0.425,30.3
2021-12-24,10.7,87,0.37,10.9,0.413,10.9
2021-12-25,8.2,84,0.45,8.7,0.402,10.7
2021-12-26,7.1,74,0.63,8.3,0.402,2.6
2021-12-27,6.5,78,0.48,7.5,0.399,9.5
2021-12-28,5.2,83,0.38,7.1,0.388,0.6
2021-12-29,6.7,81,0.33,7.1,0.401,6.9
2021-12-30,6.7,88,0.34,7.9,0.388,0.0
2021-12-31,6.7,84,0.5,8.2,0.367,0.0
2022-01-01,4.8,84,0.53,7.0,0.354,0.0
2022-01-02,5.0,78,0.78,6.3,0.336,0.0
2022-01-03,5.2,71,0.79,6.1,0.324,0.0
2022-01-04,6.9,79,0.52,7.4,0.319,0.0
2022-01-05,7.8,92,0.38,8.6,0.306,0.0
2022-01-06,8.7,89,0.4,9.8,0.299,0.0
2022-01-07,9.2,85,0.55,9.8,0.295,0.3
2022-01-08,8.7,91,0.43,10.1,0.299,0.0
2022-01-09,7.1,90,0.58,8.9,0.291,0.0
2022-01-10,7.8,82,0.81,8.4,0.28,0.0
2022-01-11,7.7,84,0.6,8.2,0.262,0.0
2022-01-12,9.1,77,1.01,8.4,0.25,0.0
2022-01-13,9.9,78,0.81,9.9,0.245,0.0
2022-01-14,7.6,89,0.52,9.0,0.235,0.0
2022-01-15,8.7,84,0.84,9.3,0.232,0.0
2022-01-16,10.6,74,1.12,11.0,0.237,0.0
2022-01-17,10.8,75,0.9,11.0,0.233,0.0
2022-01-18,11.0,84,0.71,12.2,0.228,0.0
2022-01-19,9.1,87,0.66,10.9,0.221,0.0
2022-01-20,9.3,85,0.69,10.4,0.213,0.0
2022-01-21,8.7,88,0.62,10.2,0.203,0.0
2022-01-22,8.5,73,0.98,9.7,0.198,0.0
2022-01-23,8.3,68,1.24,9.4,0.194,0.0
2022-01-24,8.2,76,1.11,9.2,0.187,0.0
2022-01-25,8.7,83,0.79,9.7,0.179,0.0
2022-01-26,8.7,70,1.43,9.9,0.169,0.0
2022-01-27,8.7,77,1.22,10.2,0.161,0.0
2022-01-28,9.2,63,1.78,10.0,0.152,0.0
2022-01-29,8.5,66,1.29,9.5,0.145,0.0
2022-01-30,7.8,70,1.17,9.4,0.143,0.0
2022-01-31,8.6,77,0.93,9.3,0.142,0.0
2022-02-01,7.8,77,0.73,9.8,0.142,0.0
2022-02-02,6.8,70,1.0,9.3,0.138,0.0
2022-02-03,7.5,60,1.21,9.2,0.133,0.0
2022-02-04,8.8,60,1.69,10.3,0.131,0.0
2022-02-05,8.7,65,1.41,10.2,0.128,0.0
2022-02-06,9.5,59,1.62,10.8,0.126,0.0
2022-02-07,10.4,64,1.99,11.5,0.127,0.0
2022-02-08,11.2,68,1.65,12.0,0.128,0.0
2022-02-09,12.0,61,1.88,12.9,0.125,0.0
2022-02-10,12.8,63,2.2,14.1,0.122,0.0
2022-02-11,14.4,58,2.36,14.9,0.116,0.0
2022-02-12,15.0,57,2.84,15.5,0.114,0.0
2022-02-13,15.3,51,2.83,16.1,0.114,0.0
2022-02-14,14.5,54,2.27,15.9,0.113,0.0
2022-02-15,11.1,55,1.24,14.4,0.118,0.0
2022-02-16,9.4,53,1.49,13.0,0.117,0.0
2022-02-17,10.7,53,1.89,13.6,0.115,0.0
2022-02-18,11.3,53,2.06,14.1,0.114,0.0
2022-02-19,12.0,57,2.29,14.3,0.116,0.0
2022-02-20,12.8,59,1.81,14.5,0.119,0.0
2022-02-21,10.2,53,1.46,13.9,0.118,0.0
2022-02-22,7.2,72,0.61,10.9,0.155,14.7
2022-02-23,5.5,69,0.98,8.9,0.17,0.3
2022-02-24,5.7,54,1.2,9.4,0.157,0.0
2022-02-25,7.0,53,1.35,10.2,0.151,0.0
2022-02-26,9.3,52,1.76,11.5,0.142,0.0
2022-02-27,12.1,48,1.99,13.9,0.136,0.0
2022-02-28,13.2,54,2.04,15.5,0.13,0.0
2022-03-01,14.6,56,2.3,16.7,0.121,0.0
2022-03-02,15.6,48,2.79,18.0,0.115,0.0
2022-03-03,15.5,57,2.24,18.1,0.112,0.0
2022-03-04,13.1,71,0.83,15.7,0.172,19.3
2022-03-05,7.8,64,0.88,11.8,0.29,3.5
2022-03-06,8.2,64,1.22,11.5,0.237,0.0
2022-03-07,9.3,61,1.32,12.4,0.214,0.0
2022-03-08,11.4,53,1.78,13.7,0.192,0.0
2022-03-09,12.8,47,2.17,14.7,0.175,0.0
2022-03-10,14.0,44,2.24,16.0,0.158,0.0
2022-03-11,13.1,40,2.28,15.7,0.146,0.0
2022-03-12,14.3,42,2.78,17.0,0.136,0.0
2022-03-13,15.3,43,2.18,17.8,0.126,0.0
2022-03-14,14.5,42,2.59,18.2,0.12,0.0
2022-03-15,14.1,60,1.36,16.4,0.12,0.7
2022-03-16,16.4,58,2.34,18.6,0.117,0.0
2022-03-17,15.3,52,2.03,18.1,0.118,0.0
2022-03-18,16.1,44,2.57,19.6,0.117,0.0
2022-03-19,14.6,54,1.38,18.4,0.114,2.9
2022-03-20,13.1,62,2.03,16.7,0.146,0.0
2022-03-21,13.7,57,2.22,17.8,0.143,0.0
2022-03-22,17.7,51,3.02,20.4,0.134,0.0
2022-03-23,20.5,45,3.76,22.6,0.129,0.0
2022-03-24,21.4,45,3.76,23.9,0.122,0.0
2022-03-25,22.0,43,3.88,25.3,0.117,0.0
2022-03-26,21.9,39,3.58,25.6,0.115,0.0
2022-03-27,19.9,39,3.46,24.6,0.104,0.0
2022-03-28,13.2,69,1.05,17.1,0.213,11.2
2022-03-29,13.1,77,1.07,15.9,0.25,0.8
2022-03-30,15.1,68,1.46,17.9,0.231,0.0
2022-03-31,14.4,66,1.52,17.9,0.206,0.0
2022-04-01,16.7,59,2.22,19.7,0.179,0.0
2022-04-02,18.8,50,2.99,21.4,0.156,0.0
2022-04-03,20.0,32,3.38,22.6,0.134,0.0
2022-04-04,17.9,40,2.69,21.8,0.119,0.0
2022-04-05,18.7,46,2.78,22.4,0.117,0.0
2022-04-06,19.2,32,3.31,23.3,0.122,0.0
2022-04-07,23.3,38,5.13,26.0,0.124,0.0
2022-04-08,24.7,32,5.43,27.2,0.126,0.0
2022-04-09,21.5,28,3.37,25.8,0.12,0.0
2022-04-10,17.6,17,2.85,22.6,0.124,0.0
2022-04-11,11.9,57,1.21,16.3,0.128,2.3
2022-04-12,11.6,33,1.77,15.9,0.135,0.0
2022-04-13,12.8,40,2.03,17.4,0.126,0.0
2022-04-14,14.7,47,1.75,18.5,0.117,0.0
2022-04-15,17.1,55,2.36,21.2,0.112,0.0
2022-04-16,16.7,55,1.71,19.7,0.15,9.0
2022-04-17,17.4,48,2.92,21.6,0.142,0.0
2022-04-18,17.7,40,2.75,21.6,0.132,0.0
2022-04-19,17.5,52,1.56,21.7,0.123,0.1
2022-04-20,17.3,43,2.49,22.7,0.117,0.0
2022-04-21,15.0,61,1.94,18.4,0.154,12.2
2022-04-22,13.9,63,1.51,17.4,0.258,1.8
2022-04-23,15.1,56,2.0,18.8,0.218,0.0
2022-04-24,17.8,49,2.86,21.7,0.175,0.0
2022-04-25,20.6,37,3.9,24.1,0.146,0.0
2022-04-26,20.3,35,3.11,24.1,0.129,0.0
2022-04-27,19.1,33,3.3,24.0,0.123,0.0
2022-04-28,16.7,37,2.38,22.6,0.117,0.0
2022-04-29,18.0,40,3.03,23.4,0.113,0.0
2022-04-30,20.9,35,3.61,25.2,0.113,0.0
2022-05-01,19.2,39,3.07,24.7,0.115,0.0
2022-05-02,20.9,33,3.64,25.8,0.114,0.0
2022-05-03,19.5,28,3.39,25.5,0.115,0.0
2022-05-04,23.0,30,4.47,27.8,0.116,0.0
2022-05-05,24.2,27,4.37,28.8,0.113,0.0
2022-05-06,23.0,44,3.54,28.6,0.114,0.0
2022-05-07,20.1,43,2.91,26.6,0.113,0.0
2022-05-08,16.1,36,2.39,22.8,0.115,0.0
2022-05-09,14.0,36,2.04,20.9,0.112,0.0
2022-05-10,13.5,37,1.83,20.3,0.112,0.0
2022-05-11,15.1,37,2.25,20.5,0.117,0.0
2022-05-12,17.9,33,2.89,23.0,0.112,0.0
2022-05-13,20.9,38,3.82,25.7,0.113,0.0
2022-05-14,24.8,39,4.28,29.2,0.113,0.0
2022-05-15,26.7,30,4.84,30.8,0.112,0.0
2022-05-16,23.7,29,4.08,29.7,0.11,0.0
2022-05-17,23.3,33,4.15,28.5,0.112,0.0
2022-05-18,26.3,28,5.34,30.9,0.112,0.0
2022-05-19,28.4,26,5.39,32.1,0.111,0.0
2022-05-20,22.4,19,3.59,29.1,0.111,0.0
2022-05-21,23.0,17,4.21,29.1,0.111,0.0
2022-05-22,25.4,19,4.96,30.4,0.111,0.0
2022-05-23,26.5,24,5.11,31.1,0.111,0.0
2022-05-24,28.4,24,5.72,33.3,0.11,0.0
2022-05-25,31.0,17,6.93,35.3,0.11,0.0
2022-05-26,29.2,27,5.88,35.3,0.11,0.0
2022-05-27,24.2,41,3.7,31.2,0.109,0.0
2022-05-28,22.4,39,3.19,29.1,0.109,0.0
2022-05-29,21.3,39,3.4,27.4,0.109,0.0
2022-05-30,22.0,29,3.62,27.6,0.109,0.0
2022-05-31,23.0,28,4.01,28.8,0.109,0.0
2022-06-01,26.7,19,5.48,31.9,0.109,0.0
2022-06-02,28.5,19,5.1,32.4,0.108,0.0
2022-06-03,26.2,33,4.69,32.5,0.108,0.0
2022-06-04,24.5,34,3.5,30.5,0.108,0.0
2022-06-05,26.0,40,3.85,31.2,0.108,0.0
2022-06-06,26.3,40,4.86,31.4,0.108,0.0
2022-06-07,27.4,28,5.71,32.4,0.107,0.0
2022-06-08,27.9,28,4.88,32.8,0.107,0.0
2022-06-09,28.9,30,5.28,34.1,0.107,0.0
2022-06-10,32.4,25,6.84,36.7,0.106,0.0
2022-06-11,33.0,25,7.55,37.3,0.106,0.0
2022-06-12,29.5,39,5.06,35.8,0.106,0.1
2022-06-13,24.4,31,4.42,31.4,0.106,0.0
2022-06-14,25.5,18,5.2,31.6,0.106,0.0
2022-06-15,28.5,16,6.04,33.7,0.105,0.0
2022-06-16,27.8,18,5.7,34.2,0.105,0.0
2022-06-17,19.5,37,2.64,28.3,0.105,0.0
2022-06-18,20.5,38,3.08,27.9,0.105,0.0
2022-06-19,23.1,30,3.94,28.9,0.104,0.0
2022-06-20,26.4,25,5.02,31.8,0.104,0.0
2022-06-21,30.3,16,7.18,34.4,0.104,0.0
2022-06-22,31.5,20,5.91,35.2,0.104,0.0
2022-06-23,31.8,19,6.36,36.9,0.104,0.0
2022-06-24,32.8,19,7.18,38.2,0.103,0.0
2022-06-25,33.5,16,7.88,38.7,0.103,0.0
2022-06-26,33.2,14,7.86,38.5,0.102,0.0
2022-06-27,34.1,15,8.36,38.7,0.102,0.0
2022-06-28,33.4,15,8.0,38.3,0.102,0.0
2022-06-29,32.2,13,7.26,38.2,0.101,0.0
2022-06-30,28.5,25,6.11,36.0,0.101,0.0
2022-07-01,27.8,28,5.86,34.9,0.101,0.0
2022-07-02,26.2,29,4.84,33.7,0.1,0.0
2022-07-03,23.1,39,3.77,31.1,0.1,0.0
2022-07-04,24.4,37,4.08,31.7,0.1,0.0
2022-07-05,26.8,46,4.18,34.1,0.1,0.0
2022-07-06,26.2,45,3.82,34.0,0.1,0.0
2022-07-07,27.0,40,4.72,34.4,0.099,0.0
2022-07-08,29.8,30,5.67,36.1,0.099,0.0
2022-07-09,29.3,31,5.59,35.5,0.099,0.0
2022-07-10,30.3,27,6.34,36.0,0.099,0.0
2022-07-11,32.8,21,7.37,38.0,0.098,0.0
2022-07-12,32.4,23,6.87,38.6,0.098,0.0
2022-07-13,29.9,31,5.76,36.9,0.098,0.0
2022-07-14,31.8,25,7.16,37.6,0.097,0.0
2022-07-15,32.5,21,7.39,38.3,0.097,0.0
2022-07-16,34.2,18,8.17,39.5,0.097,0.0
2022-07-17,36.0,16,8.57,40.9,0.096,0.0
2022-07-18,34.6,17,7.31,40.3,0.096,0.0
2022-07-19,34.2,15,7.34,39.8,0.096,0.0
2022-07-20,33.9,14,7.84,39.5,0.095,0.0
2022-07-21,33.1,14,7.78,38.5,0.095,0.0
2022-07-22,32.8,13,7.91,37.6,0.095,0.0
2022-07-23,31.8,13,7.52,37.5,0.094,0.0
2022-07-24,31.4,20,7.16,37.6,0.094,0.0
2022-07-25,31.2,25,6.62,37.6,0.094,0.0
2022-07-26,30.9,26,6.38,37.6,0.094,0.0
2022-07-27,31.1,24,6.53,36.9,0.093,0.0
2022-07-28,32.7,18,7.37,38.0,0.093,0.0
2022-07-29,32.5,27,7.12,38.6,0.093,0.0
2022-07-30,32.3,33,6.72,39.0,0.092,0.0
2022-07-31,32.3,32,6.21,39.1,0.092,0.0
2022-08-01,32.3,31,5.95,38.8,0.092,0.0
2022-08-02,32.4,31,6.08,38.6,0.091,0.0
2022-08-03,33.8,26,6.73,39.2,0.091,0.0
2022-08-04,34.6,26,6.95,40.5,0.091,0.0
2022-08-05,28.8,48,3.45,35.1,0.094,1.5
2022-08-06,28.5,43,4.94,35.9,0.09,0.0
2022-08-07,29.6,33,5.7,35.7,0.09,0.0
2022-08-08,29.2,32,5.25,34.9,0.09,0.0
2022-08-09,29.4,31,5.29,35.9,0.089,0.0
2022-08-10,28.0,34,5.2,35.1,0.09,0.0
2022-08-11,29.7,31,6.03,35.6,0.089,0.0
2022-08-12,29.7,26,6.35,35.5,0.089,0.0
2022-08-13,29.9,22,6.67,35.4,0.09,0.0
2022-08-14,30.3,20,6.75,35.6,0.089,0.0
2022-08-15,31.6,19,7.34,36.3,0.088,0.0
2022-08-16,33.1,17,8.14,37.7,0.088,0.0
2022-08-17,34.4,15,8.05,38.5,0.088,0.0
2022-08-18,33.3,21,7.37,38.4,0.088,0.0
2022-08-19,32.8,19,7.56,38.0,0.087,0.0
2022-08-20,32.7,21,7.7,38.0,0.087,0.0
2022-08-21,32.1,25,7.01,38.0,0.087,0.0
2022-08-22,30.7,29,6.4,36.4,0.086,0.0
2022-08-23,31.4,32,6.87,36.9,0.086,0.0
2022-08-24,32.9,26,7.46,38.0,0.086,0.0
2022-08-25,31.7,24,7.03,37.7,0.086,0.0
2022-08-26,30.6,29,6.82,36.8,0.085,0.0
2022-08-27,30.5,28,6.25,36.7,0.085,0.0
2022-08-28,28.9,33,5.31,35.6,0.085,0.0
2022-08-29,29.7,30,5.55,35.8,0.085,0.0
2022-08-30,30.9,26,6.65,36.5,0.085,0.0
2022-08-31,30.8,29,6.98,36.4,0.084,0.0
2022-09-01,32.4,20,7.85,36.8,0.084,0.0
2022-09-02,34.5,18,8.85,37.9,0.084,0.0
2022-09-03,33.5,15,7.85,37.7,0.084,0.0
2022-09-04,33.9,18,8.21,38.0,0.083,0.0
2022-09-05,35.1,16,8.67,39.2,0.083,0.0
2022-09-06,36.7,15,10.07,39.3,0.083,0.0
2022-09-07,36.5,17,8.97,39.7,0.082,0.0
2022-09-08,35.0,15,8.16,39.7,0.082,0.0
2022-09-09,34.9,19,7.92,38.7,0.082,0.0
2022-09-10,33.2,28,5.81,38.2,0.081,0.0
2022-09-11,30.7,35,5.21,36.5,0.081,0.0
2022-09-12,30.0,28,4.65,35.7,0.081,0.0
2022-09-13,26.7,32,4.12,33.4,0.081,0.0
2022-09-14,22.7,45,3.2,30.2,0.082,0.0
2022-09-15,22.7,47,3.03,29.4,0.079,0.0
2022-09-16,22.8,46,3.47,29.1,0.081,0.0
2022-09-17,23.3,45,3.52,29.5,0.081,0.0
2022-09-18,21.0,54,2.82,26.5,0.083,0.9
2022-09-19,19.2,75,0.84,22.6,0.123,5.7
2022-09-20,20.5,70,1.8,23.7,0.24,3.9
2022-09-21,20.9,57,2.14,24.4,0.246,0.0
2022-09-22,20.6,58,2.49,24.1,0.21,0.0
2022-09-23,21.7,58,3.17,25.0,0.183,0.0
2022-09-24,24.7,48,3.74,26.5,0.162,0.0
2022-09-25,25.8,48,3.99,28.7,0.146,0.0
2022-09-26,26.6,47,4.04,30.0,0.134,0.0
2022-09-27,25.6,42,4.03,29.7,0.125,0.0
2022-09-28,24.6,41,4.12,28.8,0.12,0.0
2022-09-29,24.3,48,3.58,28.7,0.116,0.0
2022-09-30,24.2,45,3.78,28.6,0.116,0.0
2022-10-01,24.1,42,3.97,28.8,0.112,0.0
2022-10-02,22.7,54,3.02,28.1,0.105,0.0
2022-10-03,22.8,51,3.17,27.6,0.106,0.0
2022-10-04,23.4,48,3.83,27.9,0.106,0.0
2022-10-05,24.2,45,4.33,28.2,0.107,0.0
2022-10-06,25.8,36,4.79,28.6,0.105,0.0
2022-10-07,25.3,36,4.7,28.9,0.105,0.0
2022-10-08,25.9,33,4.71,28.9,0.105,0.0
2022-10-09,25.1,37,4.37,29.0,0.105,0.0
2022-10-10,25.2,38,4.61,28.8,0.105,0.0
2022-10-11,24.9,33,4.68,28.5,0.105,0.0
2022-10-12,23.9,39,3.5,27.9,0.105,0.0
2022-10-13,23.3,45,3.57,27.5,0.105,0.0
2022-10-14,23.0,47,3.59,27.0,0.105,0.0
2022-10-15,22.7,49,3.26,26.6,0.105,0.0
2022-10-16,20.2,59,2.39,25.2,0.105,0.0
2022-10-17,19.7,58,2.59,24.3,0.105,0.0
2022-10-18,21.4,54,3.14,24.8,0.111,0.0
2022-10-19,22.6,46,3.65,25.3,0.113,0.0
2022-10-20,22.9,36,4.21,25.2,0.113,0.0
2022-10-21,23.2,31,4.01,25.5,0.113,0.0
2022-10-22,18.7,53,1.96,22.9,0.113,0.1
2022-10-23,15.7,36,2.33,20.1,0.114,0.0
2022-10-24,15.0,33,2.31,19.3,0.113,0.0
2022-10-25,16.0,35,2.56,19.6,0.114,0.0
2022-10-26,15.6,53,1.94,19.1,0.115,0.0
2022-10-27,14.5,41,2.17,18.2,0.117,0.0
2022-10-28,16.3,37,2.79,18.8,0.116,0.0
2022-10-29,15.7,47,2.13,19.2,0.115,0.0
2022-10-30,15.7,44,2.24,19.0,0.114,0.0
2022-10-31,16.2,44,2.25,18.4,0.114,0.0
2022-11-01,14.4,59,1.73,17.6,0.13,4.7
2022-11-02,11.2,70,1.15,15.1,0.208,1.4
2022-11-03,9.3,72,0.95,13.1,0.229,0.0
2022-11-04,9.5,59,1.2,13.0,0.214,0.0
2022-11-05,11.0,64,1.19,13.5,0.201,0.0
2022-11-06,13.7,70,0.92,14.9,0.193,3.7
2022-11-07,11.8,86,0.39,13.2,0.282,10.5
2022-11-08,10.4,80,0.59,11.1,0.354,12.8
2022-11-09,8.8,77,0.78,11.0,0.367,6.7
2022-11-10,7.8,79,0.77,10.7,0.322,0.0
2022-11-11,8.4,74,0.92,10.7,0.293,0.0
2022-11-12,9.2,73,0.97,11.2,0.271,0.0
2022-11-13,8.6,79,0.74,11.2,0.257,0.0
2022-11-14,8.0,71,1.09,10.6,0.241,0.0
2022-11-15,9.2,75,1.06,10.5,0.225,0.0
2022-11-16,9.5,67,1.21,10.7,0.211,0.0
2022-11-17,9.0,70,1.27,10.5,0.202,0.0
2022-11-18,8.3,79,0.92,10.3,0.191,0.0
2022-11-19,8.1,74,1.07,10.3,0.184,0.0
2022-11-20,7.9,69,1.31,9.7,0.168,0.0
2022-11-21,7.6,72,1.19,9.2,0.154,0.0
2022-11-22,8.2,69,1.2,9.1,0.144,0.0
2022-11-23,9.0,67,1.16,9.9,0.14,0.0
2022-11-24,10.7,62,1.53,10.5,0.138,0.0
2022-11-25,11.2,53,1.98,10.8,0.131,0.0
2022-11-26,9.5,59,1.44,10.2,0.131,0.0
2022-11-27,9.6,63,1.36,10.3,0.132,0.0
2022-11-28,9.0,68,1.24,10.0,0.126,0.0
2022-11-29,7.7,72,0.85,9.9,0.125,0.0
2022-11-30,7.7,67,1.17,9.3,0.12,0.0
2022-12-01,9.3,81,0.36,9.4,0.166,17.0
2022-12-02,6.8,80,0.64,8.6,0.308,1.4
2022-12-03,10.3,90,0.24,10.0,0.36,20.6
2022-12-04,13.1,87,0.62,12.8,0.394,24.4
2022-12-05,10.4,78,0.85,11.7,0.339,0.1
2022-12-06,9.0,79,0.87,10.5,0.312,0.2
2022-12-07,8.1,89,0.55,9.5,0.302,0.0
2022-12-08,7.4,85,0.66,8.8,0.292,0.0
2022-12-09,8.6,73,0.74,9.6,0.282,0.0
2022-12-10,11.1,74,0.65,10.1,0.328,22.7
2022-12-11,9.3,80,0.49,10.6,0.409,5.7
2022-12-12,7.7,73,0.71,9.4,0.377,0.8
2022-12-13,5.0,85,0.54,7.5,0.355,0.0
2022-12-14,4.8,86,0.53,7.2,0.342,0.0
2022-12-15,4.9,90,0.4,6.8,0.322,0.0
2022-12-16,4.1,92,0.4,6.8,0.309,0.0
2022-12-17,4.2,86,0.47,6.1,0.296,0.0
2022-12-18,3.3,90,0.42,5.6,0.286,0.0
2022-12-19,4.2,82,0.4,5.8,0.283,0.0
2022-12-20,4.8,83,0.66,6.3,0.278,0.0
2022-12-21,4.2,90,0.43,5.9,0.273,0.0
2022-12-22,4.5,87,0.46,6.2,0.27,0.0
2022-12-23,6.0,86,0.48,6.8,0.267,0.0
2022-12-24,5.6,89,0.39,6.4,0.257,0.0
2022-12-25,5.4,91,0.36,6.7,0.263,0.0
2022-12-26,6.3,89,0.54,6.6,0.263,0.9
2022-12-27,10.2,89,0.25,8.8,0.376,30.5
2022-12-28,9.2,87,0.54,9.3,0.386,0.0
2022-12-29,8.5,89,0.2,9.0,0.381,5.4
2022-12-30,11.5,92,0.2,10.6,0.411,14.3
2022-12-31,13.7,89,0.36,12.5,0.424,25.0
2023-01-01,9.6,77,0.7,10.8,0.406,1.7
2023-01-02,6.7,80,0.63,7.9,0.388,4.2
2023-01-03,9.5,77,0.74,9.5,0.386,0.0
2023-01-04,11.9,67,1.01,9.9,0.362,2.7
2023-01-05,11.5,86,0.33,11.2,0.426,26.8
2023-01-06,8.4,85,0.62,9.1,0.397,0.0
2023-01-07,9.5,74,0.74,9.4,0.373,0.8
2023-01-08,12.2,73,0.85,11.4,0.417,25.6
2023-01-09,13.3,87,0.27,12.1,0.428,46.1
2023-01-10,11.5,82,0.67,11.9,0.42,20.4
2023-01-11,8.7,79,0.39,9.1,0.397,0.7
2023-01-12,10.8,76,1.06,10.4,0.374,0.0
2023-01-13,11.3,77,0.8,11.1,0.357,1.3
2023-01-14,10.9,87,0.29,10.9,0.4,22.8
2023-01-15,9.0,85,0.5,9.7,0.417,8.4
2023-01-16,8.6,83,0.38,9.2,0.426,18.4
2023-01-17,7.2,86,0.47,8.4,0.409,1.7
2023-01-18,7.0,77,0.58,8.3,0.387,0.0
2023-01-19,7.5,77,0.63,8.9,0.382,2.9
2023-01-20,5.4,84,0.59,8.4,0.361,0.0
2023-01-21,5.2,88,0.47,7.8,0.355,0.0
2023-01-22,4.9,85,0.54,7.2,0.351,0.0
2023-01-23,4.9,66,0.7,7.1,0.335,0.0
2023-01-24,5.5,75,0.74,7.2,0.309,0.0
2023-01-25,6.7,78,0.75,7.7,0.304,0.0
2023-01-26,7.4,76,0.88,8.4,0.297,0.0
2023-01-27,7.7,74,0.9,8.4,0.284,0.0
2023-01-28,7.1,83,0.67,8.6,0.28,0.0
2023-01-29,6.4,82,0.57,7.9,0.287,0.2
2023-01-30,6.4,81,0.6,8.4,0.297,0.3
2023-01-31,4.9,72,0.73,7.3,0.292,0.0
2023-02-01,6.3,71,0.98,7.5,0.289,0.0
2023-02-02,7.6,73,0.98,7.9,0.281,0.0
2023-02-03,9.8,64,1.05,9.4,0.275,0.0
2023-02-04,10.1,72,1.04,9.8,0.273,1.0
2023-02-05,10.2,85,0.48,11.2,0.374,27.8
2023-02-06,6.1,88,0.42,8.2,0.374,0.3
2023-02-07,6.7,82,0.66,8.4,0.35,0.0
2023-02-08,7.7,87,0.75,9.1,0.338,0.0
2023-02-09,9.1,81,1.0,10.0,0.325,0.0
2023-02-10,10.7,77,1.25,10.7,0.314,0.0
2023-02-11,8.8,69,0.89,11.3,0.302,0.0
2023-02-12,8.2,82,0.73,10.4,0.3,0.7
2023-02-13,9.0,77,0.91,10.5,0.296,0.0
2023-02-14,8.2,54,0.95,10.1,0.277,0.0
2023-02-15,4.8,63,0.8,8.0,0.271,0.0
2023-02-16,5.6,65,1.11,7.6,0.264,0.0
2023-02-17,6.7,63,1.19,8.3,0.252,0.0
2023-02-18,7.1,71,1.12,8.5,0.255,0.0
2023-02-19,9.0,71,1.28,9.5,0.245,0.0
2023-02-20,9.8,69,1.35,10.7,0.229,0.0
2023-02-21,10.1,64,1.2,11.1,0.223,0.2
2023-02-22,5.1,67,0.66,8.8,0.229,4.4
2023-02-23,5.1,72,0.58,7.1,0.268,4.8
2023-02-24,6.6,78,0.63,7.0,0.374,48.4
2023-02-25,3.7,91,0.22,6.5,0.426,15.0
2023-02-26,6.5,79,0.64,7.6,0.412,1.7
2023-02-27,8.3,77,0.82,8.5,0.42,12.7
2023-02-28,6.8,85,0.47,7.3,0.417,7.6
2023-03-01,6.4,69,0.68,7.8,0.412,6.9
2023-03-02,5.6,71,0.72,8.2,0.384,0.0
2023-03-03,7.6,72,0.8,9.3,0.372,0.0
2023-03-04,8.7,71,0.77,10.2,0.36,1.7
2023-03-05,7.8,82,0.41,8.8,0.397,12.7
2023-03-06,8.1,71,0.76,9.6,0.397,0.2
2023-03-07,7.7,70,0.77,9.6,0.376,0.0
2023-03-08,7.4,72,0.73,9.6,0.366,0.3
2023-03-09,8.2,77,0.69,9.1,0.361,9.5
2023-03-10,13.9,89,0.36,12.2,0.432,45.0
2023-03-11,13.9,87,0.48,13.8,0.429,26.7
2023-03-12,13.6,83,0.81,13.9,0.425,29.0
2023-03-13,14.1,79,1.05,14.5,0.403,1.0
2023-03-14,13.9,86,0.4,13.7,0.415,12.6
2023-03-15,12.0,78,0.75,13.7,0.409,2.4
2023-03-16,11.9,75,0.99,13.6,0.384,0.0
2023-03-17,12.5,78,1.11,14.0,0.366,0.0
2023-03-18,13.1,70,1.39,14.3,0.347,0.0
2023-03-19,13.5,72,0.75,13.7,0.383,14.3
2023-03-20,13.3,77,0.94,14.5,0.388,4.2
2023-03-21,10.8,79,0.99,12.3,0.413,15.6
2023-03-22,9.6,80,0.62,10.8,0.405,1.5
2023-03-23,9.5,81,0.59,11.3,0.408,2.0
2023-03-24,9.1,65,1.01,11.1,0.386,0.0
2023-03-25,8.5,63,0.92,11.0,0.366,0.0
2023-03-26,8.2,62,1.06,10.5,0.349,0.0
2023-03-27,8.6,67,1.13,11.1,0.345,0.0
2023-03-28,10.8,69,0.9,11.2,0.363,12.5
2023-03-29,9.9,74,0.68,11.4,0.412,10.0
2023-03-30,9.0,76,0.77,11.3,0.406,2.1
2023-03-31,10.1,70,1.05,12.3,0.38,0.0
2023-04-01,10.7,74,1.17,13.1,0.357,0.0
2023-04-02,12.0,74,1.03,13.7,0.342,0.0
2023-04-03,9.1,52,1.02,12.1,0.318,0.0
2023-04-04,8.0,62,1.03,11.1,0.299,0.0
2023-04-05,8.5,65,1.08,11.7,0.287,0.0
2023-04-06,11.6,65,1.5,13.3,0.271,0.0
2023-04-07,13.9,63,1.23,14.8,0.251,0.0
2023-04-08,14.7,73,1.29,16.1,0.237,0.0
2023-04-09,15.8,70,1.61,17.3,0.219,0.0
2023-04-10,18.5,66,2.29,19.1,0.199,0.0
2023-04-11,16.9,70,1.31,19.3,0.182,0.0
2023-04-12,13.9,55,1.33,17.5,0.177,0.0
2023-04-13,11.6,53,1.31,15.9,0.166,0.0
2023-04-14,13.1,58,1.59,16.5,0.159,0.0
2023-04-15,15.0,62,1.83,18.0,0.15,0.0
2023-04-16,15.9,64,1.66,18.8,0.134,0.0
2023-04-17,14.5,57,1.55,18.1,0.129,0.0
2023-04-18,12.1,53,1.39,16.0,0.131,0.0
2023-04-19,12.3,49,1.55,16.0,0.127,0.0
2023-04-20,13.8,49,1.83,17.5,0.123,0.0
2023-04-21,17.1,52,2.18,20.2,0.115,0.0
2023-04-22,19.6,61,2.29,22.4,0.116,0.0
2023-04-23,20.6,55,2.19,23.4,0.117,0.0
2023-04-24,19.8,51,2.76,23.2,0.115,0.0
2023-04-25,18.9,50,2.54,23.0,0.118,0.0
2023-04-26,22.0,50,3.58,24.5,0.118,0.0
2023-04-27,23.1,45,4.0,25.7,0.116,0.0
2023-04-28,24.4,44,4.23,27.1,0.113,0.0
2023-04-29,25.2,41,3.88,28.3,0.113,0.0
2023-04-30,22.1,38,2.71,26.8,0.114,0.0
2023-05-01,14.8,49,1.98,21.9,0.115,0.4
2023-05-02,13.2,57,1.24,18.3,0.122,2.5
2023-05-03,13.5,58,1.82,17.6,0.134,0.0
2023-05-04,13.9,63,1.28,18.2,0.157,6.4
2023-05-05,14.8,63,1.38,18.8,0.169,0.3
2023-05-06,15.4,60,1.6,19.0,0.154,0.0
2023-05-07,16.5,59,1.99,20.2,0.142,0.0
2023-05-08,16.9,53,2.02,21.3,0.131,0.0
2023-05-09,16.7,55,1.76,21.2,0.123,0.0
2023-05-10,17.2,52,2.05,22.5,0.118,0.0
2023-05-11,18.1,50,2.53,23.2,0.114,0.0
2023-05-12,21.3,52,2.91,25.5,0.112,0.0
2023-05-13,24.8,52,3.88,28.6,0.111,0.0
2023-05-14,27.4,38,5.68,29.9,0.108,0.0
2023-05-15,26.2,42,4.85,30.5,0.101,0.0
2023-05-16,26.3,39,4.63,30.9,0.103,0.0
2023-05-17,27.7,34,5.24,31.7,0.108,0.0
2023-05-18,26.8,34,5.08,31.4,0.108,0.0
2023-05-19,25.7,38,4.52,31.0,0.108,0.0
2023-05-20,25.1,39,4.22,30.5,0.108,0.0
2023-05-21,25.6,39,4.57,31.1,0.108,0.0
2023-05-22,27.5,37,4.66,32.7,0.108,0.0
2023-05-23,23.8,39,3.79,31.1,0.107,0.0
2023-05-24,20.7,45,2.74,28.9,0.107,0.0
2023-05-25,20.2,49,2.7,28.2,0.107,0.0
2023-05-26,20.6,50,2.66,27.6,0.107,0.0
2023-05-27,22.6,46,3.01,28.9,0.108,0.0
2023-05-28,22.5,45,3.27,28.8,0.108,0.0
2023-05-29,22.0,45,2.96,29.0,0.108,0.0
2023-05-30,20.7,50,2.29,27.2,0.109,0.0
2023-05-31,21.2,47,2.71,28.1,0.109,0.0
2023-06-01,22.2,37,3.76,28.7,0.106,0.0
2023-06-02,22.3,41,3.84,28.6,0.109,0.0
2023-06-03,25.5,37,4.36,30.9,0.109,0.0
2023-06-04,28.2,29,5.08,32.8,0.109,0.0
2023-06-05,25.9,36,3.83,32.1,0.109,0.0
2023-06-06,21.8,54,1.96,28.4,0.12,1.0
2023-06-07,19.1,66,1.24,23.7,0.143,1.7
2023-06-08,22.5,53,2.56,26.9,0.151,0.0
2023-06-09,23.8,45,3.23,28.6,0.133,0.0
2023-06-10,21.5,46,2.83,25.6,0.158,3.5
2023-06-11,22.0,49,2.93,25.8,0.184,0.0
2023-06-12,22.1,53,2.52,27.5,0.161,0.0
2023-06-13,23.8,48,3.1,28.9,0.139,0.0
2023-06-14,25.7,44,3.62,30.8,0.123,0.0
2023-06-15,26.6,42,4.1,31.9,0.116,0.0
2023-06-16,26.7,39,4.14,32.3,0.113,0.0
2023-06-17,28.3,33,5.26,33.8,0.112,0.0
2023-06-18,26.7,35,4.3,32.9,0.111,0.0
2023-06-19,20.7,32,3.14,28.4,0.108,0.0
2023-06-20,20.5,34,3.34,27.0,0.111,0.0
2023-06-21,22.2,30,3.86,28.2,0.113,0.0
2023-06-22,21.7,40,3.44,28.7,0.111,0.0
2023-06-23,20.9,47,2.83,28.2,0.113,0.0
2023-06-24,22.9,42,3.47,28.8,0.113,0.0
2023-06-25,22.9,42,3.42,29.1,0.112,0.0
2023-06-26,23.0,42,3.72,29.4,0.113,0.0
2023-06-27,23.9,39,3.65,29.3,0.123,0.0
2023-06-28,25.6,39,4.12,30.3,0.129,0.0
2023-06-29,27.5,38,4.61,32.3,0.13,0.0
2023-06-30,31.5,32,6.8,34.7,0.129,0.0
2023-07-01,34.1,24,8.04,36.5,0.127,0.0
2023-07-02,35.1,19,8.39,37.8,0.125,0.0
2023-07-03,33.3,17,7.03,37.4,0.125,0.0
2023-07-04,30.3,21,5.98,36.0,0.125,0.0
2023-07-05,29.3,24,5.91,35.0,0.125,0.0
2023-07-06,27.1,31,5.0,33.5,0.125,0.0
2023-07-07,26.3,37,4.84,32.6,0.125,0.0
2023-07-08,25.7,32,4.59,31.9,0.125,0.0
2023-07-09,24.3,34,4.23,31.1,0.125,0.0
2023-07-10,24.9,35,4.7,31.0,0.125,0.0
2023-07-11,28.5,25,5.84,33.6,0.125,0.0
2023-07-12,30.1,20,6.55,34.8,0.125,0.0
2023-07-13,30.4,23,6.67,34.8,0.125,0.0
2023-07-14,31.4,26,6.81,35.4,0.125,0.0
2023-07-15,33.7,26,7.8,37.4,0.125,0.0
2023-07-16,35.2,22,8.76,38.6,0.125,0.0
2023-07-17,35.7,23,8.27,39.8,0.125,0.0
2023-07-18,33.9,22,7.44,39.1,0.125,0.0
2023-07-19,33.1,20,6.99,38.5,0.125,0.0
2023-07-20,32.2,22,7.26,37.5,0.125,0.0
2023-07-21,33.2,21,7.72,37.7,0.125,0.0
2023-07-22,34.9,21,8.22,38.9,0.125,0.0
2023-07-23,35.8,18,8.64,39.7,0.125,0.0
2023-07-24,32.8,18,7.13,37.8,0.125,0.0
2023-07-25,31.7,20,7.31,37.0,0.125,0.0
2023-07-26,32.8,19,7.66,37.8,0.125,0.0
2023-07-27,32.0,23,7.26,37.5,0.125,0.0
2023-07-28,30.9,21,6.97,36.4,0.125,0.0
2023-07-29,31.6,18,7.16,36.6,0.125,0.0
2023-07-30,31.8,17,7.41,36.5,0.125,0.0
2023-07-31,32.1,15,7.33,36.9,0.125,0.0
2023-08-01,30.7,20,6.31,36.7,0.125,0.0
2023-08-02,26.8,32,5.18,34.8,0.125,0.0
2023-08-03,25.7,35,4.54,33.0,0.125,0.0
2023-08-04,26.8,39,4.92,32.8,0.125,0.0
2023-08-05,29.7,29,5.93,34.3,0.125,0.0
2023-08-06,31.4,28,6.63,35.5,0.125,0.0
2023-08-07,31.9,23,7.2,36.6,0.125,0.0
2023-08-08,30.6,24,6.47,36.5,0.125,0.0
2023-08-09,28.5,32,5.61,35.3,0.125,0.0
2023-08-10,27.7,38,5.05,34.3,0.125,0.0
2023-08-11,28.6,39,4.71,34.8,0.125,0.1
2023-08-12,30.2,32,5.28,35.9,0.125,0.0
2023-08-13,32.0,27,5.85,36.8,0.125,0.0
2023-08-14,33.5,28,7.13,37.8,0.125,0.0
2023-08-15,33.8,25,7.56,38.4,0.125,0.0
2023-08-16,33.5,28,7.37,38.3,0.125,0.0
2023-08-17,34.0,27,7.21,38.6,0.125,0.0
2023-08-18,31.5,31,6.08,37.9,0.125,0.0
2023-08-19,30.0,37,5.53,36.1,0.126,0.5
2023-08-20,25.3,66,2.09,29.8,0.16,12.6
2023-08-21,24.9,67,2.84,28.0,0.283,3.1
2023-08-22,25.5,59,3.36,29.4,0.235,0.0
2023-08-23,27.6,46,4.45,30.9,0.196,0.0
2023-08-24,28.6,43,4.8,32.2,0.17,0.0
2023-08-25,27.6,40,4.51,32.6,0.154,0.0
2023-08-26,27.9,37,5.18,32.6,0.145,0.0
2023-08-27,27.9,31,5.57,32.1,0.142,0.0
2023-08-28,27.9,27,5.67,31.6,0.141,0.0
2023-08-29,28.4,24,5.92,31.7,0.137,0.0
2023-08-30,27.0,29,5.46,31.4,0.131,0.0
2023-08-31,28.8,27,6.8,32.0,0.128,0.0
2023-09-01,25.8,42,4.84,31.6,0.127,0.0
2023-09-02,23.7,54,2.72,29.9,0.123,0.0
2023-09-03,22.5,58,1.73,27.5,0.127,0.4
2023-09-04,22.6,54,2.96,28.2,0.129,0.0
2023-09-05,25.4,46,4.11,30.4,0.125,0.0
2023-09-06,26.6,40,4.25,31.7,0.123,0.0
2023-09-07,26.5,39,4.56,31.9,0.125,0.0
2023-09-08,27.9,35,5.54,32.4,0.126,0.0
2023-09-09,29.2,33,5.08,33.1,0.126,0.3
2023-09-10,28.9,34,4.67,33.3,0.126,0.0
2023-09-11,28.3,26,4.97,32.5,0.126,0.0
2023-09-12,26.9,33,4.79,31.8,0.125,0.0
2023-09-13,26.3,38,4.67,31.3,0.125,0.0
2023-09-14,27.6,38,4.57,32.2,0.125,0.0
2023-09-15,27.9,41,4.62,32.6,0.125,0.0
2023-09-16,26.8,45,4.01,32.1,0.125,0.0
2023-09-17,24.3,52,3.05,30.4,0.125,0.0
2023-09-18,23.5,49,2.89,29.4,0.125,0.0
2023-09-19,24.2,45,3.13,29.5,0.125,0.0
2023-09-20,24.9,46,3.41,30.2,0.125,0.0
2023-09-21,22.0,47,2.75,28.5,0.125,0.0
2023-09-22,21.8,47,3.11,27.9,0.124,0.0
2023-09-23,23.0,39,3.59,28.3,0.125,0.0
2023-09-24,22.8,39,4.02,28.0,0.125,0.0
2023-09-25,22.0,45,3.44,27.4,0.125,0.0
2023-09-26,22.5,48,3.28,27.3,0.123,0.0
2023-09-27,22.4,46,3.25,26.9,0.124,0.0
2023-09-28,21.9,48,3.2,26.4,0.124,0.0
2023-09-29,22.2,41,3.53,27.0,0.124,0.0
2023-09-30,18.5,59,1.91,23.9,0.13,5.0
2023-10-01,18.1,59,2.07,23.5,0.129,0.2
2023-10-02,19.7,55,2.52,24.4,0.128,0.0
2023-10-03,20.4,49,2.86,25.1,0.127,0.0
2023-10-04,22.6,45,3.9,26.2,0.126,0.0
2023-10-05,24.2,44,4.44,27.2,0.129,0.0
2023-10-06,24.5,47,4.57,27.3,0.131,0.0
2023-10-07,25.0,45,4.7,27.5,0.136,0.0
2023-10-08,25.5,37,4.82,27.5,0.139,0.0
2023-10-09,21.5,48,2.54,25.1,0.135,0.0
2023-10-10,20.1,54,2.21,24.1,0.134,0.0
2023-10-11,18.5,50,2.18,22.6,0.132,0.0
2023-10-12,17.6,45,2.11,21.5,0.135,0.0
2023-10-13,19.1,41,3.48,21.7,0.136,0.0
2023-10-14,19.9,40,3.14,22.7,0.135,0.0
2023-10-15,20.1,45,3.29,22.8,0.136,0.0
2023-10-16,21.1,48,3.2,23.3,0.134,0.0
2023-10-17,20.3,60,2.65,23.5,0.132,0.0
2023-10-18,21.3,52,3.33,23.5,0.131,0.0
2023-10-19,22.6,47,3.68,24.1,0.13,0.0
2023-10-20,23.6,39,4.17,25.0,0.129,0.0
2023-10-21,21.3,54,2.52,24.4,0.128,0.0
2023-10-22,18.9,61,1.9,23.2,0.128,0.0
2023-10-23,17.9,74,1.78,20.9,0.17,2.5
2023-10-24,18.3,69,1.69,21.4,0.174,0.0
2023-10-25,18.3,61,2.4,21.4,0.165,0.0
2023-10-26,15.6,55,1.78,19.7,0.156,0.0
2023-10-27,13.7,53,1.94,17.7,0.148,0.0
2023-10-28,12.8,50,1.75,16.4,0.147,0.0
2023-10-29,13.0,48,2.1,16.3,0.147,0.0
2023-10-30,13.5,43,2.38,16.2,0.145,0.0
2023-10-31,14.4,43,2.51,16.3,0.142,0.0
2023-11-01,14.7,47,2.58,16.2,0.146,0.0
2023-11-02,15.0,46,2.74,16.7,0.15,0.0
2023-11-03,16.4,45,2.3,17.7,0.147,0.0
2023-11-04,16.9,47,2.72,18.3,0.147,0.0
2023-11-05,17.5,53,2.34,18.6,0.146,0.0
2023-11-06,17.9,56,1.83,19.4,0.143,0.4
2023-11-07,15.4,68,1.34,17.7,0.154,1.9
2023-11-08,12.5,72,1.28,16.2,0.149,0.0
2023-11-09,11.9,62,1.72,15.3,0.147,0.0
2023-11-10,11.8,61,1.65,14.7,0.144,0.0
2023-11-11,12.3,60,1.68,14.5,0.144,0.0
2023-11-12,13.3,58,2.32,14.9,0.143,0.0
2023-11-13,14.9,38,2.45,15.9,0.139,0.0
2023-11-14,14.5,45,2.19,15.6,0.137,0.0
2023-11-15,13.6,52,1.89,14.2,0.147,2.9
2023-11-16,16.8,69,1.48,16.8,0.191,0.7
2023-11-17,15.3,76,1.52,16.5,0.195,2.7
2023-11-18,15.0,81,0.85,15.6,0.272,9.5
2023-11-19,12.2,71,1.14,14.0,0.329,0.5
2023-11-20,9.4,73,1.0,12.7,0.281,0.0
2023-11-21,10.9,67,1.52,12.6,0.25,0.0
2023-11-22,10.6,73,1.4,12.6,0.224,0.0
2023-11-23,11.9,72,1.23,13.5,0.202,0.0
2023-11-24,9.4,66,1.03,12.3,0.185,0.0
2023-11-25,8.8,76,1.07,11.2,0.169,0.0
2023-11-26,8.0,69,1.16,10.5,0.155,0.0
2023-11-27,8.3,63,1.35,10.2,0.146,0.0
2023-11-28,8.9,54,1.66,10.4,0.137,0.0
2023-11-29,9.5,57,1.15,11.2,0.132,0.0
2023-11-30,9.9,69,1.19,11.6,0.129,0.0
2023-12-01,9.8,71,1.02,11.6,0.126,0.2
2023-12-02,9.1,72,0.98,11.2,0.123,0.0
2023-12-03,9.6,78,0.82,11.3,0.12,0.0
2023-12-04,11.3,77,0.97,12.8,0.122,0.0
2023-12-05,10.9,74,1.3,12.3,0.12,0.0
2023-12-06,12.9,69,2.38,13.1,0.116,0.0
2023-12-07,12.4,69,1.16,13.4,0.126,0.0
2023-12-08,8.3,82,0.69,10.6,0.126,0.0
2023-12-09,6.5,78,0.91,9.5,0.126,0.0
2023-12-10,8.1,69,1.19,9.4,0.124,0.0
2023-12-11,8.0,73,1.01,9.3,0.122,0.0
2023-12-12,7.4,73,1.04,9.4,0.125,0.0
2023-12-13,8.3,66,1.27,9.8,0.12,0.0
2023-12-14,9.2,60,1.45,10.3,0.116,0.0
2023-12-15,9.4,59,1.55,10.5,0.115,0.0
2023-12-16,10.4,52,1.92,10.8,0.109,0.0
2023-12-17,10.9,50,1.73,11.3,0.104,0.0
2023-12-18,13.1,71,0.96,12.3,0.161,13.0
2023-12-19,14.1,87,0.49,13.9,0.264,5.0
2023-12-20,13.5,85,0.73,13.6,0.374,6.0
2023-12-21,12.0,91,0.4,12.8,0.384,2.1
2023-12-22,10.9,91,0.43,12.8,0.354,0.0
2023-12-23,10.0,89,0.58,12.0,0.34,0.0
2023-12-24,8.5,91,0.47,10.9,0.33,0.0
2023-12-25,8.8,89,0.45,10.8,0.32,0.0
2023-12-26,9.5,87,0.71,11.2,0.31,0.0
2023-12-27,11.2,78,0.8,11.6,0.297,0.0
2023-12-28,11.9,78,0.86,12.3,0.289,0.0
2023-12-29,12.2,74,0.96,12.5,0.278,0.0
2023-12-30,10.8,90,0.27,12.0,0.376,25.2
2023-12-31,9.9,85,0.59,11.2,0.347,0.0
2024-01-01,9.1,87,0.46,10.7,0.328,0.0
2024-01-02,7.9,87,0.52,9.7,0.315,1.3
2024-01-03,9.0,84,0.47,10.1,0.376,6.5
2024-01-04,6.5,84,0.59,9.1,0.344,0.0
2024-01-05,6.7,79,0.65,9.2,0.326,0.0
2024-01-06,5.8,80,0.4,7.6,0.319,2.2
2024-01-07,4.8,84,0.46,6.9,0.346,0.0
2024-01-08,3.8,76,0.54,6.4,0.328,0.0
2024-01-09,5.3,70,0.7,7.0,0.307,0.0
2024-01-10,7.8,75,0.58,8.9,0.3,9.2
2024-01-11,6.0,79,0.48,8.1,0.377,3.3
2024-01-12,4.1,75,0.76,6.6,0.335,0.0
2024-01-13,4.3,85,0.34,5.8,0.324,1.5
2024-01-14,8.4,83,0.6,8.8,0.321,0.2
2024-01-15,7.8,93,0.29,9.4,0.304,0.0
2024-01-16,7.7,86,0.6,9.4,0.295,0.0
2024-01-17,11.0,83,0.77,11.5,0.33,3.8
2024-01-18,9.1,89,0.52,10.3,0.319,0.0
2024-01-19,11.4,79,0.93,11.1,0.309,0.3
2024-01-20,13.2,80,0.75,12.6,0.342,7.1
2024-01-21,13.0,79,0.83,13.2,0.352,1.3
2024-01-22,11.9,85,0.43,12.4,0.391,18.8
2024-01-23,11.4,89,0.63,12.0,0.376,1.3
2024-01-24,10.6,94,0.18,11.3,0.385,6.8
2024-01-25,10.7,84,0.84,11.7,0.368,0.1
2024-01-26,9.5,85,0.76,11.0,0.35,0.0
2024-01-27,11.0,82,0.83,12.0,0.335,0.0
2024-01-28,11.2,84,0.88,12.2,0.318,0.0
2024-01-29,14.2,73,1.32,12.8,0.307,0.0
2024-01-30,13.0,78,1.26,13.1,0.301,0.0
2024-01-31,14.4,66,1.26,13.6,0.29,1.5
2024-02-01,12.0,81,0.67,12.8,0.389,24.4
2024-02-02,9.1,87,0.57,10.8,0.378,4.1
2024-02-03,9.1,78,0.66,10.2,0.361,0.3
2024-02-04,12.3,72,1.09,11.0,0.395,13.9
2024-02-05,12.0,81,0.66,12.2,0.374,1.7
2024-02-06,10.3,85,0.56,11.9,0.384,3.7
2024-02-07,8.1,88,0.52,9.9,0.384,14.2
2024-02-08,6.5,82,0.58,8.7,0.394,0.2
2024-02-09,6.0,77,0.73,8.2,0.371,0.0
2024-02-10,6.2,81,0.69,8.6,0.355,0.0
2024-02-11,6.8,76,0.78,8.8,0.341,0.0
2024-02-12,7.5,77,0.87,9.3,0.325,0.0
2024-02-13,8.4,78,0.83,9.7,0.313,0.0
2024-02-14,9.7,76,0.85,10.3,0.305,0.1
2024-02-15,11.4,82,0.77,12.3,0.341,4.7
2024-02-16,10.8,79,0.98,11.9,0.331,0.0
2024-02-17,11.1,85,0.64,11.4,0.334,5.3
2024-02-18,13.5,73,1.33,12.8,0.348,2.0
2024-02-19,14.1,79,0.63,13.9,0.404,13.0
2024-02-20,12.5,75,1.06,13.3,0.381,7.6
2024-02-21,11.5,79,0.76,12.8,0.392,0.5
2024-02-22,9.9,79,1.03,12.1,0.367,0.0
2024-02-23,9.9,84,0.7,11.6,0.346,0.0
2024-02-24,11.5,81,0.99,12.2,0.331,0.0
2024-02-25,12.3,75,1.32,13.0,0.315,0.0
2024-02-26,11.8,84,0.83,13.1,0.309,0.1
2024-02-27,12.0,79,0.88,13.5,0.307,0.4
2024-02-28,11.3,80,0.97,13.3,0.292,0.0
2024-02-29,12.5,71,1.17,13.5,0.28,0.0
2024-03-01,12.4,82,0.54,12.9,0.357,18.8
2024-03-02,10.6,79,0.55,12.2,0.411,20.4
2024-03-03,9.9,76,0.78,11.8,0.412,7.9
2024-03-04,10.1,72,0.89,12.1,0.382,0.0
2024-03-05,10.4,70,0.89,11.9,0.359,0.0
2024-03-06,10.8,75,1.05,12.4,0.345,0.7
2024-03-07,10.8,84,0.62,12.4,0.34,0.5
2024-03-08,11.4,74,0.96,12.8,0.33,0.0
2024-03-09,11.6,73,1.03,13.4,0.315,0.0
2024-03-10,12.2,78,0.99,14.3,0.305,0.0
2024-03-11,13.2,69,1.14,14.9,0.296,0.1
2024-03-12,12.1,78,0.62,13.9,0.312,3.7
2024-03-13,11.7,73,1.0,13.6,0.307,0.0
2024-03-14,12.0,58,1.62,13.4,0.284,0.0
2024-03-15,12.3,57,1.51,13.8,0.261,0.0
2024-03-16,13.1,59,1.61,14.5,0.241,0.0
2024-03-17,14.0,70,1.52,15.5,0.23,0.0
2024-03-18,15.1,71,1.6,16.5,0.216,0.0
2024-03-19,16.2,71,1.58,17.7,0.198,0.0
2024-03-20,16.3,64,2.25,17.9,0.184,0.0
2024-03-21,15.8,58,1.79,17.9,0.169,0.0
2024-03-22,17.1,59,2.31,18.7,0.165,0.0
2024-03-23,12.7,73,1.0,16.0,0.312,17.1
2024-03-24,10.1,80,0.76,12.7,0.342,2.1
2024-03-25,11.5,70,1.1,13.0,0.314,0.0
2024-03-26,12.5,71,1.17,14.5,0.284,0.0
2024-03-27,12.9,72,1.6,14.7,0.264,3.0
2024-03-28,13.2,73,1.17,14.9,0.278,2.5
2024-03-29,11.1,73,0.93,12.9,0.292,11.0
2024-03-30,12.2,70,1.1,13.5,0.368,6.5
2024-03-31,12.1,73,1.04,14.3,0.316,0.1
2024-04-01,13.0,74,1.35,15.3,0.287,0.0
2024-04-02,14.9,62,1.61,16.8,0.261,0.0
2024-04-03,16.5,63,1.93,18.3,0.238,0.0
2024-04-04,9.9,71,0.69,13.6,0.253,4.6
2024-04-05,7.7,73,0.54,11.0,0.333,4.9
2024-04-06,8.4,72,1.09,11.7,0.333,0.0
2024-04-07,10.5,62,1.27,12.9,0.298,0.0
2024-04-08,11.4,70,1.21,14.4,0.27,0.0
2024-04-09,13.9,64,1.56,16.1,0.244,0.0
2024-04-10,16.6,64,2.09,18.0,0.224,0.0
2024-04-11,18.8,68,2.47,19.8,0.204,0.0
2024-04-12,19.2,57,3.08,20.4,0.191,0.0
2024-04-13,12.0,73,1.43,15.2,0.23,14.4
2024-04-14,9.8,78,0.78,11.9,0.366,12.9
2024-04-15,12.1,73,1.08,13.9,0.327,0.1
2024-04-16,14.5,76,1.28,16.7,0.291,0.0
2024-04-17,17.2,76,1.63,18.8,0.265,0.0
2024-04-18,19.3,68,2.23,20.5,0.238,0.0
2024-04-19,19.8,66,2.06,21.5,0.215,0.0
2024-04-20,19.7,64,2.38,21.6,0.195,0.0
2024-04-21,19.9,66,2.01,22.4,0.18,0.0
2024-04-22,22.3,64,2.91,24.0,0.167,0.0
2024-04-23,18.3,61,1.88,23.2,0.156,0.0
2024-04-24,16.4,63,1.7,21.1,0.149,0.0
2024-04-25,16.8,58,2.01,20.7,0.145,0.0
2024-04-26,16.1,59,1.35,20.1,0.148,0.5
2024-04-27,16.3,59,1.97,19.8,0.155,0.0
2024-04-28,17.8,55,2.05,20.8,0.151,0.0
2024-04-29,18.1,45,2.44,21.4,0.145,0.0
2024-04-30,18.1,43,2.62,21.6,0.141,0.0
2024-05-01,18.1,38,2.68,21.6,0.14,0.0
2024-05-02,19.0,39,2.82,22.3,0.141,0.0
2024-05-03,20.5,53,2.58,23.7,0.14,0.0
2024-05-04,14.5,68,1.17,18.1,0.167,9.1
2024-05-05,12.1,58,1.56,15.8,0.246,0.0
2024-05-06,14.2,55,1.77,17.5,0.221,0.0
2024-05-07,16.5,57,2.11,19.2,0.196,0.0
2024-05-08,17.3,48,2.34,20.9,0.178,0.0
2024-05-09,20.6,47,3.61,23.3,0.161,0.0
2024-05-10,22.1,42,3.36,24.6,0.153,0.0
2024-05-11,23.5,43,4.22,26.1,0.148,0.0
2024-05-12,24.7,43,4.16,27.1,0.145,0.0
2024-05-13,24.6,37,3.8,27.3,0.141,0.0
2024-05-14,24.4,36,3.93,27.7,0.135,0.0
2024-05-15,25.3,40,3.57,28.6,0.131,0.0
2024-05-16,25.3,41,3.79,29.2,0.129,0.0
2024-05-17,23.6,48,3.46,28.5,0.13,0.0
2024-05-18,23.9,48,3.37,28.8,0.129,0.0
2024-05-19,22.8,45,3.61,28.3,0.127,0.0
2024-05-20,21.2,38,2.98,26.9,0.126,0.0
2024-05-21,22.2,34,3.52,27.1,0.127,0.0
2024-05-22,24.0,28,4.35,28.4,0.126,0.0
2024-05-23,22.4,40,3.39,27.8,0.126,0.0
2024-05-24,21.1,35,3.29,27.2,0.128,0.0
2024-05-25,18.9,50,2.57,25.7,0.127,0.0
2024-05-26,21.0,43,3.17,26.7,0.126,0.0
2024-05-27,24.3,39,3.94,28.9,0.126,0.0
2024-05-28,24.9,36,4.37,29.6,0.125,0.0
2024-05-29,24.0,32,3.85,28.8,0.125,0.0
2024-05-30,25.7,28,4.59,29.8,0.125,0.0
2024-05-31,27.3,27,5.27,31.2,0.125,0.0
2024-06-01,26.6,30,4.9,31.2,0.125,0.0
2024-06-02,23.7,41,3.5,29.3,0.125,0.0
2024-06-03,24.9,47,3.04,29.0,0.125,0.0
2024-06-04,25.6,44,4.08,31.2,0.125,0.0
2024-06-05,30.4,38,5.89,34.1,0.125,0.0
2024-06-06,32.9,31,7.08,35.9,0.125,0.0
2024-06-07,31.1,25,6.77,35.8,0.125,0.0
2024-06-08,27.0,35,4.95,33.1,0.125,0.0
2024-06-09,26.2,32,4.67,32.2,0.125,0.0
2024-06-10,27.0,36,4.7,32.5,0.125,0.0
2024-06-11,30.9,35,5.86,34.9,0.125,0.0
2024-06-12,31.9,31,6.6,36.3,0.125,0.0
2024-06-13,28.7,32,5.27,35.2,0.125,0.0
2024-06-14,27.8,27,5.81,33.4,0.125,0.0
2024-06-15,26.3,19,4.64,31.6,0.125,0.0
2024-06-16,26.0,25,4.81,30.6,0.125,0.0
2024-06-17,24.3,26,4.16,29.6,0.125,0.0
2024-06-18,24.5,15,4.67,29.4,0.125,0.0
2024-06-19,25.9,19,4.93,30.5,0.125,0.0
2024-06-20,26.2,26,4.9,31.2,0.125,0.0
2024-06-21,28.0,26,5.58,32.6,0.125,0.0
2024-06-22,31.1,26,6.76,35.0,0.125,0.0
2024-06-23,33.0,21,7.54,36.6,0.125,0.0
2024-06-24,32.8,24,7.13,37.0,0.125,0.0
2024-06-25,33.3,22,6.88,37.3,0.126,0.0
2024-06-26,31.7,15,5.92,35.8,0.131,0.0
2024-06-27,29.0,19,5.58,34.4,0.129,0.0
2024-06-28,28.6,23,5.73,34.3,0.126,0.0
2024-06-29,30.4,24,6.43,35.3,0.125,0.0
2024-06-30,30.5,27,5.76,35.2,0.125,0.0
2024-07-01,31.0,27,6.29,35.4,0.125,0.0
2024-07-02,33.0,21,7.37,36.6,0.125,0.0
2024-07-03,34.5,18,8.6,37.5,0.125,0.0
2024-07-04,35.5,19,8.86,38.3,0.125,0.0
2024-07-05,35.5,16,8.53,38.7,0.125,0.0
2024-07-06,36.0,21,9.47,39.4,0.125,0.0
2024-07-07,36.9,21,10.16,40.0,0.125,0.0
2024-07-08,35.9,19,9.25,40.0,0.125,0.0
2024-07-09,34.3,22,8.24,38.8,0.125,0.0
2024-07-10,33.9,26,8.44,38.8,0.125,0.0
2024-07-11,35.5,20,9.55,39.6,0.124,0.0
2024-07-12,36.2,19,9.42,40.0,0.124,0.0
2024-07-13,36.2,19,8.4,40.5,0.124,0.0
2024-07-14,34.3,24,7.07,39.7,0.124,0.0
2024-07-15,32.9,27,6.56,38.6,0.124,0.0
2024-07-16,31.2,28,6.16,37.2,0.124,0.0
2024-07-17,28.8,29,6.4,35.5,0.124,0.0
2024-07-18,31.0,25,6.82,36.0,0.124,0.0
2024-07-19,33.1,21,7.21,37.3,0.124,0.0
2024-07-20,34.6,19,7.76,39.0,0.124,0.0
2024-07-21,32.6,25,6.79,38.0,0.124,0.0
2024-07-22,34.3,24,7.73,39.0,0.124,0.0
2024-07-23,36.6,20,8.86,40.3,0.124,0.0
2024-07-24,36.9,18,8.11,40.4,0.124,0.0
2024-07-25,35.8,17,7.58,40.0,0.124,0.0
2024-07-26,33.7,15,7.66,39.0,0.124,0.0
2024-07-27,28.0,27,5.21,35.5,0.124,0.0
2024-07-28,26.4,36,4.98,33.9,0.124,0.0
2024-07-29,28.4,30,5.68,34.2,0.124,0.0
2024-07-30,28.8,31,5.8,34.4,0.124,0.0
2024-07-31,29.9,34,6.21,35.2,0.124,0.0
2024-08-01,32.0,25,7.14,36.5,0.124,0.0
2024-08-02,31.5,25,5.03,35.2,0.124,0.0
2024-08-03,32.7,27,6.66,36.6,0.124,0.0
2024-08-04,34.0,21,7.49,38.2,0.124,0.0
2024-08-05,33.6,23,7.73,38.1,0.124,0.0
2024-08-06,33.4,20,8.49,38.0,0.124,0.0
2024-08-07,35.0,16,8.75,38.6,0.124,0.0
2024-08-08,33.8,14,7.54,38.1,0.123,0.0
2024-08-09,33.1,18,7.41,37.3,0.123,0.0
2024-08-10,32.6,16,7.52,36.8,0.123,0.0
2024-08-11,32.8,18,7.51,37.1,0.123,0.0
2024-08-12,30.9,26,6.21,36.1,0.123,0.0
2024-08-13,29.5,20,5.94,35.0,0.123,0.0
2024-08-14,29.3,25,5.66,34.4,0.123,0.0
2024-08-15,29.3,26,5.72,33.8,0.123,0.0
2024-08-16,28.9,29,5.92,34.1,0.123,0.0
2024-08-17,28.3,33,4.89,33.8,0.123,0.0
2024-08-18,26.4,46,4.41,33.1,0.123,0.0
2024-08-19,27.9,31,5.36,33.5,0.123,0.0
2024-08-20,28.5,23,5.86,33.1,0.123,0.0
2024-08-21,28.3,28,5.39,33.3,0.123,0.0
2024-08-22,26.4,33,4.61,32.6,0.123,0.0
2024-08-23,22.4,44,3.14,29.7,0.123,0.0
2024-08-24,23.7,37,3.3,29.7,0.123,0.0
2024-08-25,23.7,38,3.8,29.4,0.124,0.0
2024-08-26,26.5,29,5.29,30.6,0.124,0.0
2024-08-27,28.7,24,6.2,32.1,0.124,0.0
2024-08-28,30.2,21,6.55,33.4,0.124,0.0
2024-08-29,29.8,20,6.11,33.9,0.124,0.0
2024-08-30,29.7,24,6.18,34.0,0.124,0.0
2024-08-31,30.3,26,6.37,34.5,0.124,0.0
2024-09-01,30.3,28,6.59,34.6,0.124,0.0
2024-09-02,28.7,29,5.68,33.8,0.124,0.0
2024-09-03,29.3,30,6.21,33.9,0.124,0.0
2024-09-04,31.4,25,6.81,34.7,0.124,0.0
2024-09-05,32.1,23,7.43,35.0,0.123,0.0
2024-09-06,32.4,17,7.26,35.6,0.123,0.0
2024-09-07,32.3,18,7.02,35.1,0.123,0.0
2024-09-08,31.8,20,7.0,35.1,0.123,0.0
2024-09-09,31.4,19,7.08,34.9,0.123,0.0
2024-09-10,28.4,28,5.54,33.3,0.123,0.0
2024-09-11,25.1,35,4.38,30.5,0.123,0.0
2024-09-12,23.2,48,3.39,29.1,0.123,0.0
2024-09-13,25.3,33,4.43,29.6,0.124,0.0
2024-09-14,26.3,30,4.98,30.5,0.124,0.0
2024-09-15,24.2,36,3.74,29.5,0.124,0.0
2024-09-16,19.0,47,2.41,26.2,0.124,0.0
2024-09-17,20.2,48,2.81,25.8,0.124,0.0
2024-09-18,21.9,46,2.65,26.7,0.124,0.0
2024-09-19,22.6,48,3.03,27.0,0.125,0.3
2024-09-20,23.5,46,3.25,28.0,0.125,0.0
2024-09-21,25.3,40,4.07,29.1,0.129,0.0
2024-09-22,26.4,40,4.6,30.0,0.13,0.0
2024-09-23,27.7,36,5.54,30.2,0.135,0.0
2024-09-24,28.7,31,6.41,30.7,0.137,0.0
2024-09-25,27.0,35,4.64,30.3,0.132,0.0
2024-09-26,24.8,38,4.47,29.2,0.132,0.0
2024-09-27,25.4,37,4.92,28.9,0.128,0.0
2024-09-28,26.2,32,5.19,29.4,0.127,0.0
2024-09-29,25.4,35,4.47,29.2,0.125,0.0
2024-09-30,26.0,37,5.12,29.1,0.126,0.0
2024-10-01,27.9,29,6.1,29.9,0.125,0.0
2024-10-02,28.9,26,6.81,30.7,0.125,0.0
2024-10-03,29.7,21,7.28,31.1,0.125,0.0
2024-10-04,30.0,20,6.99,31.5,0.125,0.0
2024-10-05,29.0,19,6.36,31.2,0.125,0.0
2024-10-06,28.7,24,6.27,31.0,0.125,0.0
2024-10-07,28.1,26,6.11,30.6,0.125,0.0
2024-10-08,27.6,24,5.55,30.4,0.125,0.0
2024-10-09,26.6,28,5.08,29.8,0.125,0.0
2024-10-10,24.6,35,3.78,27.6,0.125,0.0
2024-10-11,23.9,34,4.1,26.9,0.125,0.0
2024-10-12,22.6,41,3.35,26.0,0.125,0.0
2024-10-13,21.6,60,2.83,25.8,0.125,0.0
2024-10-14,22.1,55,2.85,25.9,0.125,0.0
2024-10-15,22.7,52,3.24,26.2,0.125,0.0
2024-10-16,21.0,61,2.27,24.4,0.135,9.9
2024-10-17,19.8,57,2.52,23.5,0.14,0.0
2024-10-18,16.8,30,2.34,21.6,0.138,0.0
2024-10-19,17.1,32,2.9,20.0,0.155,0.0
2024-10-20,18.2,28,3.53,20.2,0.156,0.0
2024-10-21,19.1,27,3.6,21.1,0.15,0.0
2024-10-22,18.5,36,3.27,20.9,0.153,0.0
2024-10-23,18.2,48,2.89,20.7,0.161,0.0
2024-10-24,17.7,41,2.56,19.9,0.153,0.0
2024-10-25,17.9,45,3.19,19.8,0.143,0.0
2024-10-26,18.2,44,2.94,20.0,0.14,0.0
2024-10-27,19.2,42,2.3,20.8,0.145,0.0
2024-10-28,17.1,52,1.71,20.1,0.137,0.1
2024-10-29,13.6,60,1.68,17.9,0.138,0.0
2024-10-30,13.1,52,1.9,16.7,0.137,0.0
2024-10-31,13.2,51,1.6,16.2,0.14,0.0
2024-11-01,12.8,61,1.52,16.2,0.138,0.0
2024-11-02,14.6,60,1.65,17.2,0.156,0.3
2024-11-03,13.0,66,1.44,16.4,0.16,0.0
2024-11-04,12.8,62,1.6,16.0,0.159,0.0
2024-11-05,13.0,56,1.83,15.6,0.157,0.0
2024-11-06,13.2,50,1.95,15.8,0.157,0.0
2024-11-07,12.4,50,2.19,14.9,0.153,0.0
2024-11-08,12.7,43,2.15,15.1,0.144,0.0
2024-11-09,12.8,46,2.12,14.8,0.142,0.0
2024-11-10,13.6,42,2.1,14.6,0.148,0.0
2024-11-11,11.8,59,2.01,13.4,0.16,5.2
2024-11-12,10.3,81,0.82,12.2,0.136,0.0
2024-11-13,10.9,74,1.18,11.5,0.11,0.0
2024-11-14,12.1,70,1.01,11.8,0.111,0.0
2024-11-15,10.3,74,0.75,11.8,0.112,0.9
2024-11-16,8.0,76,0.67,9.6,0.124,0.0
2024-11-17,8.9,62,0.98,9.7,0.108,0.0
2024-11-18,11.1,56,1.28,11.9,0.104,0.0
2024-11-19,8.6,58,1.04,9.4,0.103,0.0
2024-11-20,12.4,48,1.54,11.7,0.108,0.0
2024-11-21,14.6,34,2.13,13.7,0.092,0.0
2024-11-22,16.1,35,2.3,15.4,0.083,0.0
2024-11-23,14.4,80,0.78,14.8,0.171,10.3
2024-11-24,11.9,78,0.8,12.9,0.172,0.2
2024-11-25,11.8,82,0.43,11.5,0.206,7.6
2024-11-26,12.4,91,0.19,12.5,0.378,27.1
2024-11-27,10.5,86,0.48,11.9,0.306,0.0
2024-11-28,8.6,85,0.59,10.0,0.267,0.0
2024-11-29,7.9,89,0.49,9.3,0.249,0.0
2024-11-30,8.3,86,0.56,9.5,0.24,0.0
2024-12-01,10.8,81,0.71,10.7,0.25,0.8
2024-12-02,10.3,85,0.64,10.3,0.236,0.0
2024-12-03,10.4,85,0.74,10.5,0.227,0.0
2024-12-04,10.3,87,0.66,10.5,0.219,0.0
2024-12-05,10.5,87,0.61,10.8,0.214,0.0
2024-12-06,10.2,90,0.54,10.9,0.196,0.0
2024-12-07,9.8,85,0.69,10.3,0.178,0.0
2024-12-08,8.9,92,0.36,9.7,0.165,0.0
2024-12-09,7.8,90,0.51,9.3,0.161,0.0
2024-12-10,7.3,86,0.56,8.8,0.157,0.0
2024-12-11,7.5,73,1.02,7.4,0.14,0.0
2024-12-12,8.2,78,0.55,7.8,0.195,7.7
2024-12-13,9.7,82,0.44,9.5,0.193,0.0
2024-12-14,11.9,67,0.87,10.7,0.236,6.7
2024-12-15,8.3,82,0.57,8.9,0.288,0.0
2024-12-16,8.7,80,0.69,8.6,0.27,0.0
2024-12-17,9.9,88,0.36,10.2,0.257,0.0
2024-12-18,7.7,94,0.23,9.2,0.251,0.0
2024-12-19,7.9,93,0.28,9.2,0.235,0.0
2024-12-20,7.9,91,0.48,8.4,0.223,0.0
2024-12-21,11.4,82,0.86,10.4,0.215,0.0
2024-12-22,11.8,89,0.44,11.5,0.225,1.2
2024-12-23,12.7,85,0.67,12.2,0.217,0.0
2024-12-24,11.0,85,0.41,10.7,0.263,11.7
2024-12-25,8.0,90,0.38,8.8,0.266,0.0
2024-12-26,9.3,84,0.6,9.7,0.254,0.9
2024-12-27,11.6,88,0.49,11.3,0.334,7.1
2024-12-28,11.1,91,0.44,11.4,0.307,0.0
2024-12-29,10.7,90,0.45,10.9,0.282,0.7
2024-12-30,9.5,88,0.32,10.0,0.27,0.0
2024-12-31,6.9,91,0.27,8.2,0.262,0.0
2025-01-01,7.7,86,0.52,8.3,0.254,0.0
2025-01-02,7.6,88,0.58,8.6,0.24,0.0
2025-01-03,10.8,83,0.77,9.8,0.23,1.6
2025-01-04,9.7,82,0.62,9.8,0.242,0.0
2025-01-05,7.9,89,0.46,9.0,0.23,0.0
2025-01-06,8.3,89,0.45,8.8,0.22,0.0
2025-01-07,10.4,82,0.9,11.0,0.212,0.0
2025-01-08,9.7,73,0.91,9.9,0.199,0.0
2025-01-09,8.2,71,0.88,8.3,0.18,0.0
2025-01-10,9.3,68,1.08,8.6,0.156,0.0
2025-01-11,8.4,75,0.65,8.8,0.131,0.0
2025-01-12,7.8,71,0.78,8.3,0.116,0.0
2025-01-13,8.3,54,1.28,8.5,0.095,0.0
2025-01-14,8.3,48,1.38,9.1,0.086,0.0
2025-01-15,9.5,50,1.51,9.4,0.087,0.0
2025-01-16,9.5,51,1.44,9.6,0.085,0.0
2025-01-17,9.1,55,1.34,9.6,0.084,0.0
2025-01-18,9.1,63,1.13,10.1,0.078,0.0
2025-01-19,8.8,58,1.24,9.6,0.075,0.0
2025-01-20,8.1,73,1.01,9.6,0.085,0.0
2025-01-21,9.2,50,1.43,9.7,0.083,0.0
2025-01-22,8.5,59,1.32,9.5,0.087,0.0
2025-01-23,10.4,42,1.76,10.0,0.088,0.0
2025-01-24,10.5,47,1.62,9.9,0.096,0.0
2025-01-25,9.5,63,1.0,10.1,0.111,2.0
2025-01-26,8.4,76,0.62,9.5,0.138,3.4
2025-01-27,7.2,81,0.79,8.9,0.147,0.2
2025-01-28,7.1,72,0.82,8.2,0.129,0.0
2025-01-29,8.3,62,1.12,9.1,0.111,0.0
2025-01-30,8.1,64,1.17,9.5,0.094,0.0
2025-01-31,9.8,57,1.21,10.6,0.087,0.5
2025-02-01,13.2,62,1.22,13.2,0.092,0.4
2025-02-02,15.2,65,1.63,15.2,0.087,0.0
2025-02-03,14.7,53,1.59,14.9,0.075,0.0
2025-02-04,13.9,68,1.19,14.2,0.095,18.6
2025-02-05,10.8,66,0.96,12.2,0.227,2.4
2025-02-06,10.4,79,0.54,9.6,0.209,5.5
2025-02-07,12.5,74,0.83,12.5,0.231,2.4
2025-02-08,8.8,75,0.76,9.7,0.207,0.0
2025-02-09,6.8,78,0.62,8.5,0.185,0.0
2025-02-10,6.7,79,0.68,8.2,0.169,0.0
2025-02-11,7.9,65,0.98,8.4,0.152,0.0
2025-02-12,9.9,66,0.73,11.0,0.114,1.3
2025-02-13,12.2,89,0.69,11.7,0.306,26.1
2025-02-14,10.6,82,0.59,11.2,0.39,21.0
2025-02-15,8.7,85,0.55,9.8,0.344,0.0
2025-02-16,10.6,77,0.82,10.8,0.304,0.6
2025-02-17,11.0,79,0.75,11.3,0.279,0.0
2025-02-18,10.0,83,0.56,11.1,0.252,0.0
2025-02-19,12.2,77,0.97,12.3,0.234,0.0
2025-02-20,11.5,82,0.65,12.6,0.232,0.0
2025-02-21,11.2,79,1.07,11.7,0.223,0.0
2025-02-22,12.6,76,1.28,12.6,0.216,0.0
2025-02-23,13.7,75,1.32,13.7,0.19,0.0
2025-02-24,14.9,76,1.11,14.9,0.167,0.0
2025-02-25,13.4,80,0.83,14.1,0.153,0.0
2025-02-26,12.9,80,1.04,13.7,0.151,0.0
2025-02-27,14.7,68,1.69,14.2,0.134,0.0
2025-02-28,16.2,55,2.27,15.5,0.122,0.0
2025-03-01,15.6,58,1.88,16.4,0.114,0.0
2025-03-02,11.1,74,0.57,13.3,0.171,17.9
2025-03-03,9.8,77,0.8,10.9,0.289,1.0
2025-03-04,10.1,76,0.77,10.9,0.268,0.0
2025-03-05,9.8,91,0.17,10.4,0.31,13.3
2025-03-06,8.5,80,0.59,10.2,0.372,3.0
2025-03-07,8.8,77,0.89,10.0,0.328,0.0
2025-03-08,10.7,67,1.12,11.2,0.266,0.0
2025-03-09,12.6,63,1.65,12.3,0.231,0.0
2025-03-10,12.5,70,1.35,12.8,0.2,0.0
2025-03-11,13.2,69,1.21,13.6,0.167,0.0
2025-03-12,12.8,70,1.11,13.0,0.156,8.9
2025-03-13,8.1,83,0.5,10.1,0.295,12.2
2025-03-14,7.1,84,0.5,8.2,0.373,6.9
2025-03-15,10.0,77,0.85,10.7,0.345,0.0
2025-03-16,11.7,71,1.11,11.4,0.316,0.0
2025-03-17,10.9,81,0.52,11.2,0.364,18.8
2025-03-18,10.0,75,0.86,11.0,0.371,0.6
2025-03-19,10.9,72,1.12,11.4,0.341,0.0
2025-03-20,12.8,69,0.94,13.1,0.321,0.0
2025-03-21,12.3,73,1.09,13.1,0.296,0.0
2025-03-22,13.3,73,1.06,13.6,0.283,0.0
2025-03-23,14.7,81,0.93,15.3,0.254,0.0
2025-03-24,17.5,78,1.63,17.3,0.202,0.0
2025-03-25,19.9,72,2.28,19.0,0.164,0.0
2025-03-26,19.9,67,2.45,20.4,0.133,0.0
2025-03-27,17.5,61,2.01,19.0,0.117,0.0
2025-03-28,15.3,58,1.47,17.1,0.108,0.0
2025-03-29,14.0,54,1.54,16.4,0.097,0.0
2025-03-30,14.5,62,1.05,16.1,0.104,6.3
2025-03-31,13.8,81,0.62,14.7,0.246,11.3
2025-04-01,9.6,80,0.58,11.7,0.356,3.9
2025-04-02,9.6,76,0.76,11.2,0.349,1.4
2025-04-03,11.7,71,0.99,12.6,0.301,0.1
2025-04-04,13.1,68,1.22,13.9,0.255,0.0
2025-04-05,15.1,61,1.72,15.1,0.216,0.0
2025-04-06,16.6,59,2.3,16.4,0.17,0.0
2025-04-07,18.0,63,1.88,18.0,0.14,0.0
2025-04-08,18.2,57,2.18,19.0,0.116,0.0
2025-04-09,19.8,57,2.94,20.7,0.1,0.0
2025-04-10,21.9,55,3.41,22.7,0.095,0.0
2025-04-11,21.1,51,2.95,22.4,0.097,0.0
2025-04-12,20.1,40,2.97,22.6,0.09,0.0
2025-04-13,19.4,52,2.62,21.4,0.097,0.0
2025-04-14,22.2,48,3.46,23.1,0.096,0.0
2025-04-15,21.4,49,2.48,24.2,0.091,0.0
2025-04-16,18.1,53,1.91,22.0,0.09,0.2
2025-04-17,17.3,56,1.97,20.7,0.086,0.0
2025-04-18,17.3,56,2.1,20.1,0.086,0.0
2025-04-19,19.5,46,2.81,22.3,0.09,0.0
2025-04-20,20.8,43,3.12,23.7,0.089,0.0
2025-04-21,22.4,39,3.48,24.7,0.088,0.0
2025-04-22,23.1,41,3.58,25.6,0.088,0.0
2025-04-23,20.5,33,3.05,24.2,0.088,0.0
2025-04-24,17.5,48,2.42,21.9,0.088,0.0
2025-04-25,15.8,48,1.9,20.4,0.089,0.3
2025-04-26,13.1,58,1.1,17.6,0.092,0.6
2025-04-27,13.5,65,1.28,16.1,0.101,1.1
2025-04-28,16.6,59,2.11,19.1,0.092,0.0
2025-04-29,21.2,49,2.95,23.8,0.081,0.0
2025-04-30,23.6,41,3.36,26.1,0.087,0.0
2025-05-01,24.3,43,3.55,27.7,0.087,0.0
2025-05-02,24.0,43,3.8,27.8,0.087,0.0
2025-05-03,18.1,54,1.49,21.4,0.123,0.4
2025-05-04,16.3,64,1.5,17.8,0.211,0.5
2025-05-05,20.2,59,2.32,20.4,0.169,0.0
2025-05-06,22.5,43,3.8,23.1,0.113,0.0
2025-05-07,23.4,38,3.87,26.1,0.087,0.0
2025-05-08,25.4,36,4.68,28.2,0.087,0.0
2025-05-09,27.9,31,5.18,30.2,0.087,0.0
2025-05-10,29.4,25,5.61,31.9,0.087,0.0
2025-05-11,26.2,21,4.47,30.1,0.086,0.0
2025-05-12,18.6,40,2.61,24.7,0.086,0.0
2025-05-13,16.9,48,1.86,21.3,0.088,0.5
2025-05-14,20.1,40,2.74,23.5,0.088,0.0
2025-05-15,23.3,32,3.71,26.5,0.087,0.0
2025-05-16,25.1,30,4.05,28.4,0.087,0.0
2025-05-17,21.0,43,2.41,25.6,0.085,0.0
2025-05-18,21.1,39,3.24,24.6,0.083,0.0
2025-05-19,24.7,30,4.12,27.4,0.086,0.0
2025-05-20,25.3,32,4.47,28.4,0.086,0.0
2025-05-21,26.3,22,4.83,29.2,0.086,0.0
2025-05-22,26.8,21,4.73,29.7,0.085,0.0
2025-05-23,22.3,28,3.71,27.0,0.086,0.0
2025-05-24,23.2,36,3.79,27.6,0.086,0.0
2025-05-25,23.5,36,3.98,28.0,0.086,0.0
2025-05-26,21.6,39,3.28,26.2,0.087,0.0
2025-05-27,24.9,33,4.16,28.6,0.087,0.0
2025-05-28,26.5,31,4.58,30.3,0.087,0.0
2025-05-29,25.6,29,4.52,29.3,0.087,0.0
2025-05-30,30.4,31,5.67,32.9,0.087,0.0
2025-05-31,33.5,28,6.54,35.8,0.087,0.0
2025-06-01,31.8,23,6.44,35.7,0.087,0.0
2025-06-02,27.1,28,5.16,32.2,0.087,0.0
2025-06-03,27.3,29,4.74,31.8,0.087,0.0
2025-06-04,28.8,30,5.12,32.5,0.087,0.0
2025-06-05,28.0,32,4.83,32.5,0.087,0.0
2025-06-06,27.9,35,5.06,32.3,0.087,0.0
2025-06-07,29.3,32,5.24,33.2,0.087,0.0
2025-06-08,29.1,32,5.13,33.5,0.087,0.0
2025-06-09,30.0,35,5.65,34.2,0.087,0.0
2025-06-10,30.3,35,5.73,34.5,0.086,0.0
2025-06-11,28.2,25,5.35,32.5,0.086,0.0
2025-06-12,26.5,26,5.14,30.8,0.086,0.0
2025-06-13,27.4,24,5.25,31.2,0.086,0.0
2025-06-14,27.9,18,5.62,31.8,0.085,0.0
2025-06-15,28.7,20,6.06,32.3,0.085,0.0
2025-06-16,28.8,18,5.61,32.4,0.085,0.0
2025-06-17,27.4,23,5.22,31.0,0.086,0.0
2025-06-18,30.0,26,5.86,32.7,0.087,0.0
2025-06-19,30.7,22,6.44,34.2,0.084,0.0
2025-06-20,23.8,26,4.17,29.1,0.084,0.0
2025-06-21,21.5,30,3.41,26.1,0.087,0.0
2025-06-22,24.0,27,3.9,27.8,0.087,0.0
2025-06-23,26.3,24,4.6,29.8,0.087,0.0
2025-06-24,28.0,26,5.0,31.6,0.085,0.0
2025-06-25,28.1,27,5.49,31.9,0.087,0.0
2025-06-26,29.6,25,5.96,33.3,0.086,0.0
2025-06-27,30.6,27,6.26,34.3,0.086,0.0
2025-06-28,32.5,23,6.67,35.8,0.085,0.0
2025-06-29,32.7,23,6.45,36.4,0.084,0.0
2025-06-30,32.5,19,6.7,36.3,0.083,0.0
2025-07-01,31.9,22,6.18,35.8,0.083,0.0
2025-07-02,32.4,24,6.21,35.9,0.084,0.0
2025-07-03,31.5,28,6.62,35.9,0.087,0.0
2025-07-04,27.9,25,5.16,32.7,0.086,0.0
2025-07-05,27.1,22,5.12,31.5,0.087,0.0
2025-07-06,29.0,20,5.78,32.9,0.087,0.0
2025-07-07,30.5,21,6.26,34.3,0.086,0.0
2025-07-08,29.0,29,5.8,33.8,0.085,0.0
2025-07-09,28.4,32,5.76,32.9,0.084,0.0
2025-07-10,30.5,27,6.42,33.6,0.084,0.0
2025-07-11,33.7,21,7.36,35.9,0.085,0.0
2025-07-12,34.3,23,7.5,37.6,0.083,0.0
2025-07-13,32.7,27,6.83,36.9,0.081,0.0
2025-07-14,33.7,22,7.62,37.4,0.084,0.0
2025-07-15,32.3,23,6.67,36.4,0.088,0.0
2025-07-16,29.2,33,5.56,33.8,0.09,0.0
2025-07-17,29.2,35,5.48,33.9,0.088,0.0
2025-07-18,30.0,32,5.92,34.0,0.089,0.0
2025-07-19,30.2,29,6.04,32.9,0.092,0.0
2025-07-20,30.6,25,6.42,34.4,0.086,0.0
2025-07-21,27.8,36,4.79,32.8,0.088,0.0
2025-07-22,25.7,35,4.31,31.2,0.085,0.0
2025-07-23,25.9,39,4.42,31.0,0.079,0.0
2025-07-24,26.3,39,4.53,31.4,0.078,0.0
2025-07-25,26.6,38,4.25,31.4,0.07,0.0
2025-07-26,26.5,38,4.32,31.2,0.062,0.0
2025-07-27,27.1,36,4.75,31.6,0.063,0.0
2025-07-28,28.9,33,5.45,32.9,0.061,0.0
2025-07-29,30.0,29,5.65,33.8,0.059,0.0
2025-07-30,29.4,24,5.87,33.5,0.063,0.0
2025-07-31,29.2,32,5.8,33.2,0.065,0.0
2025-08-01,30.4,29,6.1,34.2,0.07,0.0
2025-08-02,29.4,32,6.0,33.3,0.08,0.0
2025-08-03,29.3,31,6.05,32.5,0.09,0.0
2025-08-04,27.4,26,4.78,31.5,0.086,0.0
2025-08-05,28.1,27,5.49,31.5,0.086,0.0
2025-08-06,29.9,27,6.22,32.2,0.09,0.0
2025-08-07,31.9,24,6.64,33.6,0.09,0.0
2025-08-08,31.7,27,7.01,33.2,0.092,0.0
2025-08-09,33.0,20,7.38,34.7,0.088,0.0
2025-08-10,33.8,24,7.57,35.8,0.087,0.0
2025-08-11,33.2,23,7.22,35.1,0.089,0.0
2025-08-12,32.3,25,6.81,34.7,0.088,0.0
2025-08-13,30.6,28,6.39,33.4,0.09,0.0
2025-08-14,28.6,38,5.24,32.3,0.089,0.0
2025-08-15,29.1,34,5.54,32.6,0.086,0.0
2025-08-16,27.9,41,4.45,32.7,0.082,0.0
2025-08-17,27.5,40,4.47,32.2,0.077,0.0
2025-08-18,26.8,30,4.7,31.0,0.074,0.0
2025-08-19,28.6,28,5.24,31.9,0.073,0.0
2025-08-20,29.3,22,5.77,32.2,0.074,0.0
2025-08-21,31.6,23,6.6,33.7,0.081,0.0
2025-08-22,33.6,22,7.39,35.0,0.089,0.0
2025-08-23,34.1,22,7.43,35.8,0.088,0.0
2025-08-24,34.4,29,6.8,36.7,0.09,0.0
2025-08-25,32.7,29,6.33,35.6,0.088,0.0
2025-08-26,32.7,29,5.86,35.4,0.085,0.0
2025-08-27,30.5,29,5.82,33.7,0.088,0.0
2025-08-28,29.4,32,5.81,32.8,0.087,0.0
2025-08-29,29.5,26,5.58,32.7,0.087,0.0
2025-08-30,31.0,26,6.55,33.3,0.088,0.0
2025-08-31,32.3,24,6.7,32.8,0.095,0.0
2025-09-01,32.9,20,7.32,33.9,0.089,0.0
2025-09-02,33.1,25,6.8,34.5,0.091,0.0
2025-09-03,30.2,33,5.79,33.4,0.088,0.0
2025-09-04,30.6,31,5.77,33.5,0.089,0.0
2025-09-05,28.1,38,4.99,31.6,0.088,0.0
2025-09-06,27.9,38,4.67,31.8,0.081,0.0
2025-09-07,26.5,35,4.54,30.2,0.078,0.0
2025-09-08,26.8,37,4.26,30.3,0.083,0.0
2025-09-09,25.2,48,3.21,29.3,0.067,0.0
2025-09-10,23.5,53,3.03,27.8,0.054,0.5
2025-09-11,23.4,52,3.01,27.0,0.041,0.0
2025-09-12,25.2,48,3.52,28.3,0.038,0.0
2025-09-13,26.9,41,3.99,30.0,0.039,0.0
2025-09-14,26.6,37,4.31,29.8,0.04,0.0
2025-09-15,27.3,34,5.07,29.9,0.056,0.0
2025-09-16,30.0,23,5.97,31.2,0.079,0.0
2025-09-17,30.0,29,5.75,30.7,0.093,0.0
2025-09-18,25.9,45,3.4,26.8,0.1,1.9
2025-09-19,24.0,70,2.57,26.3,0.111,2.0
2025-09-20,26.6,51,3.72,29.0,0.09,0.0
2025-09-21,28.0,39,4.11,30.5,0.082,0.0
2025-09-22,28.3,40,4.28,30.9,0.087,0.0
2025-09-23,29.2,36,5.31,31.3,0.086,0.0
2025-09-24,26.9,45,3.07,30.2,0.083,0.0
2025-09-25,26.4,45,3.32,29.1,0.071,0.3
2025-09-26,26.1,41,3.51,29.2,0.072,0.0
2025-09-27,27.2,43,3.92,30.2,0.075,0.0
2025-09-28,25.0,52,2.83,29.0,0.076,0.0
2025-09-29,23.5,58,2.52,27.6,0.068,0.1
2025-09-30,23.6,46,2.93,26.9,0.069,0.0
2025-10-01,23.0,47,2.85,26.2,0.063,0.0
2025-10-02,22.7,57,2.72,26.1,0.064,0.7
2025-10-03,19.4,58,2.03,23.2,0.067,0.6
2025-10-04,19.4,57,2.01,22.5,0.063,0.0
2025-10-05,21.5,45,2.92,24.2,0.068,0.0
2025-10-06,23.6,42,3.62,25.2,0.078,0.0
2025-10-07,24.4,40,3.96,26.2,0.083,0.0
2025-10-08,23.1,44,3.09,26.1,0.083,0.0
2025-10-09,20.6,51,2.36,23.8,0.083,0.0
2025-10-10,20.5,49,2.5,23.1,0.082,0.0
2025-10-11,19.1,49,2.45,21.7,0.082,0.0
2025-10-12,17.4,43,2.31,20.3,0.081,0.0
2025-10-13,16.0,47,1.46,18.1,0.081,0.3
2025-10-14,12.2,83,0.52,14.9,0.319,17.7
2025-10-15,13.4,76,0.95,14.9,0.293,0.0
2025-10-16,13.8,79,0.99,15.3,0.238,0.0
2025-10-17,15.4,75,1.34,16.4,0.187,0.0
2025-10-18,17.5,60,2.23,17.7,0.132,0.0
2025-10-19,18.7,57,2.65,18.8,0.1,0.0
2025-10-20,19.1,57,2.23,19.8,0.091,0.0
2025-10-21,19.7,59,2.31,19.8,0.103,0.0
2025-10-22,17.9,73,1.09,19.5,0.103,3.7
2025-10-23,16.4,80,1.11,17.7,0.13,0.0
2025-10-24,17.7,72,1.69,18.2,0.118,0.0
2025-10-25,17.3,70,1.61,17.8,0.104,0.0
2025-10-26,17.9,66,1.86,19.2,0.095,0.0
2025-10-27,15.4,75,1.13,17.6,0.095,0.0
2025-10-28,15.5,76,1.46,17.2,0.1,0.0
2025-10-29,17.1,70,1.78,17.7,0.098,0.0
2025-10-30,17.8,65,2.1,17.9,0.103,0.0
2025-10-31,17.9,73,1.7,18.6,0.1,0.0
2025-11-01,18.2,68,1.97,18.6,0.1,0.0
2025-11-02,18.0,68,1.85,18.7,0.092,0.0
2025-11-03,19.1,58,2.23,19.6,0.089,0.0
2025-11-04,17.6,57,1.87,19.1,0.088,0.0
2025-11-05,15.7,76,1.33,17.5,0.109,2.8
2025-11-06,15.6,82,1.07,17.0,0.14,0.0
2025-11-07,15.8,79,1.16,17.1,0.108,0.0
2025-11-08,16.6,80,1.39,18.3,0.091,0.0
2025-11-09,17.9,69,1.9,17.9,0.112,0.0
2025-11-10,17.7,73,1.9,17.6,0.108,0.0
2025-11-11,17.4,70,1.62,17.0,0.095,0.0
2025-11-12,19.5,58,1.94,19.8,0.091,0.1
2025-11-13,17.7,73,1.22,17.7,0.166,17.2
2025-11-14,15.6,91,0.35,16.5,0.322,5.6
2025-11-15,13.9,95,0.29,15.1,0.354,23.3
2025-11-16,12.8,91,0.32,13.8,0.397,14.1
2025-11-17,11.7,88,0.27,12.4,0.399,18.1
2025-11-18,10.6,85,0.6,11.9,0.376,1.5
2025-11-19,10.5,83,0.66,11.7,0.353,0.0
2025-11-20,10.3,89,0.27,11.3,0.357,2.5
2025-11-21,10.7,89,0.63,12.3,0.362,0.0
2025-11-22,10.5,86,0.56,11.6,0.347,0.0
2025-11-23,10.5,88,0.53,11.5,0.333,0.0
2025-11-24,9.4,94,0.29,11.0,0.324,0.0
2025-11-25,9.0,92,0.33,11.2,0.311,0.0
2025-11-26,7.9,91,0.35,10.6,0.295,0.0
2025-11-27,8.3,91,0.37,10.5,0.268,0.0
2025-11-28,7.3,92,0.35,9.3,0.242,0.0
2025-11-29,7.2,90,0.45,9.7,0.247,0.0
2025-11-30,6.5,88,0.32,8.8,0.234,0.0
2025-12-01,6.3,93,0.31,9.0,0.214,0.0
2025-12-02,6.2,92,0.37,7.5,0.212,0.0
2025-12-03,6.6,92,0.41,8.2,0.219,0.0
2025-12-04,6.1,93,0.35,8.0,0.207,0.0
2025-12-05,5.8,92,0.35,7.7,0.216,0.0
2025-12-06,5.9,90,0.36,7.4,0.223,0.0
2025-12-07,6.0,90,0.38,7.4,0.233,0.0
2025-12-08,5.3,93,0.28,7.4,0.226,0.0
2025-12-09,4.9,92,0.27,7.3,0.218,0.0
2025-12-10,4.5,92,0.25,6.6,0.206,0.0
2025-12-11,4.7,92,0.2,6.4,0.206,0.0
2025-12-12,4.9,92,0.35,6.3,0.207,0.0
2025-12-13,5.9,94,0.33,6.5,0.202,0.0
2025-12-14,5.8,94,0.27,6.9,0.198,0.0
2025-12-15,5.3,95,0.23,6.7,0.204,0.0
2025-12-16,6.3,88,0.31,6.9,0.208,0.0
2025-12-17,8.7,86,0.56,8.0,0.207,0.0
2025-12-18,10.0,90,0.42,9.9,0.204,0.0
2025-12-19,9.9,89,0.6,10.7,0.19,0.0
2025-12-20,11.4,84,0.69,11.1,0.189,1.3
2025-12-21,14.4,81,0.68,12.9,0.182,0.2
2025-12-22,13.6,85,0.78,13.4,0.173,0.0
2025-12-23,14.6,80,1.15,13.4,0.166,0.0
2025-12-24,14.9,80,1.07,14.0,0.346,39.9
2025-12-25,13.6,76,0.57,12.7,0.388,20.2
2025-12-26,12.2,83,0.52,12.5,0.379,7.5
2025-12-27,9.8,85,0.56,10.7,0.349,0.4
2025-12-28,8.1,92,0.36,9.6,0.322,0.0
2025-12-29,6.3,92,0.38,8.4,0.288,0.0
2025-12-30,6.3,89,0.48,7.2,0.273,0.0
2025-12-31,8.1,96,0.14,8.5,0.275,3.5
